ID,Title,Section,Priority,Business_Rule,Edge_Case_Refs,Preconditions,Test_Data,Steps,Assertions,Cross_Layer_Checks,Failure_Signals,Cleanup,References,Automation_Status
MSNF-001,Account sidebar exposes 'Missions & challenges' under Marketing and it opens the missions page,Loyalty > Missions > Access & Routing,Critical,BL-CROSS-006,,"[PRE:CLEAR_SESSION]
[PRE:SIGNIN_AS:USER_DEFAULT]
Store @td(MSN_STORE_SETTINGS.store_id) has @td(MSN_STORE_SETTINGS.setting_name)=true and @td(MSN_STORE_SETTINGS.base_setting_name)=true. The loyalty missions fixture set is seeded, so this account resolves roughly 14 published public missions through loyaltyMissionProgress.",front_url={{FRONT_URL}}; store_id=@td(MSN_STORE_SETTINGS.store_id); missions_flag=@td(MSN_STORE_SETTINGS.setting_name),"[NAV] {{FRONT_URL}}/account
[WAIT] the account dashboard and its left sidebar navigation have rendered
[ACT] read the sidebar group headings
[ACT] click the sidebar entry labelled 'Missions & challenges'
[WAIT] the missions page has rendered its heading and its card grid","[DOM] a sidebar group labelled 'Marketing' is present and contains an entry labelled 'Missions & challenges' {OBSERVED}
[NAV] activating that entry lands on {{FRONT_URL}}/account/missions {OBSERVED}
[DOM] the sidebar entry is present in its active state once the missions page is open {OBSERVED}
[DOM] an h1 heading naming the missions feature is visible, and no dotted translation key is present in it {OBSERVED}
[DOM] a page-level description paragraph below the heading is visible {OBSERVED}","[API] exactly one loyaltyMissionProgress query fires on page load and its errors[] is empty
[CONSOLE] no unhandled JS errors or Vue warnings during navigation",Sidebar entry missing while the flag is on; entry routes to a not-found page; entry rendered outside the Marketing group; heading shows a raw translation key,None — read-only navigation,VCST-5346 | Promoted: VCST-5346 (2026-08-27),Automated
MSNF-002,"Anonymous deep link to the missions page redirects to sign-in with returnUrl, matching the orders route control",Loyalty > Missions > Access & Routing,Critical,PROPOSED-BL-AUTH-019,,"[PRE:CLEAR_SESSION]
No storefront session exists — no auth cookie and no bearer token in browser storage.
Store @td(MSN_STORE_SETTINGS.store_id) has @td(MSN_STORE_SETTINGS.setting_name)=true and @td(MSN_STORE_SETTINGS.base_setting_name)=true. The loyalty missions fixture set is seeded, so this account resolves roughly 14 published public missions through loyaltyMissionProgress.",front_url={{FRONT_URL}},"[NAV] {{FRONT_URL}}/account/missions
[WAIT] navigation settles on its final URL
[ACT] record the final URL
[ACT] record the identity of the rendered page
[NAV] {{FRONT_URL}}/account/orders
[WAIT] navigation settles on its final URL
[ACT] record the final URL for the control route","[NAV] the anonymous request for /account/missions ends on the sign-in route rather than a not-found page {BL}
[NAV] the resulting sign-in URL carries a returnUrl parameter that resolves back to /account/missions {BL}
[DOM] the sign-in form is visible, and the missions heading, card grid and empty-state are all absent {BL}
[NAV] the control route /account/orders redirects to the same sign-in route with its own returnUrl {OBSERVED}
[STATE] both protected account routes therefore behave identically for an anonymous visitor {BL}","[API] no loyaltyMissionProgress query and no loyalty balance query is issued while unauthenticated, so no errors[] can be raised
[NETWORK] no 401 or 403 GraphQL call is fired before the redirect",The missions route renders a 404 page while the orders route redirects — the asymmetry that proves the missions route has no auth guard; returnUrl absent; returnUrl points at the account dashboard instead of the requested route,None — no session was created,VCST-5346,Draft
MSNF-003,Signing in from the missions redirect returns the visitor to the missions page,Loyalty > Missions > Access & Routing,High,PROPOSED-BL-AUTH-019,,"[PRE:CLEAR_SESSION]
No storefront session exists. Requesting {{FRONT_URL}}/account/missions while anonymous is expected to land on the sign-in page carrying a returnUrl for that route.
Store @td(MSN_STORE_SETTINGS.store_id) has @td(MSN_STORE_SETTINGS.setting_name)=true and @td(MSN_STORE_SETTINGS.base_setting_name)=true. The loyalty missions fixture set is seeded, so this account resolves roughly 14 published public missions through loyaltyMissionProgress.",front_url={{FRONT_URL}}; user_email={{USER_EMAIL}}; user_password={{USER_PASSWORD}},"[NAV] {{FRONT_URL}}/account/missions
[WAIT] the sign-in form has rendered with a returnUrl parameter in the address bar
[ACT] type {{USER_EMAIL}} into the sign-in email input
[ACT] type {{USER_PASSWORD}} into the sign-in password input
[ACT] click 'Sign in'
[WAIT] authentication completes and the browser settles on its post-login route","[NAV] the post-login route is {{FRONT_URL}}/account/missions rather than the generic account dashboard {BL}
[DOM] the mission card grid is visible after the redirect, with no second manual navigation {SPEC}
[STATE] the session is authenticated as the account bound to {{USER_EMAIL}} {BL}","[API] loyaltyMissionProgress fires after authentication and returns a non-empty items collection with an empty errors[]
[CONSOLE] no unhandled JS errors during the redirect",Post-login lands on the account dashboard and discards returnUrl; the missions page renders its empty state because the query fired before the token was attached; the returnUrl is dropped on a validation retry,Sign out through the account-menu popup in the top header,VCST-5346 | Promoted: REG-2026-09-07-1342 (2026-09-07),Automated
MSNF-004,Missions feature flag off removes the sidebar entry and the route renders no missions,Loyalty > Missions > Access & Routing,Critical,BL-CROSS-006,,"[PRE:CLEAR_SESSION]
[PRE:SIGNIN_AS:USER_DEFAULT]
REQUIRES AN ADMIN TOGGLE. Before execution, set @td(MSN_STORE_SETTINGS.setting_name) to false for store @td(MSN_STORE_SETTINGS.store_id) in the Admin store settings under the @td(MSN_STORE_SETTINGS.setting_group) group, leaving @td(MSN_STORE_SETTINGS.base_setting_name) true. The observed live value of the flag is @td(MSN_STORE_SETTINGS.missions_enabled), and the platform default is @td(MSN_STORE_SETTINGS.platform_default). The toggle MUST be restored in Cleanup or every other case in this suite is invalidated.",front_url={{FRONT_URL}}; store_id=@td(MSN_STORE_SETTINGS.store_id); missions_flag=@td(MSN_STORE_SETTINGS.setting_name); platform_default=@td(MSN_STORE_SETTINGS.platform_default),"[NAV] {{FRONT_URL}}/account
[WAIT] the account dashboard and its sidebar have rendered
[ACT] read every entry in the account sidebar
[NAV] {{FRONT_URL}}/account/missions
[WAIT] navigation settles on its final URL","[DOM] no entry labelled 'Missions & challenges' is present anywhere in the account sidebar {BL}
[DOM] the missions heading, the card grid, the balance banner and the redeem banner are all absent on the direct navigation {BL}
[NAV] the direct navigation resolves to a not-found page or redirects away, and never renders a partially built missions page {BL}","[API] no loyaltyMissionProgress query is issued on either navigation, so no errors[] can be raised behind a disabled gate
[CONSOLE] no unhandled JS errors from a component mounted behind a disabled flag","Sidebar entry still present with the flag off; the route renders an empty missions page instead of not rendering, which is a guard bypass; a mission query fires despite the gate",MANDATORY — restore @td(MSN_STORE_SETTINGS.setting_name) to true for store @td(MSN_STORE_SETTINGS.store_id) and confirm the missions page renders again before releasing the lane,VCST-5346 | Promoted: VCST-5346 (2026-08-27),Automated
MSNF-005,Base loyalty switch off — does it also gate the missions page?,Loyalty > Missions > Access & Routing,Medium,BL-CROSS-006,,"[PRE:CLEAR_SESSION]
[PRE:SIGNIN_AS:USER_DEFAULT]
HARD PRECONDITION — ISOLATION, NOT SCHEDULING: this case toggles the store-wide @td(MSN_STORE_SETTINGS.base_setting_name) setting. It MUST NOT run against a shared multi-tenant environment (e.g. vcst-qa) — 'schedule this case last' does not prevent a concurrent suite/session on the same store from observing the mid-run false state. Run only against an isolated environment (/qa-local-env) or a dedicated, non-shared store, with the toggle-off and restore-to-true performed by that environment's seeder/teardown rather than mid-suite. The live observed values on the shared env were base=@td(MSN_STORE_SETTINGS.base_loyalty_enabled) and missions=@td(MSN_STORE_SETTINGS.missions_enabled); the safety refusal to mutate them there was correct.",front_url={{FRONT_URL}}; store_id=@td(MSN_STORE_SETTINGS.store_id); base_flag=@td(MSN_STORE_SETTINGS.base_setting_name),"[NAV] {{FRONT_URL}}/account/missions
[WAIT] navigation settles and the page reaches a stable rendered state
[ACT] record which page regions have rendered","[DOM] is the mission card grid visible at all when the parent loyalty switch is off while the missions switch is on? {HYPOTHESIS}
[DOM] if the page renders, is the points-balance banner still visible with a balance, or is it suppressed with the base feature disabled? {HYPOTHESIS}
[DOM] exactly one of these holds: the mission card grid is visible in full, OR the route resolves to a not-found page or redirects away — a partially built page with a missing region is absent {BL}
[DOM] whichever way it resolves, no raw error text, stack trace or permanently spinning banner is visible to the customer {BL}","[API] whatever loyalty query is issued returns an empty errors[] rather than an unhandled server fault
[NETWORK] no 5xx on the GraphQL endpoint",An unhandled error is surfaced to the customer; the balance banner spins forever; the page renders half a layout with a missing region,"On the isolated environment: MANDATORY — the environment's own seeder/teardown restores @td(MSN_STORE_SETTINGS.base_setting_name) and @td(MSN_STORE_SETTINGS.setting_name) to true; confirm the missions page renders normally before releasing the environment. Never run this case, or leave the toggle flipped, on a shared environment.",VCST-5346,Draft
MSNF-006,Mission query failure renders the error view and 'Try again' refetches and recovers,Loyalty > Missions > Page States,Critical,BL-CROSS-011; BL-GQL-001,ECL-14.1,"[PRE:CLEAR_SESSION]
[PRE:SIGNIN_AS:USER_DEFAULT]
Store @td(MSN_STORE_SETTINGS.store_id) has @td(MSN_STORE_SETTINGS.setting_name)=true and @td(MSN_STORE_SETTINGS.base_setting_name)=true. The loyalty missions fixture set is seeded, so this account resolves roughly 14 published public missions through loyaltyMissionProgress.
BLOCKED ON TOOLING: this case needs a network-fault-injection primitive equivalent to Playwright's page.route(url).abort() (fail the first loyaltyMissionProgress request only, then restore) — none exists on the assigned browser-agent regression lane today (the MCP surface exposes only request/response inspection via browser_network_request(s), not interception; browser_run_code_unsafe is excluded per the real-user-interaction rule). Do not execute until such a probe ships (candidate: extend layout-runner.ts's CDP session, which already intercepts for [THROTTLE], with a [PROBE:NETFAULT] primitive).",front_url={{FRONT_URL}},"[ACT] arrange for the first loyaltyMissionProgress request from this page to fail
[NAV] {{FRONT_URL}}/account/missions
[WAIT] the page settles out of its loading state
[ACT] record the rendered failure surface
[ACT] restore normal network conditions for the lane
[ACT] click 'Try again' in the failure surface
[WAIT] the page settles out of its loading state a second time","[DOM] on failure an error empty-view containing a 'Try again' control is visible {SPEC}
[DOM] the visible error copy communicates a failure and is textually distinct from the no-missions empty state {BL}
[DOM] mission cards and the pager are absent while the error state is shown {SPEC}
[DOM] after 'Try again' the error empty-view is absent and the mission card grid is visible {SPEC}
[STATE] the recovered grid holds the same missions the account resolves normally, so the retry is a real refetch rather than a cached empty render {BL}","[API] exactly one additional loyaltyMissionProgress request is issued per 'Try again' click, and the successful one returns an empty errors[]
[CONSOLE] the failure is handled — no unhandled promise rejection is logged",Blank page or an endless skeleton instead of an error view; 'Try again' is inert and issues no new request; the error view is byte-identical to the empty state so a real outage reads as no missions,Restore normal network conditions for the lane,VCST-5346,Draft
MSNF-007,No missions available renders a dedicated empty state distinct from the error state,Loyalty > Missions > Page States,High,BL-CROSS-011,ECL-3.1,"[PRE:CLEAR_SESSION]
[PRE:SIGNIN_AS:USER_DEFAULT]
Store @td(MSN_STORE_SETTINGS.store_id) has @td(MSN_STORE_SETTINGS.setting_name)=true and @td(MSN_STORE_SETTINGS.base_setting_name)=true. The loyalty missions fixture set is seeded, so this account resolves roughly 14 published public missions through loyaltyMissionProgress.
BLOCKED ON DATA — no fixture yields an account for which loyaltyMissionProgress returns zero items. The seeded missions are published and public, so every signed-in customer on store @td(MSN_STORE_SETTINGS.store_id) resolves roughly 14 of them. Reaching this state needs a store with the missions flag on and no published public missions, or a customer scoped to such a store. Report BLOCKED with this reason unless that fixture exists at execution time.",front_url={{FRONT_URL}}; store_id=@td(MSN_STORE_SETTINGS.store_id),"[NAV] {{FRONT_URL}}/account/missions
[WAIT] the page settles out of its loading state
[ACT] record the rendered empty surface for comparison against the failure surface of the error-state case in this suite","[DOM] an empty-view stating that there are no missions is visible, with mission cards and the pager absent {SPEC}
[DOM] the visible empty-view copy differs from the query-failure copy, so an outage cannot be mistaken for an empty catalogue {BL}
[DOM] no 'Try again' control is present, because nothing failed {SPEC}
[DOM] the points-balance banner and the redeem banner are still visible above the empty-view {SPEC}","[API] loyaltyMissionProgress returns HTTP 200 with an empty items collection and an empty errors[]
[CONSOLE] no unhandled JS errors",Empty state and error state render identical copy; the whole page including the balance banner disappears when there are no missions; a 'Try again' control appears on a successful empty response,None — read-only,VCST-5346,Draft
MSNF-008,Balance-banner failure degrades gracefully and the mission list still renders,Loyalty > Missions > Page States,High,BL-CROSS-011,ECL-14.1,"[PRE:CLEAR_SESSION]
[PRE:SIGNIN_AS:USER_DEFAULT]
Store @td(MSN_STORE_SETTINGS.store_id) has @td(MSN_STORE_SETTINGS.setting_name)=true and @td(MSN_STORE_SETTINGS.base_setting_name)=true. The loyalty missions fixture set is seeded, so this account resolves roughly 14 published public missions through loyaltyMissionProgress.
BLOCKED ON TOOLING: this case needs a network-fault-injection primitive (fail only the points-balance request, leave mission-progress healthy) — none exists on the assigned browser-agent regression lane today; see MSNF-006's precondition for the same named gap and candidate fix.",front_url={{FRONT_URL}},"[ACT] arrange for the loyalty points-balance request to fail while leaving the mission-progress request healthy
[NAV] {{FRONT_URL}}/account/missions
[WAIT] the page settles out of its loading state","[DOM] the mission card grid is fully visible despite the balance failure {BL}
[DOM] the balance banner is either hidden or shows a contained fallback, and no permanently spinning skeleton is visible {BL}
[DOM] no raw error text, GraphQL message or stack frame is visible anywhere on the page {BL}
[DOM] the page-level error empty-view is absent — one failed side query must not blank the whole page {SPEC}","[API] the loyaltyMissionProgress request still returns HTTP 200 with an empty errors[]
[CONSOLE] the balance failure is caught — no unhandled promise rejection",The whole page falls into the error state because a secondary query failed; the balance banner is stuck on a skeleton; raw GraphQL error text is rendered in the banner,Restore normal network conditions for the lane,VCST-5346,Draft
MSNF-009,Points-balance banner shows the balance and its points-history control navigates,Loyalty > Missions > Page States,Medium,BL-GQL-003,,"[PRE:CLEAR_SESSION]
[PRE:SIGNIN_AS:USER_DEFAULT]
Store @td(MSN_STORE_SETTINGS.store_id) has @td(MSN_STORE_SETTINGS.setting_name)=true and @td(MSN_STORE_SETTINGS.base_setting_name)=true. The loyalty missions fixture set is seeded, so this account resolves roughly 14 published public missions through loyaltyMissionProgress.",front_url={{FRONT_URL}},"[NAV] {{FRONT_URL}}/account/missions
[WAIT] the mission card grid has rendered at least one card and no loading skeleton is visible
[ACT] read the balance value rendered in the banner
[ACT] click the points-history control in the balance banner
[WAIT] the points-history destination has rendered","[DOM] a numeric points balance is visible in the banner, with no dotted translation key and no 'NaN' present {OBSERVED}
[MATH] the balance rendered in the banner = the balance the loyalty points query returned for this account {BL}
[NAV] the points-history control navigates to the points-history route and that page renders {OBSERVED}","[API] the loyalty balance query returns HTTP 200 with an empty errors[]
[CONSOLE] no unhandled JS errors","Banner renders 'NaN', a blank value or a raw key; the history control is inert; the history route resolves to a not-found page",Navigate back to {{FRONT_URL}}/account/missions,VCST-5346 | Promoted: VCST-5346 (2026-08-27),Automated
MSNF-010,Redeem banner offers an actionable call to action that reaches the redeem catalogue,Loyalty > Missions > Page States,High,PROPOSED-BL-LOY-016,,"[PRE:CLEAR_SESSION]
[PRE:SIGNIN_AS:USER_DEFAULT]
Store @td(MSN_STORE_SETTINGS.store_id) has @td(MSN_STORE_SETTINGS.setting_name)=true and @td(MSN_STORE_SETTINGS.base_setting_name)=true. The loyalty missions fixture set is seeded, so this account resolves roughly 14 published public missions through loyaltyMissionProgress.
Design reference: the missions page frame specifies a redeem banner whose call to action takes the customer to the redeem catalogue. The storefront locale bundles carry a redeem-banner catalogue key in every shipped language.",front_url={{FRONT_URL}},"[NAV] {{FRONT_URL}}/account/missions
[WAIT] the mission card grid has rendered at least one card and no loading skeleton is visible
[ACT] read the static redeem banner rendered above the card grid
[ACT] click the redeem banner's call-to-action control
[WAIT] navigation settles on its destination","[DOM] an actionable call-to-action control is present in the redeem banner, rather than banner copy alone {SPEC}
[NAV] activating it navigates to the redeem catalogue route and that page renders its product grid {SPEC}
[DOM] the control's label is resolved copy, and no dotted translation key is present in it {SPEC}","[NETWORK] no 4xx or 5xx on the destination route, and any GraphQL call it makes returns an empty errors[]
[CONSOLE] no unhandled JS errors on activation","The redeem banner renders as inert decoration with no clickable call to action, so a translation key that ships in every locale bundle is referenced by no component and the designed action is unreachable; the control is present but navigates nowhere",Navigate back to {{FRONT_URL}}/account/missions,VCST-5346,Draft
MSNF-011,Card title uses the localized mission name and falls back to the stored name,Loyalty > Missions > Mission Card,High,PROPOSED-BL-CAT-013,,"[PRE:CLEAR_SESSION]
[PRE:SIGNIN_AS:USER_DEFAULT]
Store @td(MSN_STORE_SETTINGS.store_id) has @td(MSN_STORE_SETTINGS.setting_name)=true and @td(MSN_STORE_SETTINGS.base_setting_name)=true. The loyalty missions fixture set is seeded, so this account resolves roughly 14 published public missions through loyaltyMissionProgress.
The localized mission fixture is seeded with a localized name in the alternate locale as well as its default name.",front_url={{FRONT_URL}}; localized_default=@td(MSN_LOCALIZED.name_default); plain_mission=@td(MSN_ORDERCOUNT.name),"[NAV] {{FRONT_URL}}/account/missions
[WAIT] the mission card grid has rendered at least one card and no loading skeleton is visible
[ACT] read the card title rendered for the localized mission fixture
[ACT] read the card title rendered for a mission that carries no localized name","[DOM] the localized mission's card title is visible and reads @td(MSN_LOCALIZED.name_default) in the default storefront locale {OBSERVED}
[DOM] a mission with no localized name falls back to its stored name, and the title @td(MSN_ORDERCOUNT.name) is visible {OBSERVED}
[DOM] no card has an empty title, and the literal 'null' is absent from every card title {BL}","[API] loyaltyMissionProgress returns both fixtures with the expected name and localizedName shape and an empty errors[]
[CONSOLE] no unhandled JS errors",The card shows the raw stored name while a localized name exists; an empty title where the localized name is null; 'undefined' rendered as a title,None — read-only,VCST-5346 | Promoted: VCST-5346 (2026-08-27),Automated
MSNF-012,Card reward chip equals the mission reward across three fixtures,Loyalty > Missions > Mission Card,High,BL-GQL-003,,"[PRE:CLEAR_SESSION]
[PRE:SIGNIN_AS:USER_DEFAULT]
Store @td(MSN_STORE_SETTINGS.store_id) has @td(MSN_STORE_SETTINGS.setting_name)=true and @td(MSN_STORE_SETTINGS.base_setting_name)=true. The loyalty missions fixture set is seeded, so this account resolves roughly 14 published public missions through loyaltyMissionProgress.",front_url={{FRONT_URL}}; ordervalue_reward=@td(MSN_ORDERVALUE.reward); persku_reward=@td(MSN_PERSKU_ALL.reward); completed_reward=@td(MSN_PROGRESS_COMPLETED.reward),"[NAV] {{FRONT_URL}}/account/missions
[WAIT] the mission card grid has rendered at least one card and no loading skeleton is visible
[ACT] read the points chip on the card for @td(MSN_ORDERVALUE.name)
[ACT] read the points chip on the card for @td(MSN_PERSKU_ALL.name)
[ACT] read the points chip on the card for @td(MSN_PROGRESS_COMPLETED.name)","[MATH] the points chip on the card for @td(MSN_ORDERVALUE.name) = @td(MSN_ORDERVALUE.reward) {OBSERVED}
[MATH] the points chip on the card for @td(MSN_PERSKU_ALL.name) = @td(MSN_PERSKU_ALL.reward) {OBSERVED}
[MATH] the points chip on the card for @td(MSN_PROGRESS_COMPLETED.name) = @td(MSN_PROGRESS_COMPLETED.reward) {OBSERVED}
[FORMAT] each chip pairs its number with a resolved points unit label, not a bare integer and not a dotted key {OBSERVED}","[API] the reward value on each card matches the reward field the query returned for that mission, and errors[] is empty
[CONSOLE] no unhandled JS errors",Chip absent; chip shows the goal target instead of the reward; the number renders with no unit; the value disagrees with the API payload,None — read-only,VCST-5346 | Promoted: VCST-5346 (2026-08-27),Automated
MSNF-013,Card type label is correct for each of the four goal types and never leaks a raw enum,Loyalty > Missions > Mission Card,High,BL-GQL-003,,"[PRE:CLEAR_SESSION]
[PRE:SIGNIN_AS:USER_DEFAULT]
Store @td(MSN_STORE_SETTINGS.store_id) has @td(MSN_STORE_SETTINGS.setting_name)=true and @td(MSN_STORE_SETTINGS.base_setting_name)=true. The loyalty missions fixture set is seeded, so this account resolves roughly 14 published public missions through loyaltyMissionProgress.
All four goal-type fixtures are seeded and visible to this account at zero progress.",front_url={{FRONT_URL}}; ordervalue=@td(MSN_ORDERVALUE.name); ordercount=@td(MSN_ORDERCOUNT.name); persku_all=@td(MSN_PERSKU_ALL.name); persku_any=@td(MSN_PERSKU_ANY.name),"[NAV] {{FRONT_URL}}/account/missions
[WAIT] the mission card grid has rendered at least one card and no loading skeleton is visible
[ACT] page through the grid until all four goal-type fixture cards have been seen
[ACT] read the type label on each of the four cards","[DOM] the type label 'Order value' is visible on the card for @td(MSN_ORDERVALUE.name) {OBSERVED}
[DOM] the type label 'Order count' is visible on the card for @td(MSN_ORDERCOUNT.name) {OBSERVED}
[DOM] the type label 'Featured SKUs' is visible on the card for @td(MSN_PERSKU_ALL.name) {OBSERVED}
[DOM] the same 'Featured SKUs' label is visible on the card for @td(MSN_PERSKU_ANY.name), because both featured-SKU variants share one label {OBSERVED}
[DOM] the raw enums 'OrderValueGoal', 'OrderCountGoal', 'PerSkuAll' and 'PerSkuAny' are absent from every card {BL}","[API] each fixture's goal type in the response matches its seeded goal type, and errors[] is empty
[CONSOLE] no unhandled JS errors",A raw enum leaks into the label; two goal types collapse to one label; the label is absent for a type the mapper does not recognise,None — read-only,VCST-5346 | Promoted: VCST-5346 (2026-08-27),Automated
MSNF-014,"Card progress note is correct per goal type, including the featured-SKU-any form that carries no current value",Loyalty > Missions > Mission Card,Critical,BL-GQL-003,,"[PRE:CLEAR_SESSION]
IDENTITY, REPOINTED 2026-09-08 - MISSION-PROGRESS OWNER. Mission progress is PER USER and this case reads progress, so it must run as the account the progress was provisioned for. The missions seeder provisions it under PROGRESS_USER_ROLE='USER' (scripts/seed-data/loyalty/missions-specs.mjs), which scripts/lib/user-roles.mjs resolves through USER_EMAIL - the same account @td(MSN_PROGRESS_ORDER.user_email) records as owning the provisioning order @td(MSN_PROGRESS_ORDER.number). The former [PRE:SIGNIN_AS:USER_DEFAULT] was the WRONG identity: USER_DEFAULT is test-data/users/test-users.csv USER-001, a different account, for which loyaltyMissionProgress returns totalCount=0 with every mission at 0 percent and isStarted=false - that zero is CORRECT for that account, and it makes every progress assertion below vacuously satisfiable. USER_DEFAULT is deliberately NOT redefined (it is referenced far beyond missions), and there is no @td() alias for the USER role today, so [PRE:SIGNIN_AS:USER] does not resolve either; the sign-in therefore moved into Steps against {{USER_EMAIL}} / {{USER_PASSWORD}}, the env binding that resolves to the progress owner on every environment because the seeder resolves the same role the same way. PROVENANCE CONSEQUENCE: any {OBSERVED} tag on this case predates the repoint and was recorded against ZERO progress, so it does not carry over to the progress-bearing state this case now runs in; the tags are left in place rather than silently rewritten, and re-grounding them is Dimension 10 work for /qa-review-tests --verify.
Store @td(MSN_STORE_SETTINGS.store_id) has @td(MSN_STORE_SETTINGS.setting_name)=true and @td(MSN_STORE_SETTINGS.base_setting_name)=true. The loyalty missions fixture set is seeded, so this account resolves roughly 14 published public missions through loyaltyMissionProgress.
The four goal-type fixtures plus the partial-progress featured-SKU fixture are seeded and visible to this account.","front_url={{FRONT_URL}}; partial=@td(MSN_PROGRESS_PARTIAL.name); persku_any_slot_count=the number of featured-SKU rows the mission returns (the alias goal_target holds the goal-type flag, not a count); ordervalue_target=@td(MSN_ORDERVALUE.goal_target); ordercount_target=@td(MSN_ORDERCOUNT.goal_target)","[NAV] {{FRONT_URL}}/sign-in
[WAIT] the sign-in form has rendered its email input
[ACT] type {{USER_EMAIL}} into the sign-in email input
[ACT] type {{USER_PASSWORD}} into the sign-in password input
[ACT] click the sign-in submit control
[WAIT] authentication completes, the browser settles on its post-login route
[NAV] {{FRONT_URL}}/account/missions
[WAIT] the mission card grid has rendered at least one card and no loading skeleton is visible
[ACT] read the progress note under the progress bar on the partial-progress featured-SKU card
[ACT] read the progress note on the featured-SKU-any card
[ACT] read the progress note on the order-value card
[ACT] read the progress note on the order-count card","[DOM] the featured-SKU-all note is visible as a count of met SKU slots out of the target, in the form 'N of M SKUs' {OBSERVED}
[MATH] on @td(MSN_PROGRESS_PARTIAL.name) the met count in that note = the number of item rows in the RESPONSE whose currentQuantity has reached its targetQuantity, and is not the number of rows present {SPEC} DOWNGRADED FROM {OBSERVED} 2026-09-08, deliberately not upgraded: Phase 5 read '0 of 2' with 2 rows present, which does rule out the note counting ROWS, but cannot separate 'counts met rows' from 'always returns 0' — both readings predict '0 of 2' on this data, so the observation is not discriminating for this assertion. What would decide it: a fixture whose met count is NON-ZERO and NOT equal to its row count, read against the same response in one pass. THAT FIXTURE NOW EXISTS AND THIS CASE ADDRESSES IT (repointed 2026-09-08): on the mission-progress-owner identity @td(MSN_PROGRESS_PARTIAL.name) is InProgress with its row for @td(MSN_PERSKU_PRODUCT_A.sku) AT its target @td(MSN_PROGRESS_PARTIAL.target_qty_a) and its row for @td(MSN_PERSKU_PRODUCT_B.sku) SHORT of @td(MSN_PROGRESS_PARTIAL.target_qty_b), because the single provisioning order @td(MSN_PROGRESS_ORDER.number) buys @td(MSN_PROGRESS_ORDER.line_a_quantity) of A and @td(MSN_PROGRESS_ORDER.line_b_quantity) of B. The met count is therefore 1 of 2 rows - non-zero AND unequal to the row count - which separates 'counts met rows' from BOTH 'counts rows' and 'always returns 0'. The tag stays {SPEC} deliberately: no live pass on this identity is recorded yet, and the first run that reads it is what upgrades it
[DOM] the featured-SKU-any note is visible as 'at least 1 of M SKUs', where M is the mission's SKU-slot count and NOT the raw goal-type flag, and it deliberately carries no current value {OBSERVED}
[DOM] the order-value note is visible as the amount accrued so far TOGETHER WITH the spend target, in the form '<amount> of <target> spent', so the distance to the goal is readable on the card without opening the modal {OBSERVED}
[DOM] the order-count note is visible as 'N of M orders' {OBSERVED}
[DOM] the literals 'undefined', 'null' and 'NaN' are absent from every progress note, including where the backend returns a null money value {BL}","[API] the item rows behind the featured-SKU note match the items collection the query returned for that mission, and errors[] is empty
[CONSOLE] no unhandled JS errors",The featured-SKU-any note shows a fabricated current value; the featured-SKU-all note counts rows instead of met rows; the order-value note renders a raw null money value as 'null spent',None — read-only,"VCST-5346 | Promoted: VCST-5346 (2026-08-27) | Synced: PR #2471 (2026-09-08) — DRIFT: progress_spend gained a {target} placeholder in all 14 locales and presentOrderValue() now passes target alongside sum, so the one-figure form this row asserted no longer ships. Only that one assertion was re-pointed. Applied under the Dim-11 bar on two AGREEING applicable axes — source (PR #2471 diff plus the deployed lazy chunk) and live (reports/tickets/Sprint26-18/VCST-5825/testing-checklist.md: 3 en-US reads plus a de-DE read on theme 2.57.0-pr-2471); the docs axis is WAIVED, no VirtoOZ or Context7 missions documentation exists | Verified: Phase 5 (2026-09-08) on theme 2.57.0-pr-2471 — assertions 1, 3, 4, 5 and 6 re-confirmed live, so their {OBSERVED} now traces to this pass (en-US '$0.00 of $109.50 spent', '0 of 2 orders', 'at least 1 of 2 SKUs'; de-DE '0,00 $ von 50,00 $ ausgegeben', '0,00 $ von 7.200,00 $ ausgegeben', '0 von 2 Bestellungen', 'mindestens 1 von 1 SKUs' — {target} is populated with de-DE number and currency formatting, so the locale change is genuinely not en.json-only; 24 en-US cards plus 12 de-DE cards read, no undefined/null/NaN anywhere). Assertion 2 DOWNGRADED {OBSERVED} -> {SPEC}, see its own inline note | Repointed: 2026-09-08 — identity moved from USER_DEFAULT to the MISSION-PROGRESS OWNER ({{USER_EMAIL}}, the seeder PROGRESS_USER_ROLE=USER account). Reason: this case reads the met-SKU-slot count, the accrued-vs-target spend figure and the N-of-M order count, and mission progress is per-user - as USER_DEFAULT loyaltyMissionProgress returns totalCount=0 and every such assertion is vacuous. USER_DEFAULT itself is unchanged; no @td() alias exists for the USER role, so the sign-in moved into Steps against the {{USER_EMAIL}}/{{USER_PASSWORD}} env binding",Automated
MSNF-015,"Progress bar and percent match the backend percentage at 25, 75 and 100 percent",Loyalty > Missions > Mission Card,Critical,BL-GQL-003,,"[PRE:CLEAR_SESSION]
IDENTITY, REPOINTED 2026-09-08 - MISSION-PROGRESS OWNER. Mission progress is PER USER and this case reads progress, so it must run as the account the progress was provisioned for. The missions seeder provisions it under PROGRESS_USER_ROLE='USER' (scripts/seed-data/loyalty/missions-specs.mjs), which scripts/lib/user-roles.mjs resolves through USER_EMAIL - the same account @td(MSN_PROGRESS_ORDER.user_email) records as owning the provisioning order @td(MSN_PROGRESS_ORDER.number). The former [PRE:SIGNIN_AS:USER_DEFAULT] was the WRONG identity: USER_DEFAULT is test-data/users/test-users.csv USER-001, a different account, for which loyaltyMissionProgress returns totalCount=0 with every mission at 0 percent and isStarted=false - that zero is CORRECT for that account, and it makes every progress assertion below vacuously satisfiable. USER_DEFAULT is deliberately NOT redefined (it is referenced far beyond missions), and there is no @td() alias for the USER role today, so [PRE:SIGNIN_AS:USER] does not resolve either; the sign-in therefore moved into Steps against {{USER_EMAIL}} / {{USER_PASSWORD}}, the env binding that resolves to the progress owner on every environment because the seeder resolves the same role the same way. PROVENANCE CONSEQUENCE: any {OBSERVED} tag on this case predates the repoint and was recorded against ZERO progress, so it does not carry over to the progress-bearing state this case now runs in; the tags are left in place rather than silently rewritten, and re-grounding them is Dimension 10 work for /qa-review-tests --verify.
Store @td(MSN_STORE_SETTINGS.store_id) has @td(MSN_STORE_SETTINGS.setting_name)=true and @td(MSN_STORE_SETTINGS.base_setting_name)=true. The loyalty missions fixture set is seeded, so this account resolves roughly 14 published public missions through loyaltyMissionProgress.
The three progress fixtures are seeded and their aliases record the values captured at seed time (a per-account runtime value that a later order can move, so it is read from the response at run time and the alias figures are the intended spread, not a pinned expectation): ending-soon at @td(MSN_ENDING_SOON.progress_percentage), partial at @td(MSN_PROGRESS_PARTIAL.progress_percentage) and completed at @td(MSN_PROGRESS_COMPLETED.progress_percentage).",front_url={{FRONT_URL}}; ending_soon_pct=@td(MSN_ENDING_SOON.progress_percentage); partial_pct=@td(MSN_PROGRESS_PARTIAL.progress_percentage); completed_pct=@td(MSN_PROGRESS_COMPLETED.progress_percentage),"[NAV] {{FRONT_URL}}/sign-in
[WAIT] the sign-in form has rendered its email input
[ACT] type {{USER_EMAIL}} into the sign-in email input
[ACT] type {{USER_PASSWORD}} into the sign-in password input
[ACT] click the sign-in submit control
[WAIT] authentication completes, the browser settles on its post-login route
[NAV] {{FRONT_URL}}/account/missions
[WAIT] the mission card grid has rendered at least one card and no loading skeleton is visible
[ACT] read the percent label on the card for @td(MSN_ENDING_SOON.name)
[ACT] measure the progress-bar fill width on the card for @td(MSN_ENDING_SOON.name)
[ACT] read the percent label on the card for @td(MSN_PROGRESS_PARTIAL.name)
[ACT] measure the progress-bar fill width on the card for @td(MSN_PROGRESS_PARTIAL.name)
[ACT] read the percent label on the card for @td(MSN_PROGRESS_COMPLETED.name)
[ACT] measure the progress-bar fill width on the card for @td(MSN_PROGRESS_COMPLETED.name)","[MATH] the percent on the card for @td(MSN_ENDING_SOON.name) = the percentage field the response returned for that mission {BL}
[MATH] the percent on the card for @td(MSN_PROGRESS_PARTIAL.name) = the percentage field the response returned for that mission {BL}
[MATH] the percent on the card for @td(MSN_PROGRESS_COMPLETED.name) = the percentage field the response returned for that mission {BL}
[STATE] at fixture capture those three read @td(MSN_ENDING_SOON.progress_percentage), @td(MSN_PROGRESS_PARTIAL.progress_percentage) and @td(MSN_PROGRESS_COMPLETED.progress_percentage) percent respectively, which is the intended low, partial, complete spread — a run where all three now read the same value means the fixtures have drifted, not that the UI is wrong {OBSERVED} REPOINT NOTE 2026-09-08: on the mission-progress-owner identity the live spread is 0 / @td(MSN_PROGRESS_PARTIAL.progress_percentage) / @td(MSN_PROGRESS_COMPLETED.progress_percentage) - @td(MSN_ENDING_SOON.name) carries NO progress record for this account, so the low end reads 0 rather than its declared figure, and that zero is correct rather than drift. What this assertion requires is that the three readings DIFFER (a non-degenerate low/partial/complete spread), not that each equals its declared number; three EQUAL readings are the drift signal
[MATH] each rendered percent = the backend percentage rounded to at most one decimal place {OBSERVED}
[MATH] each progress-bar fill width as a fraction of its track = the rendered percent, within 1 percentage point {OBSERVED}
[DOM] no progress bar overflows its track, and no percent below zero or above 100 is present {OBSERVED}","[API] the percentage field for each of the three missions equals the value rendered, and errors[] is empty
[CONSOLE] no unhandled JS errors",Percent and bar disagree; the bar renders full at 25 percent; the percent shows many decimal places; a value above 100 renders as an overflowing bar,None — read-only,"VCST-5346 | Promoted: VCST-5346 (2026-08-27) | Repointed: 2026-09-08 — identity moved from USER_DEFAULT to the MISSION-PROGRESS OWNER ({{USER_EMAIL}}, the seeder PROGRESS_USER_ROLE=USER account). Reason: this case reads the percent label and the progress-bar fill against the backend percentage, and mission progress is per-user - as USER_DEFAULT loyaltyMissionProgress returns totalCount=0 and every such assertion is vacuous. USER_DEFAULT itself is unchanged; no @td() alias exists for the USER role, so the sign-in moved into Steps against the {{USER_EMAIL}}/{{USER_PASSWORD}} env binding",Automated
"MSNF-016","Featured-SKU-any progress is binary — the card never shows an intermediate percentage","Loyalty > Missions > Mission Card","High",,,"[PRE:SIGNIN_AS:USER_DEFAULT]
Store @td(MSN_STORE_SETTINGS.store_id) has @td(MSN_STORE_SETTINGS.setting_name)=true and @td(MSN_STORE_SETTINGS.base_setting_name)=true. @td(MSN_PERSKU_ANY.name) visible on the missions page.","front_url={{FRONT_URL}}","[NAV] {{FRONT_URL}}/account/missions
[WAIT] the mission card grid has rendered at least one card and no loading skeleton is visible
[ACT] read the percent on the card for @td(MSN_PERSKU_ANY.name)
[ACT] read the progress-bar fill state on that same card","[MATH] the percent on the featured-SKU-any card = 0 or = 100, and never a value between them {DOC} source: LoyaltyMissionLogicService.cs:~442-443 — PerSkuAny's Percentage is computed as a binary completed?100:0, never a proportional value; CONFIRMED from source 2026-08-28, not a live suspicion (revises the prior {OBSERVED} tag, which certified only the current build's behavior, not the mechanism)
[DOM] with no SKU slot satisfied the card shows zero percent and an empty progress bar is visible {OBSERVED}
[DOM] the progress note is still visible as 'at least 1 of M SKUs' at zero percent, with no current value interpolated {OBSERVED}",,"An intermediate percentage (0 < x < 100) is rendered on a featured-SKU-any card (would mean the binary short-circuit in LoyaltyMissionLogicService no longer holds — a real regression, not a test-case correction)","none — read-only","VCST-5346 | Promoted: VCST-5346 (2026-08-27) | Grounding upgraded 2026-08-28 (TCA) — {OBSERVED} to {DOC}, source LoyaltyMissionLogicService.cs:~442-443, per Test Model reports/ba/test-models/VCST-5346-2026-08-28.md","Automated"
MSNF-017,Days-left label and danger date badge on the ending-soon mission,Loyalty > Missions > Mission Card,High,BL-A11Y-003,,"[PRE:CLEAR_SESSION]
[PRE:SIGNIN_AS:USER_DEFAULT]
Store @td(MSN_STORE_SETTINGS.store_id) has @td(MSN_STORE_SETTINGS.setting_name)=true and @td(MSN_STORE_SETTINGS.base_setting_name)=true. The loyalty missions fixture set is seeded, so this account resolves roughly 14 published public missions through loyaltyMissionProgress.
The ending-soon fixture is seeded with a short remaining window — @td(MSN_ENDING_SOON.window_intent). Its remaining days DECAY one per day, so this case asserts the label's form against the live daysRemaining value and never against a transcribed integer.","front_url={{FRONT_URL}}; ending_soon=@td(MSN_ENDING_SOON.name); window_intent=@td(MSN_ENDING_SOON.window_intent) (days remaining are read live from the response, never transcribed)","[NAV] {{FRONT_URL}}/account/missions
[WAIT] the mission card grid has rendered at least one card and no loading skeleton is visible
[ACT] read the date badge severity on the card for @td(MSN_ENDING_SOON.name)
[ACT] read the days-left label on that same card","[DOM] a days-left label matching the form 'N days left' is visible on the card {SPEC}
[MATH] the number in that label = the daysRemaining value the response returned for this mission {BL}
[DOM] the date badge on this card carries the danger severity styling, and the default warning styling is absent {SPEC}
[DOM] the severity is not conveyed by colour alone — the 'N days left' label text on this same card already carries the differentiator, satisfying BL-A11Y-003 / WCAG 1.4.1 without requiring a separate icon or shape {BL}","[API] daysRemaining for this mission is 5 in the response, and errors[] is empty
[CONSOLE] no unhandled JS errors",Days-left label absent; the label shows a raw date instead of a countdown; the badge renders warning severity at 5 days; severity conveyed by colour alone,None — read-only,VCST-5346,Draft
MSNF-019,"Completed mission card shows the success chip, the completion label and success severity",Loyalty > Missions > Mission Card,High,BL-GQL-003,,"[PRE:CLEAR_SESSION]
IDENTITY, REPOINTED 2026-09-08 - MISSION-PROGRESS OWNER. Mission progress is PER USER and this case reads progress, so it must run as the account the progress was provisioned for. The missions seeder provisions it under PROGRESS_USER_ROLE='USER' (scripts/seed-data/loyalty/missions-specs.mjs), which scripts/lib/user-roles.mjs resolves through USER_EMAIL - the same account @td(MSN_PROGRESS_ORDER.user_email) records as owning the provisioning order @td(MSN_PROGRESS_ORDER.number). The former [PRE:SIGNIN_AS:USER_DEFAULT] was the WRONG identity: USER_DEFAULT is test-data/users/test-users.csv USER-001, a different account, for which loyaltyMissionProgress returns totalCount=0 with every mission at 0 percent and isStarted=false - that zero is CORRECT for that account, and it makes every progress assertion below vacuously satisfiable. USER_DEFAULT is deliberately NOT redefined (it is referenced far beyond missions), and there is no @td() alias for the USER role today, so [PRE:SIGNIN_AS:USER] does not resolve either; the sign-in therefore moved into Steps against {{USER_EMAIL}} / {{USER_PASSWORD}}, the env binding that resolves to the progress owner on every environment because the seeder resolves the same role the same way. PROVENANCE CONSEQUENCE: any {OBSERVED} tag on this case predates the repoint and was recorded against ZERO progress, so it does not carry over to the progress-bearing state this case now runs in; the tags are left in place rather than silently rewritten, and re-grounding them is Dimension 10 work for /qa-review-tests --verify.
Store @td(MSN_STORE_SETTINGS.store_id) has @td(MSN_STORE_SETTINGS.setting_name)=true and @td(MSN_STORE_SETTINGS.base_setting_name)=true. The loyalty missions fixture set is seeded, so this account resolves roughly 14 published public missions through loyaltyMissionProgress.
The completed fixture is seeded and its live progress status is @td(MSN_PROGRESS_COMPLETED.progress_status) at @td(MSN_PROGRESS_COMPLETED.progress_percentage) percent, with a completion date recorded.",front_url={{FRONT_URL}}; completed=@td(MSN_PROGRESS_COMPLETED.name); completed_pct=@td(MSN_PROGRESS_COMPLETED.progress_percentage); completed_reward=@td(MSN_PROGRESS_COMPLETED.reward),"[NAV] {{FRONT_URL}}/sign-in
[WAIT] the sign-in form has rendered its email input
[ACT] type {{USER_EMAIL}} into the sign-in email input
[ACT] type {{USER_PASSWORD}} into the sign-in password input
[ACT] click the sign-in submit control
[WAIT] authentication completes, the browser settles on its post-login route
[NAV] {{FRONT_URL}}/account/missions
[WAIT] the mission card grid has rendered at least one card and no loading skeleton is visible
[ACT] read every chip on the card for @td(MSN_PROGRESS_COMPLETED.name)
[ACT] read the date label on that same card
[ACT] read the date-badge severity on that same card","[DOM] a 'Completed' success chip is visible on the card {OBSERVED}
[DOM] the date label 'Mission completed' is visible, and a days-left countdown is absent {OBSERVED}
[DOM] the date badge carries the success severity, and warning and danger styling are absent {OBSERVED}
[MATH] the progress bar renders at @td(MSN_PROGRESS_COMPLETED.progress_percentage) percent = 100 {OBSERVED}
[MATH] the points chip is still visible and = @td(MSN_PROGRESS_COMPLETED.reward), so the customer can see what the completion was worth {OBSERVED}","[API] the mission's status in the response is Completed with a non-null completedDate, and errors[] is empty
[CONSOLE] no unhandled JS errors",The completed card still counts down days; the success chip is absent; the badge renders danger because the countdown branch was taken,None — read-only,"VCST-5346 | Promoted: VCST-5346 (2026-08-27) | Repointed: 2026-09-08 — identity moved from USER_DEFAULT to the MISSION-PROGRESS OWNER ({{USER_EMAIL}}, the seeder PROGRESS_USER_ROLE=USER account). Reason: this case reads the Completed success chip, the completion label, the success date severity and a 100-percent bar, and mission progress is per-user - as USER_DEFAULT loyaltyMissionProgress returns totalCount=0 and every such assertion is vacuous. USER_DEFAULT itself is unchanged; no @td() alias exists for the USER role, so the sign-in moved into Steps against the {{USER_EMAIL}}/{{USER_PASSWORD}} env binding",Automated
MSNF-020,Mission with no end date renders no countdown and no empty badge shell,Loyalty > Missions > Mission Card,Medium,,,"[PRE:CLEAR_SESSION]
[PRE:SIGNIN_AS:USER_DEFAULT]
Store @td(MSN_STORE_SETTINGS.store_id) has @td(MSN_STORE_SETTINGS.setting_name)=true and @td(MSN_STORE_SETTINGS.base_setting_name)=true. The loyalty missions fixture set is seeded, so this account resolves roughly 14 published public missions through loyaltyMissionProgress.
No seeded mission currently carries a null end date. @td(MSN_ORDERCOUNT.name) was previously assumed to be window-less but is NOT — its spec declares window:'active' (+180d), confirmed live: endDate 2027-02-23, daysRemaining 180. Until a genuinely open-ended (endDate: null) mission fixture is seeded (test-data gap, see triage REG-2026-08-27-1731 §4), report this case BLOCKED ON DATA — do not substitute @td(MSN_ORDERCOUNT.name) or any other windowed mission.","front_url={{FRONT_URL}}; no_window_mission=PENDING — no fixture with endDate:null exists yet (test-data gap, triage REG-2026-08-27-1731 §4); @td(MSN_ORDERCOUNT.name) is NOT a substitute (it carries an active +180d window)","[NAV] {{FRONT_URL}}/account/missions
[WAIT] the mission card grid has rendered at least one card and no loading skeleton is visible
[ACT] read the date region of a card whose mission returned a null days-remaining value","[DOM] a days-left countdown is absent for a mission with no end date {SPEC}
[DOM] the strings 'null days left' and 'NaN days left' are absent, and no empty badge shell is visible {BL}
[DOM] exactly one of these holds in place of the countdown: the date region is absent entirely, OR it holds a resolved open-ended label — a date region that is present but empty is absent {HYPOTHESIS}
[DOM] the title, points chip, type label, progress bar and open-mission control on that card are all visible {SPEC}","[API] daysRemaining for that mission is null in the response, and errors[] is empty
[CONSOLE] no unhandled JS errors",'null days left' or 'NaN days left' rendered; an empty badge outline occupies space; the card fails to render at all when the date is missing,None — read-only,VCST-5346,Draft
MSNF-021,"Card with no description renders cleanly, which is the common case not the exotic one",Loyalty > Missions > Mission Card,Medium,,ECL-1.7,"[PRE:CLEAR_SESSION]
[PRE:SIGNIN_AS:USER_DEFAULT]
Store @td(MSN_STORE_SETTINGS.store_id) has @td(MSN_STORE_SETTINGS.setting_name)=true and @td(MSN_STORE_SETTINGS.base_setting_name)=true. The loyalty missions fixture set is seeded, so this account resolves roughly 14 published public missions through loyaltyMissionProgress.
Most seeded missions carry no description, so the null-description card is the dominant path on this page.",front_url={{FRONT_URL}}; no_desc_mission=@td(MSN_ORDERCOUNT.name),"[NAV] {{FRONT_URL}}/account/missions
[WAIT] the mission card grid has rendered at least one card and no loading skeleton is visible
[ACT] read the cards whose missions returned a null description
[ACT] measure the rendered height of each card in the first grid row","[DOM] on a card whose mission has no description, an empty paragraph, a placeholder dash and a collapsed gap are all absent {OBSERVED}
[DOM] the literals 'null' and 'undefined' are absent from every card {BL}
[MATH] the height of a null-description card = the height of its siblings in the same grid row, within 2 CSS pixels, so the grid does not become ragged {BL}","[API] the description field is null for the inspected missions, and errors[] is empty
[CONSOLE] no unhandled JS errors",'null' rendered as description text; a reserved empty block leaves a visible hole; cards in one row have mismatched heights because only some carry a description,None — read-only,VCST-5346 | Promoted: VCST-5346 (2026-08-27),Automated
MSNF-022,Card banner image renders with an overlay and a broken image causes no layout shift,Loyalty > Missions > Mission Card,Medium,BL-UI-001; BL-A11Y-002,ECL-1.4,"[PRE:CLEAR_SESSION]
[PRE:SIGNIN_AS:USER_DEFAULT]
Store @td(MSN_STORE_SETTINGS.store_id) has @td(MSN_STORE_SETTINGS.setting_name)=true and @td(MSN_STORE_SETTINGS.base_setting_name)=true. The loyalty missions fixture set is seeded, so this account resolves roughly 14 published public missions through loyaltyMissionProgress.
At least one seeded mission carries a banner image reference. BLOCKED ON TOOLING (image half): simulating a broken asset needs a network-fault-injection primitive (block one image request) — none exists on the assigned browser-agent lane today; see MSNF-006's precondition for the same named gap. Separately, the height-parity [MATH] assertion below is exactly what scripts/layout/layout-runner.ts's [SNAP]/[SHIFT] grammar already measures deterministically — a suite-owner should migrate that one assertion to a layout-runner-native case (e.g. 048c-layout-stability.csv) rather than re-derive it here.",front_url={{FRONT_URL}}; banner_url=@td(MSN_ORDERVALUE.banner_url),"[NAV] {{FRONT_URL}}/account/missions
[WAIT] the mission card grid has rendered at least one card and no loading skeleton is visible
[ACT] measure the bounding box of a card that renders a banner image
[ACT] block that card's banner image request
[ACT] reload {{FRONT_URL}}/account/missions
[WAIT] the mission card grid has rendered again
[ACT] measure the bounding box of the same card with its image broken","[DOM] a banner image with a readable overlay above it is visible, and the overlay does not hide the title or the points chip {SPEC}
[DOM] the banner image element carries a non-empty alt attribute, or an explicit empty alt marking it decorative, and a missing alt attribute is absent {BL}
[MATH] the card height with the image broken = the card height with the image loaded, within 2 CSS pixels {BL}
[DOM] no browser broken-image glyph and no raw image URL is visible inside the card {BL}","[NETWORK] the blocked image request does not push the page into its error state, and the mission query still returns an empty errors[]
[CONSOLE] the image failure produces no unhandled JS error",The card collapses when the banner fails to load; a broken-image glyph and file name are shown to the customer; the alt attribute is missing,Restore normal network conditions for the lane,VCST-5346,Draft
"MSNF-024","Card exposes the numeric mission goal for order-count and featured-SKU types — the order-value card's own gap (SBTM #8) is CUT from this case, no oracle, tracked as a finding only","Loyalty > Missions > Mission Card","Medium",,,"@td(MSN_ORDERCOUNT.name) and @td(MSN_PERSKU_ALL.name) visible on the missions page. REVISED 2026-08-28: the round-2 version of this case asserted the order-value card's numeric target is ABSENT, inverting a false {SPEC} into a true-but-worthless {OBSERVED} — the same defect in the other direction (turning a bug into the spec). Correct disposition per SBTM finding #8 (Oracle ref: NONE — no design source declares the order-value card must show its target): (c) CUT the order-value claim entirely; it is a finding for a bug report, not a suite assertion either way. The order-count and featured-SKU assertions below are UNCHANGED from the original case and are not implicated — no live evidence contradicts them.","front_url={{FRONT_URL}}","[NAV] {{FRONT_URL}}/account/missions
[WAIT] the mission card grid has rendered at least one card and no loading skeleton is visible
[ACT] read every text element on the card for @td(MSN_ORDERCOUNT.name)
[ACT] read every text element on the card for @td(MSN_PERSKU_ALL.name)","[DOM] the order-count card's numeric target is visible on the card {SPEC}
[DOM] the featured-SKU card's SKU-slot target is visible on the card as a number, and a bare 'Featured SKUs' type label with no target is absent {SPEC}
[DOM] the raw goal-type flag 'PerSkuAll' is absent from wherever that target renders {BL}
[DOM] the goal is visible as a target and is visually distinct from the progress note describing what has been achieved {SPEC}",,"Either target is absent from its card (a genuine regression on a property this case DOES assert); the order-value card DOES now show a numeric target (would mean SBTM finding #8 was fixed — report as a confirmed fix, do not treat as a failure of this case)","none — read-only","VCST-5346; the order-value target-visibility question (SBTM finding #8, Oracle ref: NONE) is deliberately NOT asserted here in either direction — see SBTM-loyalty-missions-2026-08-28 and BA report Theme C for the finding as a bug-report-track item; Archetype:PARITY Technique:EG","Draft"
MSNF-025,"Modal targets-met mirrors the card's progress note and the API at open, then increments only as row targets are reached",Loyalty > Missions > Progress Semantics,Critical,,,"[PRE:CLEAR_SESSION]
IDENTITY, REPOINTED 2026-09-08 - MISSION-PROGRESS OWNER. Mission progress is PER USER and this case reads progress, so it must run as the account the progress was provisioned for. The missions seeder provisions it under PROGRESS_USER_ROLE='USER' (scripts/seed-data/loyalty/missions-specs.mjs), which scripts/lib/user-roles.mjs resolves through USER_EMAIL - the same account @td(MSN_PROGRESS_ORDER.user_email) records as owning the provisioning order @td(MSN_PROGRESS_ORDER.number). The former [PRE:SIGNIN_AS:USER_DEFAULT] was the WRONG identity: USER_DEFAULT is test-data/users/test-users.csv USER-001, a different account, for which loyaltyMissionProgress returns totalCount=0 with every mission at 0 percent and isStarted=false - that zero is CORRECT for that account, and it makes every progress assertion below vacuously satisfiable. USER_DEFAULT is deliberately NOT redefined (it is referenced far beyond missions), and there is no @td() alias for the USER role today, so [PRE:SIGNIN_AS:USER] does not resolve either; the sign-in therefore moved into Steps against {{USER_EMAIL}} / {{USER_PASSWORD}}, the env binding that resolves to the progress owner on every environment because the seeder resolves the same role the same way. PROVENANCE CONSEQUENCE: any {OBSERVED} tag on this case predates the repoint and was recorded against ZERO progress, so it does not carry over to the progress-bearing state this case now runs in; the tags are left in place rather than silently rewritten, and re-grounding them is Dimension 10 work for /qa-review-tests --verify.
[PRE:RESET_CART]
Store @td(MSN_STORE_SETTINGS.store_id) has @td(MSN_STORE_SETTINGS.setting_name)=true and @td(MSN_STORE_SETTINGS.base_setting_name)=true. The loyalty missions fixture set is seeded, so this account resolves roughly 14 published public missions through loyaltyMissionProgress.
The partial-progress featured-SKU fixture is seeded: its live progress is @td(MSN_PROGRESS_PARTIAL.progress_percentage) percent, whose returned item rows are read live — one row has met its target quantity and one has not; the per-row CURRENT quantities are not carried by any alias, so they are taken from the response rather than transcribed. The cart is empty at the start; the modal's targets-met counter is NOT cart-derived — it mirrors the mission's fulfilment progress already reflected on the card and returned by the API, so it need not read zero with an empty cart (confirmed live, REG-2026-08-27-1731).",front_url={{FRONT_URL}}; partial=@td(MSN_PROGRESS_PARTIAL.name); partial_pct=@td(MSN_PROGRESS_PARTIAL.progress_percentage); target_a=@td(MSN_PROGRESS_PARTIAL.target_qty_a); target_b=@td(MSN_PROGRESS_PARTIAL.target_qty_b),"[NAV] {{FRONT_URL}}/sign-in
[WAIT] the sign-in form has rendered its email input
[ACT] type {{USER_EMAIL}} into the sign-in email input
[ACT] type {{USER_PASSWORD}} into the sign-in password input
[ACT] click the sign-in submit control
[WAIT] authentication completes, the browser settles on its post-login route
[NAV] {{FRONT_URL}}/account/missions
[WAIT] the mission card grid has rendered at least one card and no loading skeleton is visible
[ACT] read the progress note on the card for @td(MSN_PROGRESS_PARTIAL.name)
[ACT] read the percent on that same card
[ACT] click the open-mission control on that card
[WAIT] the featured-SKU modal has rendered its product rows and its summary block
[ACT] read the targets-met value in the modal summary block","[MATH] at modal open, before any stepper is touched, the modal's targets-met value = the card's progress note value for the same mission {OBSERVED}
[MATH] the modal's targets-met value at open = the mission's live API progress (loyaltyMissionProgress), and is not necessarily zero with an empty cart {OBSERVED}
[MATH] after raising one row's stepper to its target quantity, targets-met = its value-at-open + 1 {SPEC}
[DOM] the modal's targets-met counter and the card's progress note use consistent labelling for the same underlying measurement, so the customer is never shown two counters that appear to disagree {OBSERVED}","[API] the mission's percentage is unchanged by opening the modal, and errors[] is empty
[CONSOLE] no unhandled JS errors",The modal's targets-met reads 0 at open while the card shows nonzero progress for the same mission; the two counters disagree despite sharing one label; the counter fails to increment when a row's stepper reaches its target,Close the modal and empty the cart,"VCST-5346; Business_Rule corrected 2026-08-28 (TCA) — PROPOSED-BL-LOY-015 was dangling (that id names 'published-mission immutability + zero-reward completion' per reports/ba/Loyalty&Mixed cart/test-model-VCST-5320-2026-08-27.md, unrelated to this case); no grounding BL-* invariant exists for modal/card/API progress-counter parity — reported as a candidate for /qa-review-oracles | Repointed: 2026-09-08 — identity moved from USER_DEFAULT to the MISSION-PROGRESS OWNER ({{USER_EMAIL}}, the seeder PROGRESS_USER_ROLE=USER account). Reason: this case reads the modal targets-met counter against the card note and the live API progress, and mission progress is per-user - as USER_DEFAULT loyaltyMissionProgress returns totalCount=0 and every such assertion is vacuous. USER_DEFAULT itself is unchanged; no @td() alias exists for the USER role, so the sign-in moved into Steps against the {{USER_EMAIL}}/{{USER_PASSWORD}} env binding",Draft
MSNF-027,Featured-SKU modal opens from the card and renders each product row in full,Loyalty > Missions > Featured SKU Modal,Critical,BL-GQL-003,,"[PRE:CLEAR_SESSION]
[PRE:SIGNIN_AS:USER_DEFAULT]
[PRE:RESET_CART]
Store @td(MSN_STORE_SETTINGS.store_id) has @td(MSN_STORE_SETTINGS.setting_name)=true and @td(MSN_STORE_SETTINGS.base_setting_name)=true. The loyalty missions fixture set is seeded, so this account resolves roughly 14 published public missions through loyaltyMissionProgress.
The featured-SKU fixture and its two products are seeded and in stock.
OVERLAY RESIDUE — RESOLVED 2026-09-08, historical note only, there is no live drift: a stale sku/name shadow on the MSN_PERSKU_PRODUCT_A / MSN_PERSKU_PRODUCT_B aliases in test-data/aliases.vcst.json was deleted, and both aliases resolve their base AGENT-TEST identities again (verified this session: A = AGENT-TEST-MSN-TARGET-A at list_price 30, B = AGENT-TEST-MSN-TARGET-B at 42.5). The overlay productIds were NEVER stale. Kept as one line only for the lesson: a green 'npm run td:validate' cannot see a ref that RESOLVES to the wrong entity, which is why the shadow stayed invisible.",front_url={{FRONT_URL}}; persku_all=@td(MSN_PERSKU_ALL.name); product_a_sku=@td(MSN_PERSKU_PRODUCT_A.sku); product_a_qty=@td(MSN_PERSKU_PRODUCT_A.quantity); product_b_sku=@td(MSN_PERSKU_PRODUCT_B.sku); product_b_qty=@td(MSN_PERSKU_PRODUCT_B.quantity),"[NAV] {{FRONT_URL}}/account/missions
[WAIT] the mission card grid has rendered at least one card and no loading skeleton is visible
[ACT] click the open-mission control on the card for @td(MSN_PERSKU_ALL.name)
[WAIT] the modal has rendered its product rows and its summary block","[MATH] the number of product rows in the modal = the number of featured SKUs on the mission {OBSERVED}
[DOM] on each row a product image, a product title, the SKU code, a price, a 'Buy at least' target chip, a quantity stepper, an in-stock indicator and a count-in-cart indicator are all visible {OBSERVED}
[MATH] the 'Buy at least' chip on the row for @td(MSN_PERSKU_PRODUCT_A.sku) = @td(MSN_PERSKU_PRODUCT_A.quantity) {OBSERVED}
[MATH] the 'Buy at least' chip on the row for @td(MSN_PERSKU_PRODUCT_B.sku) = @td(MSN_PERSKU_PRODUCT_B.quantity) {OBSERVED}
[MATH] with an empty cart every row's count-in-cart indicator = 0 {OBSERVED}
[DOM] a summary block with total units, a targets-met counter and a cart subtotal is visible, together with a reward line, a Close control and an 'Add to cart' control {OBSERVED}","[API] opening the modal issues no cart mutation, and the mission query's errors[] is empty
[CONSOLE] no unhandled JS errors on open",The modal opens empty because the mission's SKU rows were not fetched; a row is missing its stepper or its target chip; the SKU code is rendered as an internal product id,Close the modal,"VCST-5346 | Promoted: VCST-5346 (2026-08-27) | Synced: PR #2471 (2026-09-08) — fixture-drift note only: the vcst overlay shadows the MSN_PERSKU_PRODUCT_A/B aliases with stale live-discovered catalog products, so this case currently addresses modal rows by a SKU that is not in the modal. No step and no assertion changed; the @td() indirection is deliberately kept and the overlay is what needs reconciling | Resolved: 2026-09-08 — the overlay sku/name residue was deleted and MSN_PERSKU_PRODUCT_A/B resolve their base AGENT-TEST identities again, so the fixture-drift stamp above is HISTORICAL; the overlay productIds were never stale",Automated
MSNF-028,Every price in the featured-SKU modal is in the session currency and equals the product detail page price,Loyalty > Missions > Featured SKU Modal,Critical,BL-PRICE-005,ECL-14.4,"[PRE:CLEAR_SESSION]
[PRE:SIGNIN_AS:USER_DEFAULT]
[PRE:RESET_CART]
Store @td(MSN_STORE_SETTINGS.store_id) has @td(MSN_STORE_SETTINGS.setting_name)=true and @td(MSN_STORE_SETTINGS.base_setting_name)=true. The loyalty missions fixture set is seeded, so this account resolves roughly 14 published public missions through loyaltyMissionProgress.
The session currency is the store default for @td(MSN_STORE_SETTINGS.store_id) and has not been switched during this case. The featured-SKU fixture's two products are seeded and priced in that currency on the storefront.
OVERLAY RESIDUE — RESOLVED 2026-09-08, historical note only, there is no live drift: a stale sku/name shadow on the MSN_PERSKU_PRODUCT_A / MSN_PERSKU_PRODUCT_B aliases in test-data/aliases.vcst.json was deleted, and both aliases resolve their base AGENT-TEST identities again (verified this session: A = AGENT-TEST-MSN-TARGET-A at list_price 30, B = AGENT-TEST-MSN-TARGET-B at 42.5). The overlay productIds were NEVER stale. Kept as one line only for the lesson: a green 'npm run td:validate' cannot see a ref that RESOLVES to the wrong entity, which is why the shadow stayed invisible.",front_url={{FRONT_URL}}; currency_code={{CURRENCY_CODE}}; persku_all=@td(MSN_PERSKU_ALL.name); product_a_sku=@td(MSN_PERSKU_PRODUCT_A.sku); product_b_sku=@td(MSN_PERSKU_PRODUCT_B.sku),"[NAV] {{FRONT_URL}}/account/missions
[WAIT] the mission card grid has rendered at least one card and no loading skeleton is visible
[ACT] click the open-mission control on the card for @td(MSN_PERSKU_ALL.name)
[WAIT] the modal has rendered its product rows
[ACT] record the currency symbol on every product row
[ACT] record the price amount on every product row
[ACT] click the modal's Close control
[WAIT] the modal has been dismissed
[ACT] open the product detail page for @td(MSN_PERSKU_PRODUCT_A.sku) by clicking through from the catalogue
[WAIT] the product detail page has rendered its price
[ACT] record the displayed price with its currency symbol
[ACT] open the product detail page for @td(MSN_PERSKU_PRODUCT_B.sku) by clicking through from the catalogue
[WAIT] the product detail page has rendered its price
[ACT] record the displayed price with its currency symbol","[FORMAT] every price in the modal uses one and the same currency, and a second currency symbol is absent from the modal {BL}
[FORMAT] that currency = the currency the storefront is rendering the session in, as shown by the cart and the catalogue {BL}
[MATH] the modal row price for @td(MSN_PERSKU_PRODUCT_A.sku) = that product's detail-page price in the same session currency {BL}
[MATH] the modal row price for @td(MSN_PERSKU_PRODUCT_B.sku) = that product's detail-page price in the same session currency {BL}
[FORMAT] each price renders with exactly two decimal places and a currency symbol {BL}","[API] the prices the modal renders are resolved for the session currency rather than an arbitrary price list, and the mission query's errors[] is empty
[CONSOLE] no unhandled JS errors","Two different currency symbols appear on adjacent rows of one modal; a row price differs from the same product's detail-page price in the same session, because the mission progress query exposes no currency argument and the backend returns whichever price list it resolves first",Navigate back to {{FRONT_URL}}/account/missions and close any open modal,"VCST-5346 | Synced: PR #2471 (2026-09-08) — fixture-drift note only: the vcst overlay shadows the MSN_PERSKU_PRODUCT_A/B aliases with stale live-discovered catalog products, so this case currently addresses modal rows by a SKU that is not in the modal. No step and no assertion changed; the @td() indirection is deliberately kept and the overlay is what needs reconciling | Resolved: 2026-09-08 — the overlay sku/name residue was deleted and MSN_PERSKU_PRODUCT_A/B resolve their base AGENT-TEST identities again, so the fixture-drift stamp above is HISTORICAL; the overlay productIds were never stale",Draft
MSNF-029,Modal cart subtotal is a single-currency sum of row price and quantity,Loyalty > Missions > Featured SKU Modal,Critical,BL-PRICE-005; BL-PRICE-008,ECL-14.4,"[PRE:CLEAR_SESSION]
[PRE:SIGNIN_AS:USER_DEFAULT]
[PRE:RESET_CART]
Store @td(MSN_STORE_SETTINGS.store_id) has @td(MSN_STORE_SETTINGS.setting_name)=true and @td(MSN_STORE_SETTINGS.base_setting_name)=true. The loyalty missions fixture set is seeded, so this account resolves roughly 14 published public missions through loyaltyMissionProgress.
The featured-SKU fixture's products are seeded and priced in the session currency.",front_url={{FRONT_URL}}; currency_code={{CURRENCY_CODE}}; persku_all=@td(MSN_PERSKU_ALL.name),"[NAV] {{FRONT_URL}}/account/missions
[WAIT] the mission card grid has rendered at least one card and no loading skeleton is visible
[ACT] click the open-mission control on the card for @td(MSN_PERSKU_ALL.name)
[WAIT] the modal has rendered its product rows and its summary block
[ACT] set the first product row's stepper to 2
[WAIT] the summary block's cart subtotal has updated
[ACT] set the second product row's stepper to 1
[WAIT] the summary block's cart subtotal has updated
[ACT] record each row's unit price
[ACT] record each row's stepper value
[ACT] record the cart subtotal in the summary block","[MATH] the cart subtotal = the sum over rows of unit price multiplied by stepper quantity, to two decimal places {BL}
[FORMAT] the subtotal renders in the session currency {{CURRENCY_CODE}}, the same currency as every row price {BL}
[MATH] the subtotal = a single-currency sum, so a subtotal greater than the sum of the visible session-currency amounts is a currency-mixing failure {BL}
[MATH] the total-units figure in the summary = the sum of the stepper values {SPEC}","[NETWORK] adjusting a stepper issues no cart write before 'Add to cart' is pressed, so no errors[] can be raised at this stage
[CONSOLE] no unhandled JS errors while the steppers change",The subtotal carries a currency symbol that no row carries; the subtotal is numerically the sum of amounts in two different currencies; the subtotal does not react to a stepper change,Close the modal and empty the cart,VCST-5346,Draft
MSNF-030,"Modal summary reports total units, targets met and subtotal, and the reward line matches the mission",Loyalty > Missions > Featured SKU Modal,High,BL-GQL-003,,"[PRE:CLEAR_SESSION]
IDENTITY, REPOINTED 2026-09-08 - MISSION-PROGRESS OWNER. Mission progress is PER USER and this case reads progress, so it must run as the account the progress was provisioned for. The missions seeder provisions it under PROGRESS_USER_ROLE='USER' (scripts/seed-data/loyalty/missions-specs.mjs), which scripts/lib/user-roles.mjs resolves through USER_EMAIL - the same account @td(MSN_PROGRESS_ORDER.user_email) records as owning the provisioning order @td(MSN_PROGRESS_ORDER.number). The former [PRE:SIGNIN_AS:USER_DEFAULT] was the WRONG identity: USER_DEFAULT is test-data/users/test-users.csv USER-001, a different account, for which loyaltyMissionProgress returns totalCount=0 with every mission at 0 percent and isStarted=false - that zero is CORRECT for that account, and it makes every progress assertion below vacuously satisfiable. USER_DEFAULT is deliberately NOT redefined (it is referenced far beyond missions), and there is no @td() alias for the USER role today, so [PRE:SIGNIN_AS:USER] does not resolve either; the sign-in therefore moved into Steps against {{USER_EMAIL}} / {{USER_PASSWORD}}, the env binding that resolves to the progress owner on every environment because the seeder resolves the same role the same way. PROVENANCE CONSEQUENCE: any {OBSERVED} tag on this case predates the repoint and was recorded against ZERO progress, so it does not carry over to the progress-bearing state this case now runs in; the tags are left in place rather than silently rewritten, and re-grounding them is Dimension 10 work for /qa-review-tests --verify.
[PRE:RESET_CART]
Store @td(MSN_STORE_SETTINGS.store_id) has @td(MSN_STORE_SETTINGS.setting_name)=true and @td(MSN_STORE_SETTINGS.base_setting_name)=true. The loyalty missions fixture set is seeded, so this account resolves roughly 14 published public missions through loyaltyMissionProgress.
The featured-SKU fixture is seeded with two SKU slots.
OVERLAY RESIDUE — RESOLVED 2026-09-08, historical note only, there is no live drift: a stale sku/name shadow on the MSN_PERSKU_PRODUCT_A / MSN_PERSKU_PRODUCT_B aliases in test-data/aliases.vcst.json was deleted, and both aliases resolve their base AGENT-TEST identities again (verified this session: A = AGENT-TEST-MSN-TARGET-A at list_price 30, B = AGENT-TEST-MSN-TARGET-B at 42.5). The overlay productIds were NEVER stale. Kept as one line only for the lesson: a green 'npm run td:validate' cannot see a ref that RESOLVES to the wrong entity, which is why the shadow stayed invisible.",front_url={{FRONT_URL}}; persku_all=@td(MSN_PERSKU_ALL.name); persku_all_reward=@td(MSN_PERSKU_ALL.reward); product_a_qty=@td(MSN_PERSKU_PRODUCT_A.quantity),"[NAV] {{FRONT_URL}}/sign-in
[WAIT] the sign-in form has rendered its email input
[ACT] type {{USER_EMAIL}} into the sign-in email input
[ACT] type {{USER_PASSWORD}} into the sign-in password input
[ACT] click the sign-in submit control
[WAIT] authentication completes, the browser settles on its post-login route
[NAV] {{FRONT_URL}}/account/missions
[WAIT] the mission card grid has rendered at least one card and no loading skeleton is visible
[ACT] click the open-mission control on the card for @td(MSN_PERSKU_ALL.name)
[WAIT] the modal has rendered its summary block
[ACT] record total units, targets met, cart subtotal with every stepper at zero
[ACT] raise the first row's stepper to its target quantity
[WAIT] the summary block has recomputed
[ACT] record total units, targets met, cart subtotal a second time","[DOM] the open modal's title/heading identifies @td(MSN_PERSKU_ALL.name) before any summary value below is read as evidence about that mission {SPEC}
[MATH] with every stepper at zero, total units = 0 and the cart subtotal = 0; targets met = the mission's progress value at open (mirroring the card's N of M note), which is not necessarily zero {OBSERVED}
[MATH] after raising exactly one row to its target, targets met = its previous value + 1 {SPEC}
[MATH] the targets-met counter = the number of rows whose stepper value has reached that row's target quantity, not the number of rows with any non-zero quantity {SPEC}
[MATH] the reward line = @td(MSN_PERSKU_ALL.reward) {SPEC}
[MATH] the targets-met denominator = the mission's SKU target {SPEC}","[NETWORK] the summary recomputes client-side and issues no cart write, so no errors[] can be raised at this stage
[CONSOLE] no unhandled JS errors while the summary recomputes","The modal opened for a different mission than the one named in Steps, invalidating every reward/denominator check read against the wrong fixture; targets met increments on any non-zero quantity; the denominator shows the row count rather than the mission target; the reward line shows the goal target instead of the reward",Close the modal and empty the cart,"VCST-5346 | Synced: PR #2471 (2026-09-08) — fixture-drift note only: the vcst overlay shadows the MSN_PERSKU_PRODUCT_A/B aliases with stale live-discovered catalog products, so this case currently addresses modal rows by a SKU that is not in the modal. No step and no assertion changed; the @td() indirection is deliberately kept and the overlay is what needs reconciling | Resolved: 2026-09-08 — the overlay sku/name residue was deleted and MSN_PERSKU_PRODUCT_A/B resolve their base AGENT-TEST identities again, so the fixture-drift stamp above is HISTORICAL; the overlay productIds were never stale | Repointed: 2026-09-08 — identity moved from USER_DEFAULT to the MISSION-PROGRESS OWNER ({{USER_EMAIL}}, the seeder PROGRESS_USER_ROLE=USER account). Reason: this case reads targets-met as the mission progress value at modal open, and mission progress is per-user - as USER_DEFAULT loyaltyMissionProgress returns totalCount=0 and every such assertion is vacuous. USER_DEFAULT itself is unchanged; no @td() alias exists for the USER role, so the sign-in moved into Steps against the {{USER_EMAIL}}/{{USER_PASSWORD}} env binding",Draft
MSNF-031,"Product title in the modal opens the product detail page in a new tab, announced as such, and the original tab's modal stays intact",Loyalty > Missions > Featured SKU Modal,High,BL-A11Y-001,,"[PRE:CLEAR_SESSION]
[PRE:SIGNIN_AS:USER_DEFAULT]
[PRE:RESET_CART]
Store @td(MSN_STORE_SETTINGS.store_id) has @td(MSN_STORE_SETTINGS.setting_name)=true and @td(MSN_STORE_SETTINGS.base_setting_name)=true. The loyalty missions fixture set is seeded, so this account resolves roughly 14 published public missions through loyaltyMissionProgress.
The featured-SKU fixture's products are seeded and reachable on the storefront.
OVERLAY RESIDUE — RESOLVED 2026-09-08, historical note only, there is no live drift: a stale sku/name shadow on the MSN_PERSKU_PRODUCT_A / MSN_PERSKU_PRODUCT_B aliases in test-data/aliases.vcst.json was deleted, and both aliases resolve their base AGENT-TEST identities again (verified this session: A = AGENT-TEST-MSN-TARGET-A at list_price 30, B = AGENT-TEST-MSN-TARGET-B at 42.5). The overlay productIds were NEVER stale. Kept as one line only for the lesson: a green 'npm run td:validate' cannot see a ref that RESOLVES to the wrong entity, which is why the shadow stayed invisible.",front_url={{FRONT_URL}}; persku_all=@td(MSN_PERSKU_ALL.name); product_a_sku=@td(MSN_PERSKU_PRODUCT_A.sku); product_a_name=@td(MSN_PERSKU_PRODUCT_A.name),"[NAV] {{FRONT_URL}}/account/missions
[WAIT] the mission card grid has rendered at least one card and no loading skeleton is visible
[ACT] click the open-mission control on the card for @td(MSN_PERSKU_ALL.name)
[WAIT] the modal has rendered its product rows
[ACT] read the product title link for @td(MSN_PERSKU_PRODUCT_A.sku) before activating it
[ACT] click the product title on the row for @td(MSN_PERSKU_PRODUCT_A.sku)
[WAIT] a new browser tab opens and its destination page has rendered
[ACT] switch focus to the original tab","[DOM] the product title link's accessible name, or adjacent visually-hidden text, announces that activating it opens a new tab (WCAG 3.2.5) {BL}
[NAV] the new tab's destination is the product detail page for @td(MSN_PERSKU_PRODUCT_A.sku), where the product name @td(MSN_PERSKU_PRODUCT_A.name) is visible {SPEC}
[DOM] on the original tab, the mission modal's dialog element and backdrop are still present in the DOM, and Tab from the dialog's last focusable control cycles back to its first {SPEC}
[KEY] on the original tab, pressing Escape still closes the modal {SPEC}","[NETWORK] no 4xx or 5xx on the new tab's product detail route, and its GraphQL calls return an empty errors[]
[CONSOLE] no unhandled JS errors on either tab",The link gives no indication it opens a new tab; the original tab's modal is closed or its focus trap is broken by the click; Escape on the original tab no longer closes the modal; the new tab 404s or resolves to the wrong product,Close the new tab and return focus to the original tab at {{FRONT_URL}}/account/missions,"VCST-5346 | Synced: PR #2471 (2026-09-08) — fixture-drift note only: the vcst overlay shadows the MSN_PERSKU_PRODUCT_A/B aliases with stale live-discovered catalog products, so this case currently addresses modal rows by a SKU that is not in the modal. No step and no assertion changed; the @td() indirection is deliberately kept and the overlay is what needs reconciling | Resolved: 2026-09-08 — the overlay sku/name residue was deleted and MSN_PERSKU_PRODUCT_A/B resolve their base AGENT-TEST identities again, so the fixture-drift stamp above is HISTORICAL; the overlay productIds were never stale",Draft
MSNF-032,Add to cart sets an absolute quantity per changed row and leaves untouched rows alone,Loyalty > Missions > Featured SKU Modal,Critical,BL-CART-001; BL-CART-007 (no-duplicate-line half only),,"[PRE:CLEAR_SESSION]
[PRE:SIGNIN_AS:USER_DEFAULT]
[PRE:RESET_CART]
Store @td(MSN_STORE_SETTINGS.store_id) has @td(MSN_STORE_SETTINGS.setting_name)=true and @td(MSN_STORE_SETTINGS.base_setting_name)=true. The loyalty missions fixture set is seeded, so this account resolves roughly 14 published public missions through loyaltyMissionProgress.
The cart is empty. The featured-SKU fixture's products are seeded and in stock with enough quantity for the steppers used below.
OVERLAY RESIDUE — RESOLVED 2026-09-08, historical note only, there is no live drift: a stale sku/name shadow on the MSN_PERSKU_PRODUCT_A / MSN_PERSKU_PRODUCT_B aliases in test-data/aliases.vcst.json was deleted, and both aliases resolve their base AGENT-TEST identities again (verified this session: A = AGENT-TEST-MSN-TARGET-A at list_price 30, B = AGENT-TEST-MSN-TARGET-B at 42.5). The overlay productIds were NEVER stale. Kept as one line only for the lesson: a green 'npm run td:validate' cannot see a ref that RESOLVES to the wrong entity, which is why the shadow stayed invisible.",front_url={{FRONT_URL}}; persku_all=@td(MSN_PERSKU_ALL.name); product_a_sku=@td(MSN_PERSKU_PRODUCT_A.sku); product_b_sku=@td(MSN_PERSKU_PRODUCT_B.sku),"[NAV] {{FRONT_URL}}/account/missions
[WAIT] the mission card grid has rendered at least one card and no loading skeleton is visible
[ACT] click the open-mission control on the card for @td(MSN_PERSKU_ALL.name)
[WAIT] the modal has rendered its product rows
[ACT] set the row for @td(MSN_PERSKU_PRODUCT_A.sku) to quantity 3
[WAIT] the summary block has recomputed
[ACT] click 'Add to cart'
[WAIT] the operation completes, then capture the notification region as the very first observation, before any other read or navigation — this notification now self-dismisses unaided (PR #2471 passes it a duration), so a later read can find nothing without that being evidence of a missing notification
[NAV] {{FRONT_URL}}/cart
[WAIT] the cart page has rendered its line items","[MATH] the cart holds exactly 1 line, for @td(MSN_PERSKU_PRODUCT_A.sku), at quantity = 3 {BL}
[STATE] no line was created for @td(MSN_PERSKU_PRODUCT_B.sku), whose stepper was never changed {OBSERVED}
[DOM] a success notification is visible after the add, and it does not name the untouched product {OBSERVED}
[MATH] the line total for the added product = its unit price multiplied by 3 {BL}","[API] exactly one cart-quantity mutation is issued — one per changed row, not one per rendered row — and its errors[] is empty
[CONSOLE] no unhandled JS errors",A zero-quantity line is created for the untouched product; one mutation fires per rendered row regardless of change; the added quantity is zero rather than three,Empty the cart,"VCST-5346 | Promoted: VCST-5346 (2026-08-27) | Synced: PR #2471 (2026-09-08) — driving-only guard: the add-to-cart notification now self-dismisses (VCST-5909 fix), so the notification read was pinned as the immediate first observation after the click. No assertion changed | Synced: PR #2471 (2026-09-08) — fixture-drift note only: the vcst overlay shadows the MSN_PERSKU_PRODUCT_A/B aliases with stale live-discovered catalog products, so this case currently addresses modal rows by a SKU that is not in the modal. No step and no assertion changed; the @td() indirection is deliberately kept and the overlay is what needs reconciling | Resolved: 2026-09-08 — the overlay sku/name residue was deleted and MSN_PERSKU_PRODUCT_A/B resolve their base AGENT-TEST identities again, so the fixture-drift stamp above is HISTORICAL; the overlay productIds were never stale",Automated
MSNF-033,Add to cart with the SKU already in the cart sets the quantity absolutely rather than adding to it,Loyalty > Missions > Featured SKU Modal,Critical,PROPOSED-BL-CART-016; BL-CART-007 (no-duplicate-line half only),ECL-14.1,"[PRE:CLEAR_SESSION]
[PRE:SIGNIN_AS:USER_DEFAULT]
[PRE:RESET_CART]
Store @td(MSN_STORE_SETTINGS.store_id) has @td(MSN_STORE_SETTINGS.setting_name)=true and @td(MSN_STORE_SETTINGS.base_setting_name)=true. The loyalty missions fixture set is seeded, so this account resolves roughly 14 published public missions through loyaltyMissionProgress.
The cart already holds exactly one line for @td(MSN_PERSKU_PRODUCT_A.sku) at quantity 2, put there from the catalogue as part of this case's own setup. The featured-SKU fixture is seeded.
OVERLAY RESIDUE — RESOLVED 2026-09-08, historical note only, there is no live drift: a stale sku/name shadow on the MSN_PERSKU_PRODUCT_A / MSN_PERSKU_PRODUCT_B aliases in test-data/aliases.vcst.json was deleted, and both aliases resolve their base AGENT-TEST identities again (verified this session: A = AGENT-TEST-MSN-TARGET-A at list_price 30, B = AGENT-TEST-MSN-TARGET-B at 42.5). The overlay productIds were NEVER stale. Kept as one line only for the lesson: a green 'npm run td:validate' cannot see a ref that RESOLVES to the wrong entity, which is why the shadow stayed invisible.",front_url={{FRONT_URL}}; persku_all=@td(MSN_PERSKU_ALL.name); product_a_sku=@td(MSN_PERSKU_PRODUCT_A.sku),"[NAV] {{FRONT_URL}}/account/missions
[WAIT] the mission card grid has rendered at least one card and no loading skeleton is visible
[ACT] click the open-mission control on the card for @td(MSN_PERSKU_ALL.name)
[WAIT] the modal has rendered its product rows
[ACT] record the pre-existing cart line quantity for @td(MSN_PERSKU_PRODUCT_A.sku)
[ACT] record the stepper value at open, to establish whether it pre-fills from the existing cart line
[ACT] read the count-in-cart indicator on the row for @td(MSN_PERSKU_PRODUCT_A.sku)
[ACT] read the stepper's initial value on that same row
[ACT] set that row's stepper to 5
[WAIT] the summary block has recomputed
[ACT] click 'Add to cart'
[WAIT] the operation completes and a result notification is visible
[NAV] {{FRONT_URL}}/cart
[WAIT] the cart page has rendered its line items","[MATH] on open the count-in-cart indicator for @td(MSN_PERSKU_PRODUCT_A.sku) = 2, reflecting the existing cart line {OBSERVED}
[MATH] after the add the cart holds a single line for @td(MSN_PERSKU_PRODUCT_A.sku) at quantity = 5, the absolute stepper value, not 7 {BL}
[MATH] the number of cart lines for that product = 1, with no duplicate line present {BL}
[MATH] the cart line total = unit price multiplied by 5 {BL}","[API] the issued mutation sets an absolute quantity rather than incrementing, and its errors[] is empty
[CONSOLE] no unhandled JS errors","The cart shows quantity 7, which is additive, or two separate lines for one product; the stepper opened at zero while the cart already held two, so an absolute set silently discards existing quantity with no warning",Empty the cart,"VCST-5346 | Promoted: VCST-5346 (2026-08-27) | Synced: PR #2471 (2026-09-08) — fixture-drift note only: the vcst overlay shadows the MSN_PERSKU_PRODUCT_A/B aliases with stale live-discovered catalog products, so this case currently addresses modal rows by a SKU that is not in the modal. No step and no assertion changed; the @td() indirection is deliberately kept and the overlay is what needs reconciling | Resolved: 2026-09-08 — the overlay sku/name residue was deleted and MSN_PERSKU_PRODUCT_A/B resolve their base AGENT-TEST identities again, so the fixture-drift stamp above is HISTORICAL; the overlay productIds were never stale",Automated
MSNF-034,Requesting more than available stock is validated and never reports a false success,Loyalty > Missions > Featured SKU Modal,High,BL-CAT-001; BL-CART-001,ECL-14.1,"[PRE:CLEAR_SESSION]
[PRE:SIGNIN_AS:USER_DEFAULT]
[PRE:RESET_CART]
Store @td(MSN_STORE_SETTINGS.store_id) has @td(MSN_STORE_SETTINGS.setting_name)=true and @td(MSN_STORE_SETTINGS.base_setting_name)=true. The loyalty missions fixture set is seeded, so this account resolves roughly 14 published public missions through loyaltyMissionProgress.
The featured-SKU fixture is seeded and at least one of its products has a finite tracked stock quantity that the modal shows in its in-stock indicator.
OVERLAY RESIDUE — RESOLVED 2026-09-08, historical note only, there is no live drift: a stale sku/name shadow on the MSN_PERSKU_PRODUCT_A / MSN_PERSKU_PRODUCT_B aliases in test-data/aliases.vcst.json was deleted, and both aliases resolve their base AGENT-TEST identities again (verified this session: A = AGENT-TEST-MSN-TARGET-A at list_price 30, B = AGENT-TEST-MSN-TARGET-B at 42.5). The overlay productIds were NEVER stale. Kept as one line only for the lesson: a green 'npm run td:validate' cannot see a ref that RESOLVES to the wrong entity, which is why the shadow stayed invisible.",front_url={{FRONT_URL}}; persku_all=@td(MSN_PERSKU_ALL.name); product_a_sku=@td(MSN_PERSKU_PRODUCT_A.sku),"[NAV] {{FRONT_URL}}/account/missions
[WAIT] the mission card grid has rendered at least one card and no loading skeleton is visible
[ACT] click the open-mission control on the card for @td(MSN_PERSKU_ALL.name)
[WAIT] the modal has rendered its product rows
[ACT] read the in-stock quantity shown on the row for @td(MSN_PERSKU_PRODUCT_A.sku)
[ACT] set that row's stepper above the shown in-stock quantity
[WAIT] the summary block has recomputed
[ACT] record the summary block's total units after the over-stock entry
[ACT] look for an inline availability warning on that row
[ACT] click 'Add to cart'
[WAIT] the operation completes, then capture the notification region as the very first observation, before any other read or navigation — this notification now self-dismisses unaided (PR #2471 passes it a duration), so a later read can find nothing without that being evidence of a missing notification
[NAV] {{FRONT_URL}}/cart
[WAIT] the cart page has rendered its line items","[DOM] an inline availability warning or an error notification is visible, telling the customer the requested quantity exceeds availability {BL}
[DOM] a silent cap to available stock with NO message is absent — the platform never caps silently, it persists the entered value and attaches an advisory validation message {BL}
[DOM] a bare success notification, with no accompanying validation message, is absent {BL}
[STATE] if the over-range quantity is persisted, the inline validation message is visible against that line and checkout stays blocked until it is corrected {BL}
[STATE] the cart is never left holding an over-range quantity with no visible signal at all {BL}","[API] any issued mutation returns a validation entry in errors[] rather than a silent success with a clamped value
[CONSOLE] no unhandled JS errors","A success notification with no accompanying validation message; the quantity is silently capped to stock with nothing shown, which BL-CART-001 forbids; the over-range quantity persists with no inline message and checkout stays enabled",Empty the cart,"VCST-5346 | Promoted: VCST-5346 (2026-08-27) | Synced: PR #2471 (2026-09-08) — driving-only guard: the add-to-cart notification now self-dismisses (VCST-5909 fix), so the notification read was pinned as the immediate first observation after the click. No assertion changed | Synced: PR #2471 (2026-09-08) — fixture-drift note only: the vcst overlay shadows the MSN_PERSKU_PRODUCT_A/B aliases with stale live-discovered catalog products, so this case currently addresses modal rows by a SKU that is not in the modal. No step and no assertion changed; the @td() indirection is deliberately kept and the overlay is what needs reconciling | Resolved: 2026-09-08 — the overlay sku/name residue was deleted and MSN_PERSKU_PRODUCT_A/B resolve their base AGENT-TEST identities again, so the fixture-drift stamp above is HISTORICAL; the overlay productIds were never stale",Automated
MSNF-035,An out-of-stock featured SKU cannot be added and the modal says so,Loyalty > Missions > Featured SKU Modal,High,BL-CAT-001,ECL-14.1,"[PRE:CLEAR_SESSION]
[PRE:SIGNIN_AS:USER_DEFAULT]
[PRE:RESET_CART]
Store @td(MSN_STORE_SETTINGS.store_id) has @td(MSN_STORE_SETTINGS.setting_name)=true and @td(MSN_STORE_SETTINGS.base_setting_name)=true. The loyalty missions fixture set is seeded, so this account resolves roughly 14 published public missions through loyaltyMissionProgress.
BLOCKED ON DATA unless a featured-SKU mission has a product at zero available stock at execution time. The two seeded featured-SKU products are stocked. Report BLOCKED with this reason rather than inventing the condition — do not drop a product's inventory to zero on a shared environment while other suites are running.",front_url={{FRONT_URL}}; persku_all=@td(MSN_PERSKU_ALL.name),"[NAV] {{FRONT_URL}}/account/missions
[WAIT] the mission card grid has rendered at least one card and no loading skeleton is visible
[ACT] click the open-mission control on a featured-SKU mission that includes an out-of-stock product
[WAIT] the modal has rendered its product rows
[ACT] read the in-stock indicator, the stepper state, the row styling for the out-of-stock product
[ACT] raise the out-of-stock row's stepper above zero
[WAIT] the summary block has settled
[ACT] click 'Add to cart'
[WAIT] the operation completes, then capture the notification region as the very first observation, before any other read or navigation — this notification now self-dismisses unaided (PR #2471 passes it a duration), so a later read can find nothing without that being evidence of a missing notification","[DOM] an out-of-stock indicator is visible on that row and a stock count is absent {BL}
[DOM] that row's stepper is disabled or capped at zero, so an unavailable unit cannot be requested {BL}
[DOM] a success notification naming the out-of-stock product is absent {BL}
[STATE] the cart holds no line for the out-of-stock product afterwards {BL}
[DOM] the other in-stock rows in the same modal remain enabled, so one unavailable SKU does not disable the whole modal {SPEC}","[API] no cart mutation is issued for the out-of-stock product, or the one issued returns a validation entry in errors[]
[CONSOLE] no unhandled JS errors",The stepper accepts a quantity for a zero-stock product and the add reports success; the whole modal's add control is disabled because one row is unavailable,Empty the cart,"VCST-5346 | Promoted: REG-2026-09-07-1342 (2026-09-07) | Synced: PR #2471 (2026-09-08) — driving-only guard: the add-to-cart notification now self-dismisses (VCST-5909 fix), so the absence-of-success-notification assertion must be read immediately after the click or it passes vacuously. No assertion changed",Automated
MSNF-036,"Double-clicking Add to cart issues one write, not two",Loyalty > Missions > Featured SKU Modal,High,BL-CART-001; BL-CROSS-010,ECL-7.3,"[PRE:CLEAR_SESSION]
[PRE:SIGNIN_AS:USER_DEFAULT]
[PRE:RESET_CART]
Store @td(MSN_STORE_SETTINGS.store_id) has @td(MSN_STORE_SETTINGS.setting_name)=true and @td(MSN_STORE_SETTINGS.base_setting_name)=true. The loyalty missions fixture set is seeded, so this account resolves roughly 14 published public missions through loyaltyMissionProgress.
The cart is empty and the featured-SKU fixture's products are in stock.
OVERLAY RESIDUE — RESOLVED 2026-09-08, historical note only, there is no live drift: a stale sku/name shadow on the MSN_PERSKU_PRODUCT_A / MSN_PERSKU_PRODUCT_B aliases in test-data/aliases.vcst.json was deleted, and both aliases resolve their base AGENT-TEST identities again (verified this session: A = AGENT-TEST-MSN-TARGET-A at list_price 30, B = AGENT-TEST-MSN-TARGET-B at 42.5). The overlay productIds were NEVER stale. Kept as one line only for the lesson: a green 'npm run td:validate' cannot see a ref that RESOLVES to the wrong entity, which is why the shadow stayed invisible.",front_url={{FRONT_URL}}; persku_all=@td(MSN_PERSKU_ALL.name); product_a_sku=@td(MSN_PERSKU_PRODUCT_A.sku),"[NAV] {{FRONT_URL}}/account/missions
[WAIT] the mission card grid has rendered at least one card and no loading skeleton is visible
[ACT] click the open-mission control on the card for @td(MSN_PERSKU_ALL.name)
[WAIT] the modal has rendered its product rows
[ACT] set the row for @td(MSN_PERSKU_PRODUCT_A.sku) to quantity 2
[WAIT] the summary block has recomputed
[ACT] click 'Add to cart' twice in rapid succession, faster than the first request can complete
[WAIT] all in-flight requests have settled, then COUNT the notifications in the notification region as the very first observation, before any other read or navigation — these notifications now self-dismiss unaided (PR #2471 passes them a duration), so a later count returns zero without that being evidence that only one was ever shown
[NAV] {{FRONT_URL}}/cart
[WAIT] the cart page has rendered its line items","[MATH] the cart holds 1 line for @td(MSN_PERSKU_PRODUCT_A.sku) at quantity = 2, so the second click neither doubled it nor created a second line {BL}
[DOM] the 'Add to cart' control is disabled or shows a busy state while the first request is in flight {OBSERVED}
[MATH] the number of success notifications shown for the pair of clicks = 1 or fewer {OBSERVED}","[API] exactly one cart-quantity mutation per changed row reaches the server across both clicks, and its errors[] is empty
[CONSOLE] no unhandled JS errors and no aborted-request rejections",Two mutation batches on the wire; cart quantity four instead of two; two success notifications stacked; the control stays enabled throughout the request,Empty the cart,"VCST-5346 | Promoted: VCST-5346 (2026-08-27) | Synced: PR #2471 (2026-09-08) — driving-only guard: the add-to-cart notification now self-dismisses (VCST-5909 fix), so the notification COUNT must be taken immediately after the pair of clicks or a late read returns zero and the case passes vacuously. No assertion changed | Synced: PR #2471 (2026-09-08) — fixture-drift note only: the vcst overlay shadows the MSN_PERSKU_PRODUCT_A/B aliases with stale live-discovered catalog products, so this case currently addresses modal rows by a SKU that is not in the modal. No step and no assertion changed; the @td() indirection is deliberately kept and the overlay is what needs reconciling | Resolved: 2026-09-08 — the overlay sku/name residue was deleted and MSN_PERSKU_PRODUCT_A/B resolve their base AGENT-TEST identities again, so the fixture-drift stamp above is HISTORICAL; the overlay productIds were never stale",Automated
MSNF-037,Multiple changed rows are written concurrently to one cart with no lost update,Loyalty > Missions > Featured SKU Modal,Critical,BL-CART-001; BL-CART-007 (no-duplicate-line half only),ECL-7.3,"[PRE:CLEAR_SESSION]
[PRE:SIGNIN_AS:USER_DEFAULT]
[PRE:RESET_CART]
Store @td(MSN_STORE_SETTINGS.store_id) has @td(MSN_STORE_SETTINGS.setting_name)=true and @td(MSN_STORE_SETTINGS.base_setting_name)=true. The loyalty missions fixture set is seeded, so this account resolves roughly 14 published public missions through loyaltyMissionProgress.
The cart is empty. The featured-SKU fixture's products are seeded and in stock. The modal issues its per-row cart writes concurrently, so this case exercises a genuine race against one cart aggregate.
OVERLAY RESIDUE — RESOLVED 2026-09-08, historical note only, there is no live drift: a stale sku/name shadow on the MSN_PERSKU_PRODUCT_A / MSN_PERSKU_PRODUCT_B aliases in test-data/aliases.vcst.json was deleted, and both aliases resolve their base AGENT-TEST identities again (verified this session: A = AGENT-TEST-MSN-TARGET-A at list_price 30, B = AGENT-TEST-MSN-TARGET-B at 42.5). The overlay productIds were NEVER stale. Kept as one line only for the lesson: a green 'npm run td:validate' cannot see a ref that RESOLVES to the wrong entity, which is why the shadow stayed invisible.",front_url={{FRONT_URL}}; persku_all=@td(MSN_PERSKU_ALL.name); product_a_sku=@td(MSN_PERSKU_PRODUCT_A.sku); product_b_sku=@td(MSN_PERSKU_PRODUCT_B.sku),"[NAV] {{FRONT_URL}}/account/missions
[WAIT] the mission card grid has rendered at least one card and no loading skeleton is visible
[ACT] click the open-mission control on the card for @td(MSN_PERSKU_ALL.name)
[WAIT] the modal has rendered its product rows
[ACT] set the row for @td(MSN_PERSKU_PRODUCT_A.sku) to quantity 3
[WAIT] the summary block has recomputed
[ACT] set the row for @td(MSN_PERSKU_PRODUCT_B.sku) to quantity 2
[WAIT] the summary block has recomputed
[ACT] begin recording network activity so the concurrent write batch can be counted
[ACT] click 'Add to cart'
[WAIT] all in-flight cart requests have settled and a result notification is visible
[ACT] count the concurrent cart write requests captured in the network recording
[NAV] {{FRONT_URL}}/cart
[WAIT] the cart page has rendered its line items","[MATH] the cart holds a line for @td(MSN_PERSKU_PRODUCT_A.sku) at quantity = 3 {BL}
[MATH] the cart holds a line for @td(MSN_PERSKU_PRODUCT_B.sku) at quantity = 2 {BL}
[STATE] both writes survive, and neither row's quantity is missing or reset to zero by the other's concurrent write {BL}
[MATH] the cart item count = 5 units across exactly 2 lines {BL}
[MATH] the number of success notifications for the batch = 1, not one per row {OBSERVED}","[API] every issued cart mutation returns an empty errors[]
[API] the final cart query reflects both quantities and returns an empty errors[]
[CONSOLE] no unhandled JS errors and no unhandled promise rejections from the concurrent batch","Only the last row's quantity survives, which is a lost update from concurrent writes against one cart aggregate; one mutation returns a concurrency error the UI hides behind a success notification",Empty the cart,"VCST-5346 | Promoted: VCST-5346 (2026-08-27) | Synced: PR #2471 (2026-09-08) — fixture-drift note only: the vcst overlay shadows the MSN_PERSKU_PRODUCT_A/B aliases with stale live-discovered catalog products, so this case currently addresses modal rows by a SKU that is not in the modal. No step and no assertion changed; the @td() indirection is deliberately kept and the overlay is what needs reconciling | Resolved: 2026-09-08 — the overlay sku/name residue was deleted and MSN_PERSKU_PRODUCT_A/B resolve their base AGENT-TEST identities again, so the fixture-drift stamp above is HISTORICAL; the overlay productIds were never stale",Automated
MSNF-038,Header cart count and the cart page reflect the modal write,Loyalty > Missions > Featured SKU Modal,Critical,BL-CART-001,,"[PRE:CLEAR_SESSION]
[PRE:SIGNIN_AS:USER_DEFAULT]
[PRE:RESET_CART]
Store @td(MSN_STORE_SETTINGS.store_id) has @td(MSN_STORE_SETTINGS.setting_name)=true and @td(MSN_STORE_SETTINGS.base_setting_name)=true. The loyalty missions fixture set is seeded, so this account resolves roughly 14 published public missions through loyaltyMissionProgress.
The cart is empty and the header cart indicator reads zero before the case begins.
OVERLAY RESIDUE — RESOLVED 2026-09-08, historical note only, there is no live drift: a stale sku/name shadow on the MSN_PERSKU_PRODUCT_A / MSN_PERSKU_PRODUCT_B aliases in test-data/aliases.vcst.json was deleted, and both aliases resolve their base AGENT-TEST identities again (verified this session: A = AGENT-TEST-MSN-TARGET-A at list_price 30, B = AGENT-TEST-MSN-TARGET-B at 42.5). The overlay productIds were NEVER stale. Kept as one line only for the lesson: a green 'npm run td:validate' cannot see a ref that RESOLVES to the wrong entity, which is why the shadow stayed invisible.",front_url={{FRONT_URL}}; persku_all=@td(MSN_PERSKU_ALL.name); product_a_sku=@td(MSN_PERSKU_PRODUCT_A.sku),"[NAV] {{FRONT_URL}}/account/missions
[WAIT] the mission card grid has rendered at least one card and no loading skeleton is visible
[ACT] record the header cart indicator value
[ACT] click the open-mission control on the card for @td(MSN_PERSKU_ALL.name)
[WAIT] the modal has rendered its product rows
[ACT] set the row for @td(MSN_PERSKU_PRODUCT_A.sku) to quantity 2
[WAIT] the summary block has recomputed
[ACT] click 'Add to cart'
[WAIT] the operation completes and the header cart indicator settles
[ACT] record the header cart indicator value again
[ACT] click the modal's Close control
[WAIT] the modal has been dismissed
[NAV] {{FRONT_URL}}/cart
[WAIT] the cart page has rendered its line items","[MATH] the header cart indicator = 2 after the add, having read 0 before it, with no manual page reload {BL}
[STATE] the indicator updates reactively within a few seconds of the write settling — this is a client-side reactive badge, not an eventually-consistent reindex {OBSERVED}
[MATH] the cart page shows 1 line for @td(MSN_PERSKU_PRODUCT_A.sku) at quantity = 2 {BL}
[MATH] the header indicator value = the total unit count on the cart page {BL}
[MATH] the modal's own count-in-cart indicator for that row = 2 after the write {OBSERVED}","[API] the cart query issued after the mutation returns the updated line with an empty errors[]
[CONSOLE] no unhandled JS errors",The header badge stays at zero until a manual reload; the header badge and the cart page disagree; the modal's count-in-cart indicator stays stale after its own write,Empty the cart,"VCST-5346 | Promoted: VCST-5346 (2026-08-27) | Synced: PR #2471 (2026-09-08) — fixture-drift note only: the vcst overlay shadows the MSN_PERSKU_PRODUCT_A/B aliases with stale live-discovered catalog products, so this case currently addresses modal rows by a SKU that is not in the modal. No step and no assertion changed; the @td() indirection is deliberately kept and the overlay is what needs reconciling | Resolved: 2026-09-08 — the overlay sku/name residue was deleted and MSN_PERSKU_PRODUCT_A/B resolve their base AGENT-TEST identities again, so the fixture-drift stamp above is HISTORICAL; the overlay productIds were never stale",Automated
MSNF-039,A failed add surfaces an error notification and never a success notification,Loyalty > Missions > Featured SKU Modal,High,BL-CART-001; BL-GQL-001,ECL-14.1,"[PRE:CLEAR_SESSION]
[PRE:SIGNIN_AS:USER_DEFAULT]
[PRE:RESET_CART]
Store @td(MSN_STORE_SETTINGS.store_id) has @td(MSN_STORE_SETTINGS.setting_name)=true and @td(MSN_STORE_SETTINGS.base_setting_name)=true. The loyalty missions fixture set is seeded, so this account resolves roughly 14 published public missions through loyaltyMissionProgress.
BLOCKED ON TOOLING: this case needs a network-fault-injection primitive (fail the cart-quantity write for this one operation only) — none exists on the assigned browser-agent regression lane today; see MSNF-006's precondition for the same named gap and candidate fix.",front_url={{FRONT_URL}}; persku_all=@td(MSN_PERSKU_ALL.name); product_a_sku=@td(MSN_PERSKU_PRODUCT_A.sku),"[NAV] {{FRONT_URL}}/account/missions
[WAIT] the mission card grid has rendered at least one card and no loading skeleton is visible
[ACT] click the open-mission control on the card for @td(MSN_PERSKU_ALL.name)
[WAIT] the modal has rendered its product rows
[ACT] set the row for @td(MSN_PERSKU_PRODUCT_A.sku) to quantity 2
[WAIT] the summary block has recomputed
[ACT] arrange for the cart-quantity write to fail
[ACT] click 'Add to cart'
[WAIT] the operation settles, then capture the notification region as the very first observation, before any other read or navigation — the error notification now self-dismisses unaided too (PR #2471 passes a duration on both the success and the error toast), so a later read can find nothing without that being evidence of a missing notification
[ACT] restore normal network conditions for the lane
[NAV] {{FRONT_URL}}/cart
[WAIT] the cart page has rendered","[DOM] an error notification is visible and a success notification is absent {BL}
[DOM] the error copy is customer-readable, with no raw GraphQL message, HTTP status object or stack frame present {BL}
[STATE] the cart holds no line for @td(MSN_PERSKU_PRODUCT_A.sku) {BL}
[DOM] the modal is still visible with the customer's stepper values intact, so the add can be retried without re-entering them {SPEC}","[API] the failed write reports its failure in errors[] or as a transport error, and is not silently retried in a loop
[CONSOLE] the failure is caught — no unhandled promise rejection from the concurrent write batch","A success notification on a failed write, because the concurrent batch resolves optimistically; the modal closes and discards the customer's entered quantities; a raw error object is rendered in the notification",Restore normal network conditions and empty the cart,"VCST-5346 | Synced: PR #2471 (2026-09-08) — driving-only guard: PR #2471 passes a duration on the ERROR toast as well as the success one, so the error-notification read must be the immediate first observation after the click. No assertion changed",Draft
MSNF-040,Completed featured-SKU mission opens a read-only modal with no steppers and no add control,Loyalty > Missions > Featured SKU Modal,High,BL-GQL-003,,"[PRE:CLEAR_SESSION]
IDENTITY, REPOINTED 2026-09-08 - MISSION-PROGRESS OWNER. Mission progress is PER USER and this case reads progress, so it must run as the account the progress was provisioned for. The missions seeder provisions it under PROGRESS_USER_ROLE='USER' (scripts/seed-data/loyalty/missions-specs.mjs), which scripts/lib/user-roles.mjs resolves through USER_EMAIL - the same account @td(MSN_PROGRESS_ORDER.user_email) records as owning the provisioning order @td(MSN_PROGRESS_ORDER.number). The former [PRE:SIGNIN_AS:USER_DEFAULT] was the WRONG identity: USER_DEFAULT is test-data/users/test-users.csv USER-001, a different account, for which loyaltyMissionProgress returns totalCount=0 with every mission at 0 percent and isStarted=false - that zero is CORRECT for that account, and it makes every progress assertion below vacuously satisfiable. USER_DEFAULT is deliberately NOT redefined (it is referenced far beyond missions), and there is no @td() alias for the USER role today, so [PRE:SIGNIN_AS:USER] does not resolve either; the sign-in therefore moved into Steps against {{USER_EMAIL}} / {{USER_PASSWORD}}, the env binding that resolves to the progress owner on every environment because the seeder resolves the same role the same way. PROVENANCE CONSEQUENCE: any {OBSERVED} tag on this case predates the repoint and was recorded against ZERO progress, so it does not carry over to the progress-bearing state this case now runs in; the tags are left in place rather than silently rewritten, and re-grounding them is Dimension 10 work for /qa-review-tests --verify.
[PRE:RESET_CART]
Store @td(MSN_STORE_SETTINGS.store_id) has @td(MSN_STORE_SETTINGS.setting_name)=true and @td(MSN_STORE_SETTINGS.base_setting_name)=true. The loyalty missions fixture set is seeded, so this account resolves roughly 14 published public missions through loyaltyMissionProgress.
The completed featured-SKU fixture is seeded and its live progress status is @td(MSN_PROGRESS_COMPLETED.progress_status).",front_url={{FRONT_URL}}; completed=@td(MSN_PROGRESS_COMPLETED.name); completed_reward=@td(MSN_PROGRESS_COMPLETED.reward),"[NAV] {{FRONT_URL}}/sign-in
[WAIT] the sign-in form has rendered its email input
[ACT] type {{USER_EMAIL}} into the sign-in email input
[ACT] type {{USER_PASSWORD}} into the sign-in password input
[ACT] click the sign-in submit control
[WAIT] authentication completes, the browser settles on its post-login route
[NAV] {{FRONT_URL}}/account/missions
[WAIT] the mission card grid has rendered at least one card and no loading skeleton is visible
[ACT] click the open-mission control on the card for @td(MSN_PROGRESS_COMPLETED.name)
[WAIT] the modal has rendered its product rows and its summary block
[ACT] enumerate every control rendered in the completed mission's modal footer
[ACT] attempt to locate a quantity stepper on each product row
[ACT] record whether the read-only branch also hides row content beyond the controls","[DOM] a quantity stepper is absent from every product row {OBSERVED}
[DOM] an 'Add to cart' control is absent from the whole modal {OBSERVED}
[DOM] each product row still shows a visible image, title, SKU code and price, so the modal remains informative {OBSERVED}
[DOM] a Close control is present and is the only available action {OBSERVED}
[MATH] the reward line = @td(MSN_PROGRESS_COMPLETED.reward) {OBSERVED}","[API] opening the completed mission's modal issues no cart mutation, and the mission query's errors[] is empty
[CONSOLE] no unhandled JS errors","Steppers are rendered but inert on a completed mission; an add control is present and clickable, letting a customer act on a finished mission; the read-only branch hides the whole row content rather than just the controls",Close the modal,"VCST-5346 | Promoted: VCST-5346 (2026-08-27) | Repointed: 2026-09-08 — identity moved from USER_DEFAULT to the MISSION-PROGRESS OWNER ({{USER_EMAIL}}, the seeder PROGRESS_USER_ROLE=USER account). Reason: this case depends on the backend status being Completed - the read-only modal branch exists only in that state, and mission progress is per-user - as USER_DEFAULT loyaltyMissionProgress returns totalCount=0 and every such assertion is vacuous. USER_DEFAULT itself is unchanged; no @td() alias exists for the USER role, so the sign-in moved into Steps against the {{USER_EMAIL}}/{{USER_PASSWORD}} env binding",Automated
MSNF-042,"Order-value mission modal states its target as a spend amount with points, date and progress",Loyalty > Missions > Order Goal Modal,High,BL-GQL-003,,"[PRE:CLEAR_SESSION]
[PRE:SIGNIN_AS:USER_DEFAULT]
Store @td(MSN_STORE_SETTINGS.store_id) has @td(MSN_STORE_SETTINGS.setting_name)=true and @td(MSN_STORE_SETTINGS.base_setting_name)=true. The loyalty missions fixture set is seeded, so this account resolves roughly 14 published public missions through loyaltyMissionProgress.
The order-value fixture is seeded with a numeric target and a currency, since the backend requires a currency code on an order-value goal.",front_url={{FRONT_URL}}; ordervalue=@td(MSN_ORDERVALUE.name); ordervalue_target=@td(MSN_ORDERVALUE.goal_target); ordervalue_reward=@td(MSN_ORDERVALUE.reward),"[NAV] {{FRONT_URL}}/account/missions
[WAIT] the mission card grid has rendered at least one card and no loading skeleton is visible
[ACT] click the open-mission control on the card for @td(MSN_ORDERVALUE.name)
[WAIT] the order-goal modal has rendered","[DOM] the modal title is visible and reads @td(MSN_ORDERVALUE.name) {OBSERVED}
[MATH] the points chip in the modal = @td(MSN_ORDERVALUE.reward) {OBSERVED}
[DOM] a 'Mission target' block is visible stating the goal as a spend amount in qualifying orders, incorporating @td(MSN_ORDERVALUE.goal_target) {OBSERVED}
[FORMAT] the target amount renders with its currency rather than as a bare number {OBSERVED}
[DOM] a progress bar and a percent are visible {OBSERVED}
[DOM] a quantity stepper and an 'Add to cart' control are absent, because this goal type has no SKU rows {OBSERVED}","[API] the mission's goal target and currency in the response match the seeded fixture, and errors[] is empty
[CONSOLE] no unhandled JS errors",The target renders as a bare number with no currency; the featured-SKU modal opens for an order-value goal; the raw enum 'OrderValueGoal' is shown in the target block,Close the modal,VCST-5346 | Promoted: VCST-5346 (2026-08-27),Automated
MSNF-043,Order-count mission modal states its target as a count of separate orders,Loyalty > Missions > Order Goal Modal,High,BL-GQL-003,,"[PRE:CLEAR_SESSION]
[PRE:SIGNIN_AS:USER_DEFAULT]
Store @td(MSN_STORE_SETTINGS.store_id) has @td(MSN_STORE_SETTINGS.setting_name)=true and @td(MSN_STORE_SETTINGS.base_setting_name)=true. The loyalty missions fixture set is seeded, so this account resolves roughly 14 published public missions through loyaltyMissionProgress.
The order-count fixture is seeded with a numeric target.",front_url={{FRONT_URL}}; ordercount=@td(MSN_ORDERCOUNT.name); ordercount_target=@td(MSN_ORDERCOUNT.goal_target); ordercount_reward=@td(MSN_ORDERCOUNT.reward),"[NAV] {{FRONT_URL}}/account/missions
[WAIT] the mission card grid has rendered at least one card and no loading skeleton is visible
[ACT] click the open-mission control on the card for @td(MSN_ORDERCOUNT.name)
[WAIT] the order-goal modal has rendered
[ACT] read the mission target block wording verbatim
[ACT] look for a currency symbol anywhere in the target block","[DOM] a 'Mission target' block is visible stating the goal as placing @td(MSN_ORDERCOUNT.goal_target) separate orders {OBSERVED}
[DOM] the visible wording distinguishes a count of orders from an amount spent, so the two order goal types are not confusable {OBSERVED}
[MATH] the points chip in the modal = @td(MSN_ORDERCOUNT.reward) {OBSERVED}
[DOM] a progress bar and a percent are visible, and a Close control is present {OBSERVED}
[FORMAT] a currency symbol is absent from the order-count target {OBSERVED}","[API] the mission's goal target in the response matches the seeded fixture, and errors[] is empty
[CONSOLE] no unhandled JS errors",The order-count target renders with a currency symbol; both order goal types render identical target copy; a raw enum is shown,Close the modal,VCST-5346 | Promoted: VCST-5346 (2026-08-27),Automated
"MSNF-044","Order-goal modal offers the Redeem-products action the design specifies (Frames 1/2) — RED BY DESIGN: the locale key is confirmed dead (filed bug F3), held at Draft, never promoted until the CTA is wired","Loyalty > Missions > Order Goal Modal","Medium",,,"@td(MSN_ORDERVALUE.name) visible on the missions page. REVISED 2026-08-28: the round-2 version of this case asserted the Redeem-products action is CURRENTLY ABSENT, inverting a real defect into the spec (Step 1e's own rule: an OBSERVED baseline is not an oracle). Correct disposition: (a) — the Claude Design project ('E-commerce missions feature' — see reports/bugs/open/low/BUG-loyalty-missions-design-drift-three-surfaces.md for its id, not repeated here per DV-013), Frames 1 and 2, IS the oracle; it explicitly declares this action (per the design-drift bug's own note that Frames 1/2 declare both the Redeem-products CTA and the Catalog link). The case therefore asserts the DESIGNED behavior, is EXPECTED TO FAIL on the current build (F3: the redeem_products locale key ships in all 13 locales, referenced by zero .vue files), stays at Draft, and is never promoted until the CTA ships.","front_url={{FRONT_URL}}","[NAV] {{FRONT_URL}}/account/missions
[WAIT] the mission card grid has rendered at least one card and no loading skeleton is visible
[ACT] click the open-mission control on the card for @td(MSN_ORDERVALUE.name)
[WAIT] the order-goal modal has rendered its action row
[ACT] read every action control in the modal footer
[ACT] click the redeem-products action in the modal footer
[WAIT] navigation settles on its destination","[DOM] a primary 'Redeem products' action is present in the modal footer alongside Close {DOC} Claude Design project 'E-commerce missions feature' Frames 1/2 (id in the filed bug, not repeated here per DV-013) — EXPECTED TO FAIL today (F3: dead locale key, zero .vue references); do not silently correct this assertion to match the current absence
[NAV] activating it navigates to the redeem catalogue where earned points can be spent {DOC} same design source
[DOM] the action's label is resolved copy, and no dotted translation key is present in it {SPEC}",,"This case is EXPECTED to fail on the current build (F3) — that FAIL is not itself news. What WOULD be news: the action IS now present (report as a confirmed fix, promote this case), or the modal throws an error when the (currently nonexistent) action is sought (a different, more severe defect)","none — read-only unless the CTA is present, in which case: none, no mutation performed","VCST-5346; reports/bugs/open/low/BUG-loyalty-missions-design-drift-three-surfaces.md F3; Claude Design project 'E-commerce missions feature' Frames 1/2 (oracle, id in the filed bug per DV-013); held at Draft, RED BY DESIGN, never promote until F3 ships; Archetype:FALLBACK Technique:EG","Draft"
MSNF-045,Mission description renders in the order-goal modal,Loyalty > Missions > Order Goal Modal,High,BL-GQL-003,,"[PRE:CLEAR_SESSION]
[PRE:SIGNIN_AS:USER_DEFAULT]
Store @td(MSN_STORE_SETTINGS.store_id) has @td(MSN_STORE_SETTINGS.setting_name)=true and @td(MSN_STORE_SETTINGS.base_setting_name)=true. The loyalty missions fixture set is seeded, so this account resolves roughly 14 published public missions through loyaltyMissionProgress.
The localized order-goal fixture is seeded with a description. The card itself carries no description, so the modal is the only surface where a description can reach the customer. (The featured-SKU modal's description is covered independently by MSNF-069, split out because no featured-SKU mission currently declares a description — a data gap, not a reason to block this half.)",front_url={{FRONT_URL}}; localized=@td(MSN_LOCALIZED.name_default); localized_desc=@td(MSN_LOCALIZED.description_default),"[NAV] {{FRONT_URL}}/account/missions
[WAIT] the mission card grid has rendered at least one card and no loading skeleton is visible
[ACT] click the open-mission control on the card for the localized order-goal fixture
[WAIT] the order-goal modal has rendered
[ACT] read the description region of the order-goal modal","[DOM] the order-goal modal shows the visible mission description @td(MSN_LOCALIZED.description_default) {SPEC}
[DOM] where the order-goal modal's mission has no description, an empty block, a placeholder dash and the literal 'null' are all absent {BL}
[DOM] the description renders as text, so any markup in the stored value is visible as escaped characters rather than executed {BL}","[API] the description field in the response matches what is rendered, and errors[] is empty
[CONSOLE] no unhandled JS errors","Stored markup is executed rather than escaped; an empty block, placeholder dash, or literal 'null' appears where a description should be",Close the modal,"VCST-5346; Split 2026-08-28 (TCA) — featured-SKU modal half moved to MSNF-069 (was BLOCKED, entangled with this passing half) | Promoted: REG-2026-09-07-1342 (2026-09-07)",Automated
MSNF-046,Icon-only open-mission control exposes a real accessible name,Loyalty > Missions > Accessibility,High,BL-A11Y-002,ECL-15.1,"[PRE:CLEAR_SESSION]
[PRE:SIGNIN_AS:USER_DEFAULT]
Store @td(MSN_STORE_SETTINGS.store_id) has @td(MSN_STORE_SETTINGS.setting_name)=true and @td(MSN_STORE_SETTINGS.base_setting_name)=true. The loyalty missions fixture set is seeded, so this account resolves roughly 14 published public missions through loyaltyMissionProgress.
Run this case on the Coffee theme and repeat it on the Red theme; other themes are visually checked only. Use an accessibility-tree snapshot plus an automated rule scan of the missions page and of each open modal.",front_url={{FRONT_URL}}; persku_all=@td(MSN_PERSKU_ALL.name); ordervalue=@td(MSN_ORDERVALUE.name),"[NAV] {{FRONT_URL}}/account/missions
[WAIT] the mission card grid has rendered at least one card and no loading skeleton is visible
[ACT] capture the accessibility tree for the card grid
[ACT] read the accessible name of the open-mission control on each card
[ACT] traverse the grid using only the Tab key
[ACT] record the focus indicator on each control as it receives focus","[DOM] every card's open-mission control exposes a non-empty accessible name, and an empty name is absent {BL}
[DOM] a distinct accessible name is present on each control, identifying which mission it opens, so a screen-reader user hearing a list of controls can tell them apart rather than hearing one generic label repeated {BL}
[DOM] the control is reachable by keyboard alone and a visible focus indicator is present when it is focused {BL}
[DOM] the name is resolved copy in the active locale, and a dotted translation key or an icon file name is absent from it {BL}","[API] the automated accessibility rule scan reports no button-name violation on this page, and the mission query's errors[] is empty
[CONSOLE] no unhandled JS errors during keyboard traversal",The control exposes an empty name or is announced only as a button; every card's control announces identically so the mission cannot be identified; no visible focus ring,None — read-only,VCST-5346,Draft
MSNF-047,"Both mission modals expose a dialog role, a modal flag and an accessible name",Loyalty > Missions > Accessibility,High,BL-A11Y-002; BL-A11Y-004,ECL-15.1,"[PRE:CLEAR_SESSION]
[PRE:SIGNIN_AS:USER_DEFAULT]
Store @td(MSN_STORE_SETTINGS.store_id) has @td(MSN_STORE_SETTINGS.setting_name)=true and @td(MSN_STORE_SETTINGS.base_setting_name)=true. The loyalty missions fixture set is seeded, so this account resolves roughly 14 published public missions through loyaltyMissionProgress.
Run this case on the Coffee theme and repeat it on the Red theme; other themes are visually checked only. Use an accessibility-tree snapshot plus an automated rule scan of the missions page and of each open modal.
Known-positive risk (confirmed live, REG-2026-08-27-1731): the shared UI-kit dialog root renders with NO accessible name, and background content (banner/main/contentinfo) remains present in the accessibility tree — i.e. is NOT marked inert. Both defects are expected on both modals; this case is expected to expose them, not confirm compliance.",front_url={{FRONT_URL}}; persku_all=@td(MSN_PERSKU_ALL.name); ordervalue=@td(MSN_ORDERVALUE.name),"[NAV] {{FRONT_URL}}/account/missions
[WAIT] the mission card grid has rendered at least one card and no loading skeleton is visible
[ACT] click the open-mission control on the card for @td(MSN_PERSKU_ALL.name)
[WAIT] the featured-SKU modal has rendered
[ACT] capture the accessibility tree for the open modal
[ACT] click the modal's Close control
[WAIT] the modal has been dismissed
[ACT] click the open-mission control on the card for @td(MSN_ORDERVALUE.name)
[WAIT] the order-goal modal has rendered
[ACT] capture the accessibility tree for the open modal","[DOM] the featured-SKU modal root exposes a dialog role to assistive technology, and a generic container role is absent {BL}
[DOM] the featured-SKU modal root is marked as modal, so the content behind it is absent from the accessibility tree {BL}
[DOM] the featured-SKU modal exposes a non-empty accessible name derived from its visible heading {BL}
[DOM] the order-goal modal root satisfies the same three conditions: dialog role present, modal flag present, accessible name present {BL}
[DOM] content behind an open modal is absent from the accessibility tree and is not reachable by Tab {BL}","[API] the automated accessibility rule scan reports no dialog-name or aria-required-attr violation while a modal is open, and the mission query's errors[] is empty
[CONSOLE] no unhandled JS errors",The modal root renders as a generic container with no role; a screen reader continues to read the page behind the modal; the modal is announced with no name,Close the modal,VCST-5346,Draft
MSNF-048,"Modal traps focus, closes on Escape and returns focus to the control that opened it",Loyalty > Missions > Accessibility,High,BL-A11Y-001,ECL-15.1,"[PRE:CLEAR_SESSION]
[PRE:SIGNIN_AS:USER_DEFAULT]
Store @td(MSN_STORE_SETTINGS.store_id) has @td(MSN_STORE_SETTINGS.setting_name)=true and @td(MSN_STORE_SETTINGS.base_setting_name)=true. The loyalty missions fixture set is seeded, so this account resolves roughly 14 published public missions through loyaltyMissionProgress.
Run this case on the Coffee theme and repeat it on the Red theme; other themes are visually checked only. Use an accessibility-tree snapshot plus an automated rule scan of the missions page and of each open modal.",front_url={{FRONT_URL}}; persku_all=@td(MSN_PERSKU_ALL.name),"[NAV] {{FRONT_URL}}/account/missions
[WAIT] the mission card grid has rendered at least one card and no loading skeleton is visible
[ACT] move focus to the open-mission control on the card for @td(MSN_PERSKU_ALL.name) using the Tab key
[ACT] press Enter to activate the focused control
[WAIT] the featured-SKU modal has rendered
[ACT] press Tab repeatedly until focus has cycled through every focusable control in the modal
[ACT] press Tab once more from the last focusable control
[ACT] press Shift+Tab from the first focusable control
[ACT] press Escape
[WAIT] the modal has been dismissed","[DOM] on open, focus is present inside the modal rather than on the page behind it {BL}
[DOM] Tab cycles only within the modal, wrapping from the last focusable control back to the first, and focus on the page behind is absent {BL}
[DOM] Shift+Tab from the first control wraps to the last, and focus on the page behind is absent {BL}
[DOM] Escape dismisses the modal, after which the modal is absent {BL}
[DOM] after dismissal focus is present on the open-mission control that opened it, not on the document body {BL}","[API] no mutation is issued by keyboard traversal, so no errors[] can be raised
[CONSOLE] no unhandled JS errors during keyboard traversal",Tab escapes to the header or to the cards behind the modal; Escape does nothing; focus lands on the body after close so a keyboard user restarts from the top of the page,Close the modal,VCST-5346 | Promoted: VCST-5346 (2026-08-27),Automated
MSNF-049,Progress bars expose their value to assistive technology,Loyalty > Missions > Accessibility,High,BL-A11Y-004,ECL-15.1,"[PRE:CLEAR_SESSION]
IDENTITY, REPOINTED 2026-09-08 - MISSION-PROGRESS OWNER. Mission progress is PER USER and this case reads progress, so it must run as the account the progress was provisioned for. The missions seeder provisions it under PROGRESS_USER_ROLE='USER' (scripts/seed-data/loyalty/missions-specs.mjs), which scripts/lib/user-roles.mjs resolves through USER_EMAIL - the same account @td(MSN_PROGRESS_ORDER.user_email) records as owning the provisioning order @td(MSN_PROGRESS_ORDER.number). The former [PRE:SIGNIN_AS:USER_DEFAULT] was the WRONG identity: USER_DEFAULT is test-data/users/test-users.csv USER-001, a different account, for which loyaltyMissionProgress returns totalCount=0 with every mission at 0 percent and isStarted=false - that zero is CORRECT for that account, and it makes every progress assertion below vacuously satisfiable. USER_DEFAULT is deliberately NOT redefined (it is referenced far beyond missions), and there is no @td() alias for the USER role today, so [PRE:SIGNIN_AS:USER] does not resolve either; the sign-in therefore moved into Steps against {{USER_EMAIL}} / {{USER_PASSWORD}}, the env binding that resolves to the progress owner on every environment because the seeder resolves the same role the same way. PROVENANCE CONSEQUENCE: any {OBSERVED} tag on this case predates the repoint and was recorded against ZERO progress, so it does not carry over to the progress-bearing state this case now runs in; the tags are left in place rather than silently rewritten, and re-grounding them is Dimension 10 work for /qa-review-tests --verify.
Store @td(MSN_STORE_SETTINGS.store_id) has @td(MSN_STORE_SETTINGS.setting_name)=true and @td(MSN_STORE_SETTINGS.base_setting_name)=true. The loyalty missions fixture set is seeded, so this account resolves roughly 14 published public missions through loyaltyMissionProgress.
Run this case on the Coffee theme and repeat it on the Red theme; other themes are visually checked only. Use an accessibility-tree snapshot plus an automated rule scan of the missions page and of each open modal.",front_url={{FRONT_URL}}; ending_soon_pct=@td(MSN_ENDING_SOON.progress_percentage); partial_pct=@td(MSN_PROGRESS_PARTIAL.progress_percentage); persku_all=@td(MSN_PERSKU_ALL.name),"[NAV] {{FRONT_URL}}/sign-in
[WAIT] the sign-in form has rendered its email input
[ACT] type {{USER_EMAIL}} into the sign-in email input
[ACT] type {{USER_PASSWORD}} into the sign-in password input
[ACT] click the sign-in submit control
[WAIT] authentication completes, the browser settles on its post-login route
[NAV] {{FRONT_URL}}/account/missions
[WAIT] the mission card grid has rendered at least one card and no loading skeleton is visible
[ACT] capture the accessibility tree for the card grid
[ACT] read how each card's progress bar is exposed
[ACT] click the open-mission control on the card for @td(MSN_PERSKU_ALL.name)
[WAIT] the modal has rendered
[ACT] capture the accessibility tree for the modal's progress bar","[DOM] each card's progress bar is exposed with a progress role and a current value, or the percent is present to assistive technology as adjacent text {BL}
[MATH] the exposed value = the visible percent, read on the card for @td(MSN_PROGRESS_PARTIAL.name) whose percent is NON-ZERO on the mission-progress-owner identity, so the equality is discriminating rather than the vacuous 0 = 0 that @td(MSN_ENDING_SOON.name) yields for this account (exemplar moved off the ending-soon card 2026-09-08 for exactly that reason) {BL}
[DOM] progress is never conveyed by bar width alone, so a textual or programmatic equivalent is always present {BL}
[DOM] the modal's progress bar satisfies the same conditions {BL}","[API] the automated accessibility rule scan reports no progressbar-name or aria-valid-attr-value violation, and the mission query's errors[] is empty
[CONSOLE] no unhandled JS errors","The progress bar is a bare decorated container with no role, no value and no adjacent percent text, so a screen-reader user learns nothing about mission progress; the exposed value disagrees with the visible percent",Close the modal,"VCST-5346 | Promoted: VCST-5346 (2026-08-27) | Repointed: 2026-09-08 — identity moved from USER_DEFAULT to the MISSION-PROGRESS OWNER ({{USER_EMAIL}}, the seeder PROGRESS_USER_ROLE=USER account). Reason: this case reads the progress-bar value exposed to assistive technology against the visible percent, and mission progress is per-user - as USER_DEFAULT loyaltyMissionProgress returns totalCount=0 and every such assertion is vacuous. USER_DEFAULT itself is unchanged; no @td() alias exists for the USER role, so the sign-in moved into Steps against the {{USER_EMAIL}}/{{USER_PASSWORD}} env binding",Automated
MSNF-050,Date-badge severity and completion state are not conveyed by colour alone,Loyalty > Missions > Accessibility,High,BL-A11Y-003,ECL-15.1,"[PRE:CLEAR_SESSION]
IDENTITY, REPOINTED 2026-09-08 - MISSION-PROGRESS OWNER. Mission progress is PER USER and this case reads progress, so it must run as the account the progress was provisioned for. The missions seeder provisions it under PROGRESS_USER_ROLE='USER' (scripts/seed-data/loyalty/missions-specs.mjs), which scripts/lib/user-roles.mjs resolves through USER_EMAIL - the same account @td(MSN_PROGRESS_ORDER.user_email) records as owning the provisioning order @td(MSN_PROGRESS_ORDER.number). The former [PRE:SIGNIN_AS:USER_DEFAULT] was the WRONG identity: USER_DEFAULT is test-data/users/test-users.csv USER-001, a different account, for which loyaltyMissionProgress returns totalCount=0 with every mission at 0 percent and isStarted=false - that zero is CORRECT for that account, and it makes every progress assertion below vacuously satisfiable. USER_DEFAULT is deliberately NOT redefined (it is referenced far beyond missions), and there is no @td() alias for the USER role today, so [PRE:SIGNIN_AS:USER] does not resolve either; the sign-in therefore moved into Steps against {{USER_EMAIL}} / {{USER_PASSWORD}}, the env binding that resolves to the progress owner on every environment because the seeder resolves the same role the same way. PROVENANCE CONSEQUENCE: any {OBSERVED} tag on this case predates the repoint and was recorded against ZERO progress, so it does not carry over to the progress-bearing state this case now runs in; the tags are left in place rather than silently rewritten, and re-grounding them is Dimension 10 work for /qa-review-tests --verify.
Store @td(MSN_STORE_SETTINGS.store_id) has @td(MSN_STORE_SETTINGS.setting_name)=true and @td(MSN_STORE_SETTINGS.base_setting_name)=true. The loyalty missions fixture set is seeded, so this account resolves roughly 14 published public missions through loyaltyMissionProgress.
Run this case on the Coffee theme and repeat it on the Red theme; other themes are visually checked only. Use an accessibility-tree snapshot plus an automated rule scan of the missions page and of each open modal.",front_url={{FRONT_URL}}; ending_soon=@td(MSN_ENDING_SOON.name); completed=@td(MSN_PROGRESS_COMPLETED.name),"[NAV] {{FRONT_URL}}/sign-in
[WAIT] the sign-in form has rendered its email input
[ACT] type {{USER_EMAIL}} into the sign-in email input
[ACT] type {{USER_PASSWORD}} into the sign-in password input
[ACT] click the sign-in submit control
[WAIT] authentication completes, the browser settles on its post-login route
[NAV] {{FRONT_URL}}/account/missions
[WAIT] the mission card grid has rendered at least one card and no loading skeleton is visible
[ACT] read the date badge on the danger-severity card for @td(MSN_ENDING_SOON.name)
[ACT] read the date badge on the success-severity card for @td(MSN_PROGRESS_COMPLETED.name)
[ACT] render the page with hue removed
[ACT] compare the two badges with hue removed","[DOM] the urgent badge and the completed badge remain distinguishable with colour removed, because differing text, an icon or a shape is present {BL}
[DOM] each badge's own text states its condition — a countdown for an urgent mission and a completion label for a finished one — so badge colour is not the only signal {BL}
[MATH] the badge text contrast ratio against its badge background >= 4.5:1, or >= 3:1 where the badge text qualifies as large text under WCAG 1.4.3 — state which threshold applies — on the Coffee theme and on the Red theme {BL}","[API] the automated accessibility rule scan reports no colour-contrast violation on the badge text, and the mission query's errors[] is empty
[CONSOLE] no unhandled JS errors",Two badges carry identical text and differ only in fill colour; the badge text fails contrast on one of the two gated themes,Restore normal rendering,"VCST-5346 | Promoted: VCST-5346 (2026-08-27) | Repointed: 2026-09-08 — identity moved from USER_DEFAULT to the MISSION-PROGRESS OWNER ({{USER_EMAIL}}, the seeder PROGRESS_USER_ROLE=USER account). Reason: this case contrasts the completed badge with the urgent one, so a completed mission must be present, and mission progress is per-user - as USER_DEFAULT loyaltyMissionProgress returns totalCount=0 and every such assertion is vacuous. USER_DEFAULT itself is unchanged; no @td() alias exists for the USER role, so the sign-in moved into Steps against the {{USER_EMAIL}}/{{USER_PASSWORD}} env binding",Automated
MSNF-051,No raw translation key and no raw backend enum appears on the page or in either modal,Loyalty > Missions > Internationalisation,High,BL-GQL-003,,"[PRE:CLEAR_SESSION]
IDENTITY, REPOINTED 2026-09-08 - MISSION-PROGRESS OWNER. Mission progress is PER USER and this case reads progress, so it must run as the account the progress was provisioned for. The missions seeder provisions it under PROGRESS_USER_ROLE='USER' (scripts/seed-data/loyalty/missions-specs.mjs), which scripts/lib/user-roles.mjs resolves through USER_EMAIL - the same account @td(MSN_PROGRESS_ORDER.user_email) records as owning the provisioning order @td(MSN_PROGRESS_ORDER.number). The former [PRE:SIGNIN_AS:USER_DEFAULT] was the WRONG identity: USER_DEFAULT is test-data/users/test-users.csv USER-001, a different account, for which loyaltyMissionProgress returns totalCount=0 with every mission at 0 percent and isStarted=false - that zero is CORRECT for that account, and it makes every progress assertion below vacuously satisfiable. USER_DEFAULT is deliberately NOT redefined (it is referenced far beyond missions), and there is no @td() alias for the USER role today, so [PRE:SIGNIN_AS:USER] does not resolve either; the sign-in therefore moved into Steps against {{USER_EMAIL}} / {{USER_PASSWORD}}, the env binding that resolves to the progress owner on every environment because the seeder resolves the same role the same way. PROVENANCE CONSEQUENCE: any {OBSERVED} tag on this case predates the repoint and was recorded against ZERO progress, so it does not carry over to the progress-bearing state this case now runs in; the tags are left in place rather than silently rewritten, and re-grounding them is Dimension 10 work for /qa-review-tests --verify.
Store @td(MSN_STORE_SETTINGS.store_id) has @td(MSN_STORE_SETTINGS.setting_name)=true and @td(MSN_STORE_SETTINGS.base_setting_name)=true. The loyalty missions fixture set is seeded, so this account resolves roughly 14 published public missions through loyaltyMissionProgress.
All fixture goal types and both progress states are visible to this account, so every rendering branch is exercised on one page.",front_url={{FRONT_URL}}; persku_all=@td(MSN_PERSKU_ALL.name); ordervalue=@td(MSN_ORDERVALUE.name),"[NAV] {{FRONT_URL}}/sign-in
[WAIT] the sign-in form has rendered its email input
[ACT] type {{USER_EMAIL}} into the sign-in email input
[ACT] type {{USER_PASSWORD}} into the sign-in password input
[ACT] click the sign-in submit control
[WAIT] authentication completes, the browser settles on its post-login route
[NAV] {{FRONT_URL}}/account/missions
[WAIT] the mission card grid has rendered at least one card and no loading skeleton is visible
[ACT] page through every page of the mission grid
[ACT] scan all rendered text for dotted translation keys
[ACT] scan all rendered text for raw backend enum values
[ACT] click the open-mission control on the card for @td(MSN_PERSKU_ALL.name)
[WAIT] the featured-SKU modal has rendered
[ACT] scan the featured-SKU modal text
[ACT] click the modal's Close control
[WAIT] the modal has been dismissed
[ACT] click the open-mission control on the card for @td(MSN_ORDERVALUE.name)
[WAIT] the order-goal modal has rendered
[ACT] scan the order-goal modal text","[DOM] a dotted translation-key pattern is absent from all rendered text, on the page and in both modals {BL}
[DOM] the raw enums 'PerSkuAll', 'PerSkuAny', 'OrderValueGoal' and 'OrderCountGoal' are absent from all rendered text {BL}
[DOM] the raw status enum 'InProgress' is absent from all rendered text {BL}
[DOM] the visible label for the completed state comes from the translation layer rather than being echoed from the status field, so it changes with the active locale {BL}
[DOM] the literals 'undefined', 'null' and 'NaN' are absent from all rendered text {BL}","[CONSOLE] no missing-translation warnings are logged for the missions namespace
[API] the mission query returns an empty errors[] on every page of the grid",A type label or status chip falls through to the raw backend enum for a value the mapper does not recognise; a dotted key renders where a translation is missing,Close the modal,"VCST-5346 | Promoted: VCST-5346 (2026-08-27) | Repointed: 2026-09-08 — identity moved from USER_DEFAULT to the MISSION-PROGRESS OWNER ({{USER_EMAIL}}, the seeder PROGRESS_USER_ROLE=USER account). Reason: this case asserts the completed label comes from the translation layer rather than being echoed from the status field, which needs a completed state present, and mission progress is per-user - as USER_DEFAULT loyaltyMissionProgress returns totalCount=0 and every such assertion is vacuous. USER_DEFAULT itself is unchanged; no @td() alias exists for the USER role, so the sign-in moved into Steps against the {{USER_EMAIL}}/{{USER_PASSWORD}} env binding",Automated
MSNF-052,Localized mission name and description follow the active storefront language,Loyalty > Missions > Internationalisation,High,PROPOSED-BL-CAT-013,,"[PRE:CLEAR_SESSION]
[PRE:SIGNIN_AS:USER_DEFAULT]
Store @td(MSN_STORE_SETTINGS.store_id) has @td(MSN_STORE_SETTINGS.setting_name)=true and @td(MSN_STORE_SETTINGS.base_setting_name)=true. The loyalty missions fixture set is seeded, so this account resolves roughly 14 published public missions through loyaltyMissionProgress.
The localized fixture is seeded with a name and a description in both the default and the alternate locale. Both locales are enabled on store @td(MSN_STORE_SETTINGS.store_id).",front_url={{FRONT_URL}}; localized_default=@td(MSN_LOCALIZED.name_default); localized_alternate=@td(MSN_LOCALIZED.name_alternate); desc_alternate=@td(MSN_LOCALIZED.description_alternate),"[NAV] {{FRONT_URL}}/account/missions
[WAIT] the mission card grid has rendered at least one card and no loading skeleton is visible
[ACT] read the card title for the localized fixture in the default storefront language
[ACT] switch the storefront language to the alternate locale using the language selector
[WAIT] the missions page has re-rendered in the alternate language
[ACT] read the card title for the same mission
[ACT] click the open-mission control on that card
[WAIT] the modal has rendered
[ACT] read the modal description","[DOM] in the default language the card title @td(MSN_LOCALIZED.name_default) is visible {OBSERVED}
[DOM] in the alternate language the card title @td(MSN_LOCALIZED.name_alternate) is visible {OBSERVED}
[DOM] in the alternate language the modal description @td(MSN_LOCALIZED.description_alternate) is visible {OBSERVED}
[DOM] missions with no translation for the alternate locale fall back to their stored default name, and a blank title is absent {BL}
[DOM] the surrounding chrome — type labels, chips, controls and empty-state copy — is also translated, and default-language copy is absent from it {OBSERVED}","[API] the localizedName and description fields returned change with the requested culture, and errors[] is empty
[CONSOLE] no missing-translation warnings for the missions namespace in the alternate locale",The card title stays in the default language after the switch; untranslated missions render blank instead of falling back; only mission names translate while every label stays in the default language,Switch the storefront language back to the default locale,VCST-5346 | Promoted: VCST-5346 (2026-08-27),Automated
"MSNF-053","Days-left label pluralises correctly — merged BVA pair: plural (more than 1 day) and the singular boundary (exactly 1 day) in one case, replacing the separately-filed MSNF-070","Loyalty > Missions > Internationalisation","Medium",,,"State from MSNF-017 (danger-badge case) — @td(MSN_ENDING_SOON.name) card visible (5 days, plural branch). A second read on a mission ending in exactly 1 day (singular boundary) — same fixture family as MSNF-056's ends-today case, one day further out. Merge of the prior MSNF-053 (plural) and MSNF-070 (singular=1): both tested the SAME pluralisation rule at two points on the same rendering path; kept as one case with the boundary as the discriminating value, per the coordinator's redistribution review 2026-08-28.","front_url={{FRONT_URL}}","[NAV] {{FRONT_URL}}/account/missions
[WAIT] the mission card grid has rendered at least one card and no loading skeleton is visible
[ACT] read the days-left label on the card for @td(MSN_ENDING_SOON.name)
[ACT] read the days-left label on a mission ending in exactly 1 day","[MATH] on @td(MSN_ENDING_SOON.name) (daysRemaining greater than 1) the label uses the plural form, and the number in it = the daysRemaining the response returned {SPEC}
[DOM] with exactly 1 day remaining the singular label '1 day left' is visible, and '1 days left' is absent {SPEC}
[DOM] the plural/singular form comes from the translation layer's pluralisation rules, not a hardcoded string concatenation, so switching language keeps both forms grammatical {SPEC}",,"Plural and singular forms read identically (would mean pluralisation is not wired at all — the more severe version of the finding this case exists to catch); the days-left label is absent entirely on either fixture (a rendering regression unrelated to pluralisation)","none — read-only","VCST-5346; merges the prior MSNF-053 + MSNF-070 (same rule, two boundary points) per coordinator review 2026-08-28; Archetype:RENDER Technique:BVA | Promoted: REG-2026-09-07-1342 (2026-09-07)",Automated
"MSNF-054","Zero-target mission renders without a divide-by-zero artefact — card AND order-goal modal, plus the reward-line fixture-crosstalk guard absorbed from MSNF-066","Loyalty > Missions > Boundaries & Pagination","High",,,"@td(MSN_ZEROTARGET.name) seeded, Published, OrderCountGoal target=0. Merge of the prior MSNF-054 (card+modal div-by-zero) and MSNF-066 (order-goal-modal div-by-zero, same fixture, same modal, near-total assertion overlap) — kept as one case; MSNF-066's one distinct property (the reward line reads THIS fixture's own reward, not the zero-REWARD fixture's) is folded in as a fixture-crosstalk guard.","front_url={{FRONT_URL}}","[NAV] {{FRONT_URL}}/account/missions
[WAIT] the mission card grid has rendered at least one card and no loading skeleton is visible
[ACT] read the percent, the progress note, the progress bar on the card for @td(MSN_ZEROTARGET.name)
[ACT] click the open-mission control on that card
[WAIT] the order-goal modal has rendered its target block
[ACT] read the modal's target block wording verbatim
[ACT] read the modal's progress bar fill
[ACT] read the modal's percent label
[ACT] read the modal's reward line","[MATH] the percent on the card = 0 {OBSERVED}
[DOM] the literals 'NaN', 'Infinity' and 'undefined' are absent everywhere a computed value appears — card percent, progress note, modal target block, modal percent {BL}
[DOM] the progress bar fill (card and modal) is fully visible inside its track and does not overflow it, even though the current value is above the target {BL}
[DOM] a 'Completed' chip is absent on the card, because the backend keeps this mission in progress {OBSERVED}
[MATH] the modal reward line = @td(MSN_ZEROTARGET.reward), the zero-TARGET fixture's own reward, and NOT the zero-REWARD fixture's — a fixture-crosstalk guard {OBSERVED}",,"A division artefact (NaN/Infinity/undefined) appears anywhere; the modal fails to open; the reward line reads the wrong fixture's value (fixture-selector bug, not a zero-math bug)","none — read-only","VCST-5346; merges the prior MSNF-054 + MSNF-066 (same fixture, same modal, near-total overlap) per coordinator review 2026-08-28; Archetype:BOUNDARY Technique:BVA | Promoted: REG-2026-09-07-1342 (2026-09-07)",Automated
MSNF-055,Zero-reward mission renders its reward as zero rather than hiding the chip,Loyalty > Missions > Boundaries & Pagination,Medium,BL-GQL-003,,"[PRE:CLEAR_SESSION]
[PRE:SIGNIN_AS:USER_DEFAULT]
Store @td(MSN_STORE_SETTINGS.store_id) has @td(MSN_STORE_SETTINGS.setting_name)=true and @td(MSN_STORE_SETTINGS.base_setting_name)=true. The loyalty missions fixture set is seeded, so this account resolves roughly 14 published public missions through loyaltyMissionProgress.
The zero-reward fixture is seeded with a reward of @td(MSN_ZEROREWARD.reward).",front_url={{FRONT_URL}}; zeroreward=@td(MSN_ZEROREWARD.name); zeroreward_reward=@td(MSN_ZEROREWARD.reward),"[NAV] {{FRONT_URL}}/account/missions
[WAIT] the mission card grid has rendered at least one card and no loading skeleton is visible
[ACT] read the points chip on the card for @td(MSN_ZEROREWARD.name)
[ACT] click the open-mission control on that card
[WAIT] the modal has rendered
[ACT] read the modal's reward line","[MATH] the points chip on the card is visible and = @td(MSN_ZEROREWARD.reward) {OBSERVED}
[DOM] the chip is present rather than hidden by a falsy check that treats zero as absent {BL}
[MATH] the modal's reward line = @td(MSN_ZEROREWARD.reward) {OBSERVED}
[DOM] the literal 'undefined' and an empty unit label are absent beside the zero {BL}","[API] the reward field for this mission is 0 in the response, and errors[] is empty
[CONSOLE] no unhandled JS errors","The points chip disappears entirely at reward zero because zero is treated as falsy, so the card looks structurally different from its siblings; the modal reward line renders blank",Close the modal,VCST-5346 | Promoted: VCST-5346 (2026-08-27),Automated
MSNF-056,A mission ending today must not read as zero days left,Loyalty > Missions > Boundaries & Pagination,Medium,,,"[PRE:CLEAR_SESSION]
[PRE:SIGNIN_AS:USER_DEFAULT]
Store @td(MSN_STORE_SETTINGS.store_id) has @td(MSN_STORE_SETTINGS.setting_name)=true and @td(MSN_STORE_SETTINGS.base_setting_name)=true. The loyalty missions fixture set is seeded, so this account resolves roughly 14 published public missions through loyaltyMissionProgress.
BLOCKED ON DATA — no seeded mission is both in progress and ending within the current day. The expired fixture is excluded from the storefront by design, because the page requests only in-progress and completed missions, so it cannot supply this boundary either. Reaching it needs a published mission whose end date falls inside the next 24 hours. Report BLOCKED with this reason.",front_url={{FRONT_URL}},"[NAV] {{FRONT_URL}}/account/missions
[WAIT] the mission card grid has rendered at least one card and no loading skeleton is visible
[ACT] read the date badge on a card whose mission has zero whole days remaining
[ACT] read the date label on that same card","[DOM] the literal '0 days left' is absent from the card {SPEC}
[DOM] a last-day form such as an ends-today or final-day label is visible instead {SPEC}
[DOM] the date badge carries danger severity on the final day, and warning severity is absent {SPEC}
[DOM] the mission is still actionable — its open-mission control is enabled and its modal opens {SPEC}","[API] daysRemaining for the mission is 0 with an in-progress status, and errors[] is empty
[CONSOLE] no unhandled JS errors",'0 days left' shown to a customer who still has hours to act; the mission renders as expired while the backend still reports it in progress,None — read-only,VCST-5346,Draft
MSNF-057,Pagination appears only above one page and pages at twelve missions per page,Loyalty > Missions > Boundaries & Pagination,High,BL-GQL-003,,"[PRE:CLEAR_SESSION]
[PRE:SIGNIN_AS:USER_DEFAULT]
Store @td(MSN_STORE_SETTINGS.store_id) has @td(MSN_STORE_SETTINGS.setting_name)=true and @td(MSN_STORE_SETTINGS.base_setting_name)=true. The loyalty missions fixture set is seeded, so this account resolves roughly 14 published public missions through loyaltyMissionProgress.
The seeded fixture set puts this account above one page of missions, so the pager renders. Record the total mission count the query reports before asserting.",front_url={{FRONT_URL}}; page_size=12,"[NAV] {{FRONT_URL}}/account/missions
[WAIT] the mission card grid has rendered at least one card and no loading skeleton is visible
[ACT] count the cards rendered on page one
[ACT] record the total mission count the query reported
[ACT] count the page controls offered by the pager","[MATH] the number of cards on page one = 12 or fewer {OBSERVED}
[DOM] a pager is visible if and only if the total mission count the query reported is greater than 12 {OBSERVED}
[DOM] on the seeded fixture set that total exceeds 12, so a pager is present {OBSERVED}
[MATH] the number of page controls = the total mission count divided by 12, rounded up {OBSERVED}
[DOM] the page-one control is present in its current-page state, and a second control marked as current is absent {OBSERVED}","[API] the mission query requests a page size of 12, returns a total count above 12, and returns an empty errors[]
[CONSOLE] no unhandled JS errors",All missions render on one page with no pager; a pager renders with a single page control; the page size disagrees with the number of cards rendered,None — read-only,VCST-5346 | Promoted: VCST-5346 (2026-08-27),Automated
MSNF-058,Paging across the twelve-per-page boundary loses no mission and duplicates none,Loyalty > Missions > Boundaries & Pagination,High,BL-GQL-003,,"[PRE:CLEAR_SESSION]
[PRE:SIGNIN_AS:USER_DEFAULT]
Store @td(MSN_STORE_SETTINGS.store_id) has @td(MSN_STORE_SETTINGS.setting_name)=true and @td(MSN_STORE_SETTINGS.base_setting_name)=true. The loyalty missions fixture set is seeded, so this account resolves roughly 14 published public missions through loyaltyMissionProgress.
The account resolves more than twelve missions, so at least two pages exist.",front_url={{FRONT_URL}}; page_size=12,"[NAV] {{FRONT_URL}}/account/missions
[WAIT] the mission card grid has rendered at least one card and no loading skeleton is visible
[ACT] record the mission title of every card on page one, in order
[ACT] click the page-two control in the pager
[WAIT] the grid has re-rendered with page two's cards
[ACT] record the mission title of every card on page two, in order
[ACT] click the page-one control in the pager
[WAIT] the grid has re-rendered with page one's cards
[ACT] record page one's titles a second time","[STATE] no mission title appears on both page one and page two {BL}
[MATH] the count of distinct titles across both pages = the total mission count the query reported {BL}
[STATE] returning to page one yields the same set of titles as the first visit, in the same order {BL}
[DOM] the page-two control is present in its current-page state after the first transition, and the page-one control is present in that state after returning {OBSERVED}
[DOM] at least one mission card is visible on every page the pager reports as existing {BL}","[API] the page-two request uses an offset consistent with a twelve-item page and returns an empty errors[]
[CONSOLE] no unhandled JS errors on page transitions","A mission appears on both pages or vanishes between them, which is an off-by-one in the paging offset; page two renders empty; returning to page one reshuffles the order so a customer cannot find a mission again",Return to page one,VCST-5346 | Promoted: VCST-5346 (2026-08-27),Automated
MSNF-059,Expired and draft missions are withheld from the storefront list; the non-public flag is an open question,Loyalty > Missions > Boundaries & Pagination,Medium,,,"[PRE:CLEAR_SESSION]
[PRE:SIGNIN_AS:USER_DEFAULT]
Store @td(MSN_STORE_SETTINGS.store_id) has @td(MSN_STORE_SETTINGS.setting_name)=true and @td(MSN_STORE_SETTINGS.base_setting_name)=true. The loyalty missions fixture set is seeded, so this account resolves roughly 14 published public missions through loyaltyMissionProgress.
The expired, draft and non-public fixtures are seeded. The storefront requests only in-progress and completed missions, so the expired one is excluded by design rather than by a bug. The non-public flag has no known server-side visibility gate on this build and its intended meaning is undocumented, so this case RECORDS its behaviour rather than asserting exclusion — see the open question filed against the loyalty module.",front_url={{FRONT_URL}}; expired=@td(MSN_EXPIRED.name); draft=@td(MSN_DRAFT.name); private=@td(MSN_PUBLISHED_PRIVATE.name),"[NAV] {{FRONT_URL}}/account/missions
[WAIT] the mission card grid has rendered at least one card and no loading skeleton is visible
[ACT] page through every page of the mission grid
[ACT] search the collected mission titles for the expired, draft, non-public fixtures","[STATE] @td(MSN_EXPIRED.name) appears on no page, because the storefront requests only in-progress and completed missions {SPEC}
[STATE] @td(MSN_DRAFT.name) appears on no page, because an unpublished mission is not customer-facing {SPEC}
[STATE] does @td(MSN_PUBLISHED_PRIVATE.name) appear on any page? The meaning of the non-public flag is an undocumented open question on this build, and no server code path is known to apply it as a visibility gate, so record what happens rather than assuming exclusion {HYPOTHESIS}
[DOM] their absence is silent — no placeholder card, no error and no visible gap in the grid {SPEC}","[API] the mission query's status filter requests only in-progress and completed, the total count excludes the three withheld fixtures, and errors[] is empty
[CONSOLE] no unhandled JS errors",An expired or draft mission renders as an actionable card; the grid leaves a blank slot where a withheld mission would have been; the non-public result contradicts whatever the product owner confirms the flag is meant to do,None — read-only,VCST-5346,Draft
MSNF-060,Banner geometry matches the design spec on the card and in the modal,Loyalty > Missions > Design Verification,Low,BL-UI-001,,"[PRE:CLEAR_SESSION]
[PRE:SIGNIN_AS:USER_DEFAULT]
Store @td(MSN_STORE_SETTINGS.store_id) has @td(MSN_STORE_SETTINGS.setting_name)=true and @td(MSN_STORE_SETTINGS.base_setting_name)=true. The loyalty missions fixture set is seeded, so this account resolves roughly 14 published public missions through loyaltyMissionProgress.
Advisory design check. Precedence is invariant first, then design spec, then heuristic — a design match never rescues an invariant failure, and a design mismatch alone is a drift report rather than a defect. The design specifies a mission banner of 150 CSS pixels on the card and 170 CSS pixels in the modal, while the implementation applies a fixed utility height of 144 CSS pixels.",front_url={{FRONT_URL}}; design_card_banner_px=150; design_modal_banner_px=170; impl_banner_px=144; persku_all=@td(MSN_PERSKU_ALL.name),"[ACT] set the viewport to 1440 by 900
[NAV] {{FRONT_URL}}/account/missions
[WAIT] the mission card grid has rendered at least one card and no loading skeleton is visible
[ACT] measure the rendered height of a card's banner region in CSS pixels
[ACT] click the open-mission control on the card for @td(MSN_PERSKU_ALL.name)
[WAIT] the modal has rendered
[ACT] measure the rendered height of the modal's banner region in CSS pixels","[MATH] the card banner rendered height = 150 CSS pixels, within a 2 pixel tolerance {OBSERVED}
[MATH] the modal banner rendered height = 170 CSS pixels, within a 2 pixel tolerance {OBSERVED}
[DOM] the banner region is visible at a stable reserved height, so the grid does not reflow as banner images load {BL}","[API] no additional query is issued by measurement, and the mission query's errors[] is empty
[CONSOLE] no unhandled JS errors","A height mismatch against the design spec is DRIFT and is reported as drift, never filed as a defect — the implementation's fixed utility height is the recorded authoring-time value in Test_Data; the banner height varies between cards in the same row; the grid reflows as images load; the measured height differs from the spec by more than the recorded drift",Close the modal and restore the viewport to 1920 by 1080,VCST-5346 | Promoted: VCST-5346 (2026-08-27),Automated
MSNF-061,Mobile presentation and card-footer count differ from the design — record the drift,Loyalty > Missions > Design Verification,Low,BL-UI-004,ECL-7.4,"[PRE:CLEAR_SESSION]
[PRE:SIGNIN_AS:USER_DEFAULT]
Store @td(MSN_STORE_SETTINGS.store_id) has @td(MSN_STORE_SETTINGS.setting_name)=true and @td(MSN_STORE_SETTINGS.base_setting_name)=true. The loyalty missions fixture set is seeded, so this account resolves roughly 14 published public missions through loyaltyMissionProgress.
Advisory design check with the same precedence rule as the banner-geometry case. The design specifies a swipeable mobile carousel with position dots and a current-of-total indicator, plus a card-footer mission count, while the implementation ships a paginated single-column grid with a pager and no footer count.",front_url={{FRONT_URL}},"[ACT] set the viewport to 375 by 812
[NAV] {{FRONT_URL}}/account/missions
[WAIT] the mission card grid has rendered at least one card and no loading skeleton is visible
[ACT] record the mission presentation form at mobile width
[ACT] record whether a mission count is rendered in the card footer region
[ACT] attempt a horizontal swipe gesture across the card region","[DOM] record which mobile presentation is visible: a swipeable carousel with position dots and a current-of-total indicator as the design specifies, or the paginated single-column grid the implementation ships — a mismatch is DRIFT, reported, never filed {OBSERVED}
[DOM] record whether a mission count is visible in the card footer region as the design specifies, or a pager is present in its place — again DRIFT, reported, never filed {OBSERVED}
[STATE] whichever presentation ships, every mission remains reachable at mobile width and none is stranded behind an unusable control {BL}
[MATH] the content width = the viewport width or less, so no horizontal scrollbar is present {BL}","[API] no additional query is issued at mobile width beyond normal paging, and errors[] is empty
[CONSOLE] no unhandled JS errors at mobile width","A paginated grid ships where a carousel was designed and its pager control is too small to hit on a touch target, which makes the drift a usability problem rather than a cosmetic one; missions on later pages are unreachable at mobile width",Restore the viewport to 1920 by 1080,VCST-5346 | Promoted: VCST-5346 (2026-08-27),Automated
MSNF-062,Mobile touch targets on the missions page meet the minimum size and spacing,Loyalty > Missions > Mobile & Layout Stability,High,BL-UI-006,ECL-1.8,"[PRE:CLEAR_SESSION]
[PRE:SIGNIN_AS:USER_DEFAULT]
Store @td(MSN_STORE_SETTINGS.store_id) has @td(MSN_STORE_SETTINGS.setting_name)=true and @td(MSN_STORE_SETTINGS.base_setting_name)=true. The loyalty missions fixture set is seeded, so this account resolves roughly 14 published public missions through loyaltyMissionProgress.
Measure against the shipped UI-kit control sizes before reporting a failure: a control matching the kit's own standard button size is a design-system question rather than a page defect.",front_url={{FRONT_URL}}; min_target_px=24; min_gap_px=8; persku_all=@td(MSN_PERSKU_ALL.name),"[ACT] set the viewport to 375 by 812
[NAV] {{FRONT_URL}}/account/missions
[WAIT] the mission card grid has rendered at least one card and no loading skeleton is visible
[ACT] measure the rendered size of every interactive control on the page
[ACT] measure the gap between each pair of adjacent interactive controls
[ACT] click the open-mission control on the card for @td(MSN_PERSKU_ALL.name)
[WAIT] the modal has rendered
[ACT] measure the stepper increment control in the modal
[ACT] measure the stepper decrement control in the modal
[ACT] measure the modal Close control
[ACT] measure the modal primary action control","[MATH] for every interactive control on the page, width >= 24 CSS pixels and height >= 24 CSS pixels — except a control whose measured size = the shipped UI-kit standard for its control type, which is a design-system question and is reported separately {BL}
[MATH] the gap between each pair of adjacent interactive controls >= 8 CSS pixels {BL}
[MATH] for the modal's stepper increment and decrement controls, width >= 24 CSS pixels, height >= 24 CSS pixels and mutual gap >= 8 CSS pixels, since they are the most repeatedly tapped controls in the feature {BL}
[DOM] no control is clipped or pushed outside the viewport at 375 pixels, and every control remains visible {BL}","[API] no additional query is issued by measurement, and the mission query's errors[] is empty
[CONSOLE] no unhandled JS errors at mobile width",Stepper increment and decrement controls sit closer than eight pixels apart so a tap hits the wrong one; the pager controls fall below the minimum size; the Close control is clipped by the viewport edge,Close the modal and restore the viewport to 1920 by 1080,VCST-5346 | Promoted: VCST-5346 (2026-08-27),Automated
MSNF-063,Missions page loads without visible layout shift,Loyalty > Missions > Mobile & Layout Stability,High,BL-UI-001,ECL-1.4,"[PRE:CLEAR_SESSION]
[PRE:SIGNIN_AS:USER_DEFAULT]
Store @td(MSN_STORE_SETTINGS.store_id) has @td(MSN_STORE_SETTINGS.setting_name)=true and @td(MSN_STORE_SETTINGS.base_setting_name)=true. The loyalty missions fixture set is seeded, so this account resolves roughly 14 published public missions through loyaltyMissionProgress.
Measure on a cold load with the cache cleared, so banner images and the balance query resolve after first paint, which are the conditions under which a shift actually occurs.
MIGRATION NOTE: the [CLS]<=0.1 assertion below is exactly what scripts/layout/layout-runner.ts implements deterministically via [PROBE:CLS] (installs its observer before first paint, which an MCP-driven browser agent cannot do). Steps below are written in the runner-native grammar as an interim measure; a suite-owner should physically migrate this case into a layout-runner-executed suite (e.g. Backend/cross-cutting/048c-layout-stability.csv) — out of scope for this 083c-only fix pass. Until migrated, do not execute the [PROBE:CLS]/[CLS] portion via the qa-frontend-expert browser-agent lane; the three [DOM] assertions remain browser-executable.",front_url={{FRONT_URL}}; cls_budget=0.1,"[VIEWPORT] 1280x900
[PRE:CLEAR_CACHE]
[NAV] {{FRONT_URL}}/account/missions
[PROBE:CLS]
[WAIT] the card grid, the balance banner and every banner image have finished loading and the page is visually stable","[CLS] <= 0.1 {BL}
[DOM] the balance banner is visible at its reserved height before its value resolves, so the card grid does not jump downward when the balance arrives {BL}
[DOM] each card's banner region is visible at its reserved height before its image loads {BL}
[DOM] the pager is already present in the layout when the grid paints, so it does not appear later and push content downward {BL}","[NETWORK] no 4xx or 5xx during the traced load, and the mission query returns an empty errors[]
[CONSOLE] no unhandled JS errors during the traced load",The grid jumps when the balance banner resolves; cards resize as banner images arrive; the pager appearing late shifts the whole grid,None — read-only,VCST-5346,Draft
MSNF-064,Mission notification surface — record that none is implemented on this build,Loyalty > Missions > Notifications,Medium,,,"[PRE:CLEAR_SESSION]
[PRE:SIGNIN_AS:USER_DEFAULT]
Store @td(MSN_STORE_SETTINGS.store_id) has @td(MSN_STORE_SETTINGS.setting_name)=true and @td(MSN_STORE_SETTINGS.base_setting_name)=true. The loyalty missions fixture set is seeded, so this account resolves roughly 14 published public missions through loyaltyMissionProgress.
SCOPE RECORD, NOT A DEFECT CASE. The design frames specify mission notification popups and the story carries a notification acceptance criterion, but the loyalty module on this build emits no notification of any kind for missions and declares no notification dependency. Whether that criterion is in scope for this release is a product decision rather than a frontend defect, so this case records the absence for the product owner and is deliberately kept manual.",front_url={{FRONT_URL}},"[NAV] {{FRONT_URL}}/account/missions
[WAIT] the mission card grid has rendered at least one card and no loading skeleton is visible
[ACT] inspect the missions page for any mission-related notification, popup, unread badge
[ACT] inspect the account notification surfaces for the same three artefacts
[ACT] compare what is present against the two notification frames in the design","[DOM] record which mission-related notification surfaces are present in the storefront — a start popup, a completion popup, an unread badge, or an entry in the account notification list {OBSERVED}
[DOM] record which of the two designed notification frames, if either, has a shipped counterpart present {SPEC}","[API] confirm no notification-related operation is issued by the missions page, and the mission query's errors[] is empty",Not applicable as a pass or fail — this case records a scope gap; escalate to the product owner if the notification criterion is confirmed in scope for this release; re-scope the case into real assertions once a notification surface ships,None — read-only. Report the finding to the product owner as a scope question against the notification acceptance criterion; do not file it as a frontend defect.,VCST-5346,Manual
MSNF-065,Two order-value missions with the same target in different currencies each persist and return their own goal currency code,Loyalty > Missions > Order Goal Modal,High,BL-PRICE-005; BL-GQL-003,ECL-14.4,"[PRE:CLEAR_SESSION]
[PRE:SIGNIN_AS:USER_DEFAULT]
Store @td(MSN_STORE_SETTINGS.store_id) has @td(MSN_STORE_SETTINGS.setting_name)=true and @td(MSN_STORE_SETTINGS.base_setting_name)=true. The loyalty missions fixture set is seeded, so this account resolves roughly 14 published public missions through loyaltyMissionProgress.
Both order-value fixtures are seeded and visible to this account: @td(MSN_ORDERVALUE.name) with goal currency intent @td(MSN_ORDERVALUE.goal_currency_intent), and @td(MSN_ORDERVALUE_ALTCURRENCY.name) with intent @td(MSN_ORDERVALUE_ALTCURRENCY.goal_currency_intent). They carry the same numeric target and the same reward, differing only in currency, which is what makes the pair discriminating: with only one of them on the page, a modal that renders the SESSION currency symbol against the GOAL amount passes.",front_url={{FRONT_URL}}; ordervalue=@td(MSN_ORDERVALUE.name); ordervalue_currency=@td(MSN_ORDERVALUE.goal_currency); alt=@td(MSN_ORDERVALUE_ALTCURRENCY.name); alt_currency=@td(MSN_ORDERVALUE_ALTCURRENCY.goal_currency); target=@td(MSN_ORDERVALUE.goal_target); alt_target=@td(MSN_ORDERVALUE_ALTCURRENCY.goal_target),"[NAV] {{FRONT_URL}}/account/missions
[WAIT] the mission card grid has rendered at least one card and no loading skeleton is visible
[ACT] read the card for @td(MSN_ORDERVALUE.name)
[ACT] read the card for @td(MSN_ORDERVALUE_ALTCURRENCY.name)
[ACT] click the open-mission control on the card for @td(MSN_ORDERVALUE.name)
[WAIT] the order-goal modal has rendered its target block
[ACT] record the currency symbol rendered against the target amount
[ACT] click the modal's Close control
[WAIT] the modal has been dismissed
[ACT] click the open-mission control on the card for @td(MSN_ORDERVALUE_ALTCURRENCY.name)
[WAIT] the order-goal modal has rendered its target block
[ACT] record the currency symbol rendered against the target amount","[MATH] the API response for @td(MSN_ORDERVALUE.name) returns currency.code = @td(MSN_ORDERVALUE.goal_currency) {BL}
[MATH] the API response for @td(MSN_ORDERVALUE_ALTCURRENCY.name) returns currency.code = @td(MSN_ORDERVALUE_ALTCURRENCY.goal_currency), a DIFFERENT code from the first mission's {BL}
[FORMAT] each modal renders the target amount using the currency symbol configured for that mission's own currency.code on this store {SPEC}
[MATH] the target number in the first modal = the target number in the second modal, so only the currency differs and any divergence in the number is itself a defect {SPEC}","[API] both missions return their own goal currency code in the response, and errors[] is empty
[CONSOLE] no unhandled JS errors","Either mission's response returns the session currency code instead of its own goal currency code; a modal renders a bare number with no symbol; the alternate-currency mission is missing from the grid entirely. (Two currencies sharing the same configured symbol on this store — e.g. AUD and USD both render '$' — is NOT a failure signal; assert currency.code, never the rendered symbol.)",Close the modal,"VCST-5346; MSNF-065 rewritten 2026-08-28 (TCA) — prior version asserted two different rendered SYMBOLS, impossible when AUD and USD share '$' on this store; disproved live in REG-2026-08-27-1731",Draft
MSNF-067,Mission query failure and recovery are announced to assistive technology,Loyalty > Missions > Accessibility,High,BL-A11Y-004,ECL-15.1,"[PRE:CLEAR_SESSION]
[PRE:SIGNIN_AS:USER_DEFAULT]
Store @td(MSN_STORE_SETTINGS.store_id) has @td(MSN_STORE_SETTINGS.setting_name)=true and @td(MSN_STORE_SETTINGS.base_setting_name)=true. The loyalty missions fixture set is seeded, so this account resolves roughly 14 published public missions through loyaltyMissionProgress.
Run this case on the Coffee theme and repeat it on the Red theme. BLOCKED ON TOOLING: this case needs a network-fault-injection primitive (fail the loyaltyMissionProgress request for one attempt only) — none exists on the assigned browser-agent regression lane today; see MSNF-006's precondition for the same named gap and candidate fix. (The no-missions empty-state half of this scenario was split out to MSNF-071, which is separately BLOCKED ON DATA.)",front_url={{FRONT_URL}},"[ACT] arrange for the first loyaltyMissionProgress request from this page to fail
[NAV] {{FRONT_URL}}/account/missions
[WAIT] the page settles out of its loading state
[ACT] capture the accessibility tree for the failure surface
[ACT] read how the failure is announced to assistive technology
[ACT] restore normal network conditions for the lane
[ACT] click 'Try again' in the failure surface
[WAIT] the page settles out of its loading state a second time
[ACT] capture the accessibility tree for the recovered grid","[DOM] a live region or an alert role is present on the error surface, so its arrival is announced to assistive technology rather than only painted {BL}
[DOM] the 'Try again' control exposes a non-empty accessible name and is reachable by keyboard alone {BL}
[DOM] focus is present on the error surface once it replaces the grid, so a keyboard user is not left focused on a removed element {BL}
[DOM] after recovery the arrival of the mission grid is likewise announced, and a silent swap with no live region present is absent {BL}","[API] the automated accessibility rule scan reports no aria-valid-attr or region violation on the failure surface, and the recovered query returns an empty errors[]
[CONSOLE] the failure is handled — no unhandled promise rejection","The error surface replaces the grid with no announcement, so a screen-reader user hears nothing and believes the page is still loading; focus is dropped to the document body when the grid is removed.",Restore normal network conditions for the lane,VCST-5346,Draft
MSNF-068,A locale with no mission translation falls back to the stored default without a blank title,Loyalty > Missions > Internationalisation,Medium,PROPOSED-BL-CAT-013,,"[PRE:CLEAR_SESSION]
[PRE:SIGNIN_AS:USER_DEFAULT]
Store @td(MSN_STORE_SETTINGS.store_id) has @td(MSN_STORE_SETTINGS.setting_name)=true and @td(MSN_STORE_SETTINGS.base_setting_name)=true. The loyalty missions fixture set is seeded, so this account resolves roughly 14 published public missions through loyaltyMissionProgress.
At least one storefront locale is enabled on store @td(MSN_STORE_SETTINGS.store_id) for which the seeded missions carry NO translation. The localized fixture declares translations only for its default and alternate locales, so any third enabled locale exercises the fallback. If the store enables exactly the two locales the fixture covers, report BLOCKED with that reason rather than enabling a locale on a shared environment.",front_url={{FRONT_URL}}; localized_default=@td(MSN_LOCALIZED.name_default); localized_alternate=@td(MSN_LOCALIZED.name_alternate),"[NAV] {{FRONT_URL}}/account/missions
[WAIT] the mission card grid has rendered at least one card and no loading skeleton is visible
[ACT] switch the storefront language to a locale for which the missions carry no translation
[WAIT] the missions page has re-rendered in that locale
[ACT] read every card title in the grid
[ACT] click the open-mission control on the card for the localized fixture
[WAIT] the modal has rendered
[ACT] read the modal title
[ACT] read the modal description","[DOM] every card title is visible and non-empty in the untranslated locale {BL}
[DOM] the localized fixture falls back to @td(MSN_LOCALIZED.name_default), and a blank title, the literal 'null' and a dotted translation key are all absent {BL}
[DOM] the modal title and description fall back the same way, and an empty title region or empty description region is absent {BL}
[DOM] the surrounding chrome falls back to the storefront default language, and a raw dotted key is absent from every visible label {BL}","[API] the mission query for the untranslated culture returns a non-null name and an empty errors[]
[CONSOLE] no unhandled JS errors and no missing-translation crash in the untranslated locale",Mission titles render blank in an untranslated locale; the modal renders an empty description region; a dotted translation key is shown to the customer,Switch the storefront language back to the default locale,VCST-5346,Draft
MSNF-069,Mission description renders in the featured-SKU modal,Loyalty > Missions > Featured SKU Modal,High,BL-GQL-003,,"[PRE:CLEAR_SESSION]
[PRE:SIGNIN_AS:USER_DEFAULT]
Store @td(MSN_STORE_SETTINGS.store_id) has @td(MSN_STORE_SETTINGS.setting_name)=true and @td(MSN_STORE_SETTINGS.base_setting_name)=true. The loyalty missions fixture set is seeded, so this account resolves roughly 14 published public missions through loyaltyMissionProgress.
PENDING TEST DATA — no seeded featured-SKU mission currently declares a description field (test-data gap, see triage REG-2026-08-27-1731 §4 — ""one line, do this first""). Report this case BLOCKED WITH THIS REASON until a featured-SKU mission with a description is seeded; do not substitute @td(MSN_PERSKU_ALL.name) or any other description-less mission.",front_url={{FRONT_URL}}; persku_all=@td(MSN_PERSKU_ALL.name),"[NAV] {{FRONT_URL}}/account/missions
[WAIT] the mission card grid has rendered at least one card and no loading skeleton is visible
[ACT] click the open-mission control on a featured-SKU mission that carries a description
[WAIT] the featured-SKU modal has rendered
[ACT] read the description region of the featured-SKU modal","[DOM] the featured-SKU modal shows its mission's visible description text {SPEC}
[DOM] where a featured-SKU mission has no description, an empty block, a placeholder dash and the literal 'null' are all absent {BL}
[DOM] the description renders as text, so any markup in the stored value is visible as escaped characters rather than executed {BL}","[API] the description field in the response matches what is rendered, and errors[] is empty
[CONSOLE] no unhandled JS errors","The featured-SKU modal has no description region at all, so a featured-SKU mission's description is unreachable anywhere in the UI because the card carries none either; stored markup is executed rather than escaped",Close the modal,VCST-5346; Split from MSNF-045 (TCA-2026-08-28) — was entangled with a passing order-goal-modal half; independently BLOCKED ON DATA (see Preconditions) | Promoted: REG-2026-09-07-1342 (2026-09-07),Automated
MSNF-071,"The no-missions empty state is announced to assistive technology, distinctly from a failure",Loyalty > Missions > Accessibility,High,BL-A11Y-004,ECL-15.1,"[PRE:CLEAR_SESSION]
[PRE:SIGNIN_AS:USER_DEFAULT]
Run this case on the Coffee theme and repeat it on the Red theme.
PENDING TEST DATA — no account currently resolves zero missions (test-data gap, see triage REG-2026-08-27-1731 §4, ""007 zero-mission account, needs a second store, not a spec row""). Report this case BLOCKED WITH THIS REASON until such an account/store exists.",front_url={{FRONT_URL}},"[ACT] sign in as an account that resolves zero missions (fixture pending — see Preconditions)
[NAV] {{FRONT_URL}}/account/missions
[WAIT] the page settles out of its loading state
[ACT] capture the accessibility tree for the no-missions empty state","[DOM] a live region or an alert role is present on the no-missions empty state, so its arrival is announced to assistive technology rather than only painted {BL}
[DOM] the empty state's announced text is distinguishable from the failure-state announcement by wording alone {BL}","[API] the mission query returns zero missions with an empty errors[]
[CONSOLE] no unhandled JS errors","The empty state has no live region and is announced identically (or not at all) compared with the failure state, so a screen-reader user cannot tell ""no missions"" from ""something broke""",None — read-only,VCST-5346; Split from MSNF-067 (TCA-2026-08-28) — was entangled with a passing failure/recovery half; independently BLOCKED ON DATA (see Preconditions),Draft
MSNF-UIP-BACK-001,"Browser Back after closing a featured-SKU modal that wrote to the cart — the modal is not a route (MSNF-041's own finding), so Back navigates the underlying page history while the cart mutation already committed",Loyalty > Missions > Interaction Probes,Medium,,ECL-14.7,"[PRE:SIGNIN_AS:LOYALTY_VIP_USER]
[PRE:RESET_CART]
@td(MSN_PERSKU_ALL.name) visible. Came from account dashboard (so Back has a real prior page to return to, not the browser's own history boundary).",front_url={{FRONT_URL}},"[NAV] {{FRONT_URL}}/account
[NAV] {{FRONT_URL}}/account/missions
[WAIT] the mission card grid has rendered
[ACT] click the open-mission control on the card for @td(MSN_PERSKU_ALL.name)
[WAIT] the featured-SKU modal has rendered
[ACT] set one product row's stepper to its target quantity and click 'Add to cart'
[WAIT] the write completes and a result notification is visible
[ACT] click the modal's Close control
[WAIT] the modal has been dismissed
[ACT] press the browser Back button
[WAIT] navigation settles on its destination","[NAV] Back lands on {{FRONT_URL}}/account (the page visited before missions), not a broken or blank intermediate state {SPEC}
[STATE] the cart still holds the line written by the modal — the committed mutation is not rolled back by a client-side history navigation {BL}
[NAV] navigating forward again from {{FRONT_URL}}/account back to /account/missions renders the page fresh, with no resurrected stale modal open {SPEC}",[CONSOLE] no unhandled JS errors on Back navigation,Back lands on a blank page or throws a router error; the cart line is missing after Back (would mean a client-side navigation is rolling back a server-committed write); the modal resurrects itself open on the destination page,Remove the added cart line; sign out,"VCST-5320; UIP-BACK (modern-web-attack-surface.md); the modal is explicitly not a route per MSNF-041's own finding, so Back's target is the underlying page, not modal state — the untested seam; Archetype:STALE Technique:EG | Promoted: REG-2026-09-07-1342 (2026-09-07)",Automated
MSNF-UIP-EXPIRE-001,"Session expires while the missions page is open — a polled, revisit-heavy surface (L6 crossed twice per journey) is more exposed to sit-idle-then-expire than a typical transactional page",Loyalty > Missions > Interaction Probes,Medium,,,"[PRE:SIGNIN_AS:LOYALTY_VIP_USER]
Session/token TTL can be forced to expire (via a short-TTL test session or a manually revoked token) without reloading the page.",front_url={{FRONT_URL}},"[NAV] {{FRONT_URL}}/account/missions
[WAIT] the mission card grid has rendered at least one card
[ACT] force the session token to expire or be revoked, without reloading the page
[ACT] click the open-mission control on any card, triggering a fresh authenticated request
[WAIT] the page settles into its response to the failed request","[DOM] a graceful re-authentication prompt or a redirect to sign-in is visible, and the raw unhandled 401, a blank white page, and a permanently spinning modal are all absent {BL}
[DOM] no raw GraphQL error object, stack frame or HTTP status code is visible to the customer {BL}
[NAV] after re-authenticating, the customer lands back on /account/missions rather than a generic dashboard, matching MSNF-003's established returnUrl contract for this route {SPEC}",[CONSOLE] no unhandled JS errors on the expired request,The page white-screens or throws an unhandled promise rejection on the expired request; the re-auth flow does not return the customer to /account/missions,"Sign out (in a fresh session, since the tested one is expired)","VCST-5320; UIP-EXPIRE (modern-web-attack-surface.md); this page's own defining hazard is a long-lived, revisited, polled surface, raising its exposure to exactly this probe relative to a one-shot transactional page; Archetype:LIFECYCLE Technique:EG | Promoted: REG-2026-09-07-1342 (2026-09-07)",Automated
MSNF-UIP-STORAGE-001,Corrupted cart-cache in browser storage while loading the missions page and using the featured-SKU modal's custom multi-row cart write,Loyalty > Missions > Interaction Probes,Medium,,,"[PRE:SIGNIN_AS:LOYALTY_VIP_USER]
@td(MSN_PERSKU_ALL.name) visible. The featured-SKU modal writes multiple cart lines via its OWN batch mutation path (confirmed distinct from the storefront's standard single addItem flow, per MSNF-037's concurrency case) — a corrupted client-side cart cache interacting with that non-standard write path is a more specific risk here than on a page using only the standard add-to-cart flow.",front_url={{FRONT_URL}},"[ACT] before navigating, corrupt the storefront's client-side cart-cache storage entry with malformed JSON
[NAV] {{FRONT_URL}}/account/missions
[WAIT] the page settles out of its loading state
[ACT] click the open-mission control on the card for @td(MSN_PERSKU_ALL.name)
[WAIT] the modal settles into whatever state the corrupted cache produces
[ACT] if the modal opens, set one row's stepper and click 'Add to cart'
[WAIT] the operation settles","[DOM] the missions page's own heading and its mission card grid are both visible despite the corrupted cart cache, and the points-balance banner (a separate, cart-independent data source) is also visible — a cart-storage fault must not blank an unrelated page region {BL}
[DOM] the modal either opens cleanly (self-healing by refetching cart state from the server rather than trusting the corrupted cache) or fails with a scoped, customer-readable error — a full white screen or an unhandled exception is absent in either case {BL}
[STATE] if the add-to-cart write is attempted, it either succeeds and the cart-cache is repaired to a valid state, or it fails visibly — a write that silently succeeds server-side while the client cache stays corrupted, so the header count is now wrong, is the specific failure this case exists to catch {HYPOTHESIS}
[REL] if the add-to-cart write is attempted and succeeds, the header cart indicator value = the cart page's own total unit count afterward — a self-consistency check that the corrupted cache did not leave the client showing a stale count while the server holds a different one {BL}",[CONSOLE] no unhandled JS errors attributable to the corrupted cache,"The whole missions page white-screens due to an unrelated cart-cache read; the modal's custom write path throws an unhandled exception the standard add-to-cart flow would not, which would be evidence the batch-write path skips the same defensive parsing",Clear the corrupted storage entry; remove any leftover cart items; sign out,"VCST-5320; UIP-STORAGE (modern-web-attack-surface.md); targets the modal's confirmed-distinct batch cart-write path (MSNF-037), not the generic single addItem flow already covered elsewhere; Archetype:FALLBACK Technique:EG",Draft
MSNF-072,[JOURNEY] Anonymous mission deep link survives sign-in and lands on the mission it named,Loyalty > Missions > Display Link (L6),Critical,BL-GQL-004,ECL-13.3,"[PRE:CLEAR_SESSION]
No storefront session exists — no auth cookie and no bearer token in browser storage — so {{FRONT_URL}}/account/missions is requested anonymously, exactly as a customer following a shared link would.
Store @td(MSN_STORE_SETTINGS.store_id) has @td(MSN_STORE_SETTINGS.setting_name)=true and @td(MSN_STORE_SETTINGS.base_setting_name)=true.
The missions-e2e fixture set minted for run @td(MSN_E2E_RUN.run_id) is seeded and its drift guard is green, so the account @td(MSN_E2E_USER_003.email) resolves the public missions @td(MSN_E2E_ORDERVALUE.name), @td(MSN_E2E_PERSKU.name) and @td(MSN_E2E_PERSKU_PTS.name) through loyaltyMissionProgress — all three are Published, public and carry AnyUserGroupCondition, so they are visible to any signed-in account.
Build under test: vc-frontend PR #2396 (the loyalty routes are registered at bootstrap regardless of authentication state) against VirtoCommerce.Loyalty PR#14. Assertions about that build are grounded on the source read at the deployed SHA, not on product documentation — no VirtoOZ documentation exists for Missions.
This is the value-chain journey case: one continuous run over route reached (L6a), payload survives (L6b), money reads true (L6c) and meaning reads true (L6d), on the customer own surface. It reads state only and requires no mission to advance, so it stays decidable whatever progress the fixture carries.","@td(MSN_E2E_USER_003.email), @td(MSN_E2E_ORDERVALUE.name)","[NAV] {{FRONT_URL}}/account/missions
[WAIT] navigation settles on its final URL
[ACT] record the final URL with its query string
[ACT] record the identity of the rendered page
[ACT] type @td(MSN_E2E_USER_003.email) into the sign-in email input
[ACT] type @td(MSN_E2E_USER_003.password) into the sign-in password input
[ACT] click 'Sign in'
[WAIT] authentication completes, the browser settles on its post-login route
[ACT] record the URL of the post-login route
[WAIT] the mission card grid has rendered at least one card, no loading skeleton is visible
[ACT] record the loyaltyMissionProgress response body for this page load
[ACT] count the mission cards rendered in the grid
[ACT] read the card for @td(MSN_E2E_ORDERVALUE.name)
[ACT] record the reward figure on that card
[ACT] record the progress figure on that card
[ACT] record every entry in the account navigation of the page reached by the redirect
[ACT] click the open-mission control on the card for @td(MSN_E2E_ORDERVALUE.name)
[WAIT] the order-goal modal has rendered its target block
[ACT] record the goal target amount with its currency code","[NAV] the anonymous request for /account/missions ends on the route /sign-in, carrying a returnUrl that resolves back to /account/missions, never on a not-found page {BL}
[NAV] the post-login route is {{FRONT_URL}}/account/missions rather than the account dashboard, so the link the customer followed is the page they land on, with no second manual navigation {BL}
[REL] the number of mission cards rendered == the number of mission objects the loyaltyMissionProgress response carries under data {DOC}
[DOM] a card titled @td(MSN_E2E_ORDERVALUE.name) is present in the grid reached by the redirect {OBSERVED}
[MATH] the reward figure on that card = @td(MSN_E2E_ORDERVALUE.reward) {OBSERVED}
[REL] the progress figure on the card == the progress the same loyaltyMissionProgress response returns for that mission, so the card reports the state the API returned rather than a default {DOC}
[MATH] the goal currency code rendered in the order-goal modal = @td(MSN_E2E_ORDERVALUE.goal_currency), the mission own stored goal currency, not whichever currency the session happens to carry {BL}
[DOM] an entry labelled 'Missions & challenges' is present in the account navigation on the page reached by the redirect {SPEC}","[CONSOLE] no TypeError or JS error on the page under test
[NETWORK] no 4xx/5xx on /graphql","Spinner visible >5s, console.error with TypeError, 4xx/5xx on /graphql",none,VCST-5346 · Archetype:SILENT · Technique:FLOW,Draft
MSNF-074,A mission payload whose nested product fields error still renders every mission that resolved,Loyalty > Missions > Display Link (L6),Critical,,ECL-14.8,"[PRE:CLEAR_SESSION]
Store @td(MSN_STORE_SETTINGS.store_id) has @td(MSN_STORE_SETTINGS.setting_name)=true and @td(MSN_STORE_SETTINGS.base_setting_name)=true.
The missions-e2e fixture set minted for run @td(MSN_E2E_RUN.run_id) is seeded and its drift guard is green, so the account @td(MSN_E2E_USER_003.email) resolves the public missions @td(MSN_E2E_ORDERVALUE.name), @td(MSN_E2E_PERSKU.name) and @td(MSN_E2E_PERSKU_PTS.name) through loyaltyMissionProgress — all three are Published, public and carry AnyUserGroupCondition, so they are visible to any signed-in account.
The shared graphqlClient sets fetchPolicy on all three loyalty operations and sets no errorPolicy, so Apollo default policy of ""none"" discards data whenever errors[] is non-empty and the page-level catch paints the whole-page error view. That single client setting governs every loyalty query, so one proof settles the surface.
DISCRIMINATING ARM — this case can only distinguish errorPolicy ""all"" from errorPolicy ""none"" on a response that carries BOTH a populated data collection AND a non-empty errors[]. Prefer inducing one by failing the nested product sub-field with the lane request-interception primitive where the lane exposes one; that primitive is not available on the standard browser-agent regression lane today. If no such response is observed during the run, record BLOCKED:PRECONDITION_UNMET for the discriminating arm and report the observational arm result on its own — a clean payload is never evidence that the policy is right.
Build under test: vc-frontend PR #2396 (the loyalty routes are registered at bootstrap regardless of authentication state) against VirtoCommerce.Loyalty PR#14. Assertions about that build are grounded on the source read at the deployed SHA, not on product documentation — no VirtoOZ documentation exists for Missions.",@td(MSN_E2E_USER_003.email),"[NAV] {{FRONT_URL}}/sign-in
[WAIT] the sign-in form has rendered its email input
[ACT] type @td(MSN_E2E_USER_003.email) into the sign-in email input
[ACT] type @td(MSN_E2E_USER_003.password) into the sign-in password input
[ACT] click 'Sign in'
[WAIT] authentication completes, the browser settles on its post-login route
[NAV] {{FRONT_URL}}/account/missions
[WAIT] the missions page settles out of its loading state
[ACT] record the loyaltyMissionProgress response body, including its data collection as well as its errors[] collection
[ACT] count the mission objects the response carries under data
[ACT] count the mission cards rendered in the grid
[ACT] record whether the whole-page error surface is rendered instead of the grid
[ACT] record which nested product sub-fields, if any, the response reports as errored
[ACT] where the lane exposes a request-interception primitive, fail the nested product sub-field of one mission on the next load
[NAV] {{FRONT_URL}}/account/missions
[WAIT] the missions page settles out of its loading state a second time
[ACT] record the response body, the rendered card count, the rendered surface for this second load","[REL] the number of mission cards rendered == the number of mission objects the loyaltyMissionProgress response carries under data, on every load observed {DOC}
[DOM] while the response carries at least one mission object under data, the whole-page mission-loading error surface is absent and the card grid is visible in its place {SPEC}
[REL] DISCRIMINATING ARM — on a response whose errors[] is non-empty while data still carries mission objects, the rendered card count == that same data count, so a failed nested product sub-field costs the customer that field and never the whole list {DOC}
[DOM] a mission whose nested product sub-field failed still renders its own card, which stays visible in the grid, with the failed sub-field degraded in place rather than the card omitted {SPEC}
[REL] DECIDABILITY GATE — if no response observed in this run carries a non-empty errors[] alongside populated data, the discriminating arm is BLOCKED:PRECONDITION_UNMET and never PASS: a clean payload takes the same path under either errorPolicy {DOC}","[CONSOLE] no TypeError or JS error on the page under test
[NETWORK] no 4xx/5xx on /graphql","Spinner visible >5s, console.error with TypeError, 4xx/5xx on /graphql",none,VCST-5346 · Archetype:SILENT · Technique:EG,Draft
MSNF-076,Signing in during the session reveals the Missions navigation entry without a page reload,Loyalty > Missions > Display Link (L6),High,,,"[PRE:CLEAR_SESSION]
No storefront session exists, so the application bootstraps ANONYMOUS and the whole case turns on what that one-shot bootstrap did.
Store @td(MSN_STORE_SETTINGS.store_id) has @td(MSN_STORE_SETTINGS.setting_name)=true and @td(MSN_STORE_SETTINGS.base_setting_name)=true.
The missions-e2e fixture set minted for run @td(MSN_E2E_RUN.run_id) is seeded and its drift guard is green, so the account @td(MSN_E2E_USER_003.email) resolves the public missions @td(MSN_E2E_ORDERVALUE.name), @td(MSN_E2E_PERSKU.name) and @td(MSN_E2E_PERSKU_PTS.name) through loyaltyMissionProgress — all three are Published, public and carry AnyUserGroupCondition, so they are visible to any signed-in account.
initLoyalty runs once at bootstrap and reads the authentication state at that moment; the build under test lifted that one-shot check off addRoute but left the menu merge behind it, so routes can be registered for an anonymous visitor while the menu entries are not. The full page reload later in this case is the POSITIVE CONTROL: it bootstraps the application authenticated, so the entries it produces are what the in-session read is measured against.
Build under test: vc-frontend PR #2396 (the loyalty routes are registered at bootstrap regardless of authentication state) against VirtoCommerce.Loyalty PR#14. Assertions about that build are grounded on the source read at the deployed SHA, not on product documentation — no VirtoOZ documentation exists for Missions.",@td(MSN_E2E_USER_003.email),"[NAV] {{FRONT_URL}}/
[WAIT] the home page has rendered its header
[ACT] click the header 'Sign in' link
[WAIT] the sign-in form has rendered its email input
[ACT] type @td(MSN_E2E_USER_003.email) into the sign-in email input
[ACT] type @td(MSN_E2E_USER_003.password) into the sign-in password input
[ACT] click 'Sign in'
[WAIT] authentication completes, the browser settles on its post-login route
[ACT] click the header account menu (data-test-id 'account-button')
[WAIT] the account menu popup has rendered its entries
[ACT] record every entry the account menu popup (data-test-id 'account-menu') offers, with no page reload in between
[ACT] click the account-dashboard entry inside the popup (data-test-id 'account-menu')
[WAIT] the account dashboard has rendered its left navigation
[ACT] record every entry in the account navigation, still with no full page reload since sign-in
[ACT] reload the account dashboard through the browser reload control
[WAIT] the account dashboard has re-rendered its left navigation after the reload
[ACT] record every entry in the account navigation after the reload","[REL] the set of entries in the account navigation read immediately after the in-session sign-in == the set read after the full page reload of the same URL, so no entry exists only once the application has been bootstrapped a second time {SPEC}
[DOM] an entry labelled 'Missions & challenges' is present in the account navigation before any reload {SPEC}
[REL] the points-history entry appears in the pre-reload navigation as well as in the post-reload one, so the two lists agree on it too {SPEC}
[NAV] activating the missions entry found before the reload lands on {{FRONT_URL}}/account/missions {SPEC}
[REL] POSITIVE CONTROL — the post-reload navigation carries the missions entry; a control that carries no missions entry either means the feature is gated off on this store rather than bootstrapped late, so the case is BLOCKED:PRECONDITION_UNMET rather than FAIL {DOC}","[CONSOLE] no TypeError or JS error on the page under test
[NETWORK] no 4xx/5xx on /graphql","Spinner visible >5s, console.error with TypeError, 4xx/5xx on /graphql",none,VCST-5346 · Archetype:CONFIG · Technique:ST | Promoted: REG-2026-09-07-1342 (2026-09-07),Automated
MSNF-077,"Order-value mission card states the spend target, not only the amount spent so far",Loyalty > Missions > Display Link (L6),Medium,,,"[PRE:CLEAR_SESSION]
Store @td(MSN_STORE_SETTINGS.store_id) has @td(MSN_STORE_SETTINGS.setting_name)=true and @td(MSN_STORE_SETTINGS.base_setting_name)=true.
The missions-e2e fixture set minted for run @td(MSN_E2E_RUN.run_id) is seeded and its drift guard is green, so the account @td(MSN_E2E_USER_003.email) resolves the public missions @td(MSN_E2E_ORDERVALUE.name), @td(MSN_E2E_PERSKU.name) and @td(MSN_E2E_PERSKU_PTS.name) through loyaltyMissionProgress — all three are Published, public and carry AnyUserGroupCondition, so they are visible to any signed-in account.
The order-value mission @td(MSN_E2E_ORDERVALUE.name) carries target @td(MSN_E2E_ORDERVALUE.goal_target) in currency @td(MSN_E2E_ORDERVALUE.goal_currency).
SPEC CONFLICT RESOLVED 2026-09-08 — was: the ticket AC-2 text required the goal to be readable on the surface the customer looks at first while design frames F1/F2 placed the target in the modal, the ticket filed for it was Cancelled on the design reading, and this case was expected to expose the conflict. The AC reading has since shipped (VCST-5825): presentOrderValue() passes target alongside sum and progress_spend gained a {target} placeholder in all 14 locales, so the card states both figures. This case still asserts the AC expectation exactly as written and is never inverted to certify a rendering; it is now expected to PASS rather than to expose a conflict.
Build under test: vc-frontend PR #2471 (fix/VCST-5910-missions), prerelease-deployed to vcst-qa; the loyalty routes are registered at bootstrap regardless of authentication state. Assertions about that build are grounded on the source read at the deployed SHA plus the live baseline in reports/tickets/Sprint26-18/VCST-5825/testing-checklist.md, not on product documentation — no VirtoOZ or Context7 documentation exists for Missions, so the docs axis is structurally WAIVED for this domain.
The mission list spans several pages on the seeded store, so the fixture card is not necessarily on page 1 — page to it rather than assuming the first page (it was observed on the last page of three).",@td(MSN_E2E_ORDERVALUE.name),"[NAV] {{FRONT_URL}}/sign-in
[WAIT] the sign-in form has rendered its email input
[ACT] type @td(MSN_E2E_USER_003.email) into the sign-in email input
[ACT] type @td(MSN_E2E_USER_003.password) into the sign-in password input
[ACT] click 'Sign in'
[WAIT] authentication completes, the browser settles on its post-login route
[NAV] {{FRONT_URL}}/account/missions
[WAIT] the mission card grid has rendered at least one card, no loading skeleton is visible
[ACT] page through the mission list until the card for @td(MSN_E2E_ORDERVALUE.name) is rendered
[ACT] record every money figure the progress line renders on the card for @td(MSN_E2E_ORDERVALUE.name)
[ACT] record the accrued amount with its currency code on that card
[ACT] click the open-mission control on the card for @td(MSN_E2E_ORDERVALUE.name)
[WAIT] the order-goal modal has rendered its target block
[ACT] record the goal target amount with its currency code in the modal
[ACT] record the accrued amount with its currency code in the modal","[DOM] the progress line visible on the card for @td(MSN_E2E_ORDERVALUE.name) states the spend target as well as the amount accrued so far, so the reader can tell how far from the goal they are without opening the modal {OBSERVED}
[MATH] the target stated on the card = @td(MSN_E2E_ORDERVALUE.goal_target) {OBSERVED}
[REL] POSITIVE CONTROL — the same target value is rendered in the order-goal modal opened from that card, so the value is already carried by the payload the card holds and any omission on the card is a display decision rather than missing data {OBSERVED}
[REL] the accrued amount on the card == the accrued amount in the modal for that same mission {SPEC} HELD, DELIBERATELY NOT UPGRADED: Phase 5 could observe this only as 0.00 == 0.00, an equality that a working mirror and a broken one both satisfy, so the observation does not decide the assertion. It also ran as USER_DEFAULT rather than as this case's own @td(MSN_E2E_USER_003.email) identity, so the claim was never exercised on its own fixture at all. What would decide it: a NON-ZERO accrual on that identity — at least one settled qualifying order against @td(MSN_E2E_ORDERVALUE.name) — read on the card and in the modal within one pass. CHECKED 2026-09-08 AND STILL NOT AVAILABLE, so this stays HELD: the case's own fixture generation carries ZERO accrual by construction - @td(MSN_E2E_ORDERVALUE.progress_percent_at_seed) is 0 with status @td(MSN_E2E_ORDERVALUE.progress_status_at_seed), and @td(MSN_E2E_USER_003.balance_at_seed) is 0, because the e2e run mints a FRESH account per generation and the order-placing leg is 083d's, not this case's. The identity is deliberately NOT folded onto the mission-progress owner ({{USER_EMAIL}}), which does carry non-zero accrual: that would silently move this case off the fixture generation its other four assertions are grounded on. The route to grounding assertion 4 is a run of this case IMMEDIATELY AFTER 083d has placed a qualifying order on @td(MSN_E2E_USER_003.email) within the same seed generation - not a change of identity here
[FORMAT] each money figure on the card progress line renders with a currency symbol, with exactly two decimal places {OBSERVED}","[CONSOLE] no TypeError or JS error on the page under test
[NETWORK] no 4xx/5xx on /graphql","Spinner visible >5s, console.error with TypeError, 4xx/5xx on /graphql",none,"VCST-5346 · Archetype:RENDER · Technique:EP | Synced: PR #2471 (2026-09-08) — spec conflict resolved in favour of the AC (the VCST-5825 fix shipped), stale PR #2396 build reference replaced, and a pagination step added because the mission list now spans several pages and the fixture card was observed on the last one | Verified: Phase 5 (2026-09-08) on theme 2.57.0-pr-2471 — assertions 1, 2 and 5 upgraded {SPEC} -> {OBSERVED} (card read verbatim '$0.00 of $50.00 spent'; modal 'Spend $50.00 in qualifying orders' / '$0.00 of $50.00 spent' / '0%'; the target matched the alias). The pagination step added in the previous round is CONFIRMED REACHABLE — 3 pages, Previous disabled on page 1, direct page buttons present — and for the Phase 5 identity the card sat on page 1, so the 'page through until rendered' wording was load-bearing and a hardcoded page number would have failed. Assertion 4 HELD at {SPEC}, see its own inline note | Checked: 2026-09-08 - assertion 4 is NOT groundable by a run on this case's own identity as the fixtures stand: @td(MSN_E2E_ORDERVALUE.progress_percent_at_seed)=0 and @td(MSN_E2E_USER_003.balance_at_seed)=0, so the mirror reads 0.00 == 0.00 again and a working mirror and a broken one both satisfy it. Held at {SPEC}, identity deliberately unchanged (not folded onto the mission-progress owner); see the inline note on that assertion for the route that would decide it",Draft
MSNF-078,Featured-SKU modal cart subtotal sums one currency and labels itself with that currency,Loyalty > Missions > Display Link (L6),High,BL-LOY-003,,"[PRE:CLEAR_SESSION]
Store @td(MSN_STORE_SETTINGS.store_id) has @td(MSN_STORE_SETTINGS.setting_name)=true and @td(MSN_STORE_SETTINGS.base_setting_name)=true.
The missions-e2e fixture set minted for run @td(MSN_E2E_RUN.run_id) is seeded and its drift guard is green, so the account @td(MSN_E2E_USER_003.email) resolves the public missions @td(MSN_E2E_ORDERVALUE.name), @td(MSN_E2E_PERSKU.name) and @td(MSN_E2E_PERSKU_PTS.name) through loyaltyMissionProgress — all three are Published, public and carry AnyUserGroupCondition, so they are visible to any signed-in account.
The cart of @td(MSN_E2E_USER_003.email) is empty at the start; empty it from the cart page before running if it is not. This case touches steppers only and issues no cart write.
The featured-SKU mission @td(MSN_E2E_PERSKU.name) carries two targets priced in the store default currency, while @td(MSN_E2E_PERSKU_PTS.name) carries a single target @td(MSN_E2E_PRODUCT_PTS.sku) priced in the points currency @td(MSN_E2E_PRODUCT_PTS.currency). That second modal is the POSITIVE CONTROL: the subtotal currency is claimed to be row-derived, and only a modal whose rows carry a different currency can tell a row-derived label from a constant.
The modal computes its subtotal by summing the row amounts and takes the currency label from the first item it collects, so a row set that is not already normalised to one currency yields a cross-currency sum wearing one currency label.
DISPOSABLE FIXTURE, TERMINAL ONCE COMPLETED: mission progress is monotonic with no reset path, and a sibling suite placing real orders on these accounts can consume them between seed and execution. Read the mission status chip as the FIRST observation; if the mission under test already reads as completed, stop and record BLOCKED:PRECONDITION_UNMET — never a PASS and never a FAIL.
A completed featured-SKU mission opens a read-only modal with no steppers, so neither reading can be taken from it.
Build under test: vc-frontend PR #2396 (the loyalty routes are registered at bootstrap regardless of authentication state) against VirtoCommerce.Loyalty PR#14. Assertions about that build are grounded on the source read at the deployed SHA, not on product documentation — no VirtoOZ documentation exists for Missions.",@td(MSN_E2E_PERSKU.name),"[NAV] {{FRONT_URL}}/sign-in
[WAIT] the sign-in form has rendered its email input
[ACT] type @td(MSN_E2E_USER_003.email) into the sign-in email input
[ACT] type @td(MSN_E2E_USER_003.password) into the sign-in password input
[ACT] click 'Sign in'
[WAIT] authentication completes, the browser settles on its post-login route
[NAV] {{FRONT_URL}}/account/missions
[WAIT] the mission card grid has rendered at least one card, no loading skeleton is visible
[ACT] read the status chip on the card for @td(MSN_E2E_PERSKU.name)
[ACT] click the open-mission control on the card for @td(MSN_E2E_PERSKU.name)
[WAIT] the featured-SKU modal has rendered its product rows, its summary block
[ACT] record the unit price with its currency code on every product row
[ACT] set the stepper on the row for @td(MSN_E2E_PRODUCT_B.sku) to 2, leaving every other row at zero
[WAIT] the summary block cart subtotal has recomputed
[ACT] record the cart subtotal amount with its currency code
[ACT] set the stepper on the row for @td(MSN_E2E_PRODUCT_A.sku) to 1
[WAIT] the summary block cart subtotal has recomputed a second time
[ACT] record the cart subtotal amount with its currency code a second time
[ACT] record the total-units figure in the summary block
[ACT] click the modal's Close control
[WAIT] the modal has been dismissed
[ACT] click the open-mission control on the card for @td(MSN_E2E_PERSKU_PTS.name)
[WAIT] the featured-SKU modal has rendered its product row, its summary block
[ACT] record the unit price with its currency code on the row for @td(MSN_E2E_PRODUCT_PTS.sku)
[ACT] set the stepper on that row to 1
[WAIT] the summary block cart subtotal has recomputed
[ACT] record the cart subtotal amount with its currency code in this second modal
[ACT] click the modal's Close control
[WAIT] the modal has been dismissed","[MATH] with only the row for @td(MSN_E2E_PRODUCT_B.sku) at a non-zero quantity, the cart subtotal = that row unit price × its stepper quantity, to two decimal places {BL}
[MATH] with both rows at a non-zero quantity, the cart subtotal = the sum over rows of unit price × stepper quantity, to two decimal places {BL}
[REL] in each of those two readings, the currency code on the subtotal == the currency code every contributing row carries, so the label does not follow whichever row happens to be collected first {BL}
[REL] POSITIVE CONTROL — in the modal for @td(MSN_E2E_PERSKU_PTS.name), whose single row is priced in a different currency from the rows of @td(MSN_E2E_PERSKU.name), the subtotal currency code == that row own currency code; two modals reporting the same subtotal currency code over rows that carry different ones show the label is fixed rather than row-derived {OBSERVED}
[REL] the total-units figure == the sum of the stepper values across the rows {SPEC}
[FORMAT] exactly one currency code appears across the rows and the subtotal of a single modal, so no modal renders a sum of amounts denominated differently {BL}
[REL] DECIDABILITY GATE — if both modals resolve to the same currency code because the environment prices every fixture alike, the control arm is BLOCKED:PRECONDITION_UNMET and never PASS: a single-currency row set cannot distinguish a row-derived label from a constant {DOC}","[CONSOLE] no TypeError or JS error on the page under test
[NETWORK] no 4xx/5xx on /graphql","Spinner visible >5s, console.error with TypeError, 4xx/5xx on /graphql",none,VCST-5346 · Archetype:MONEY · Technique:BVA | Promoted: REG-2026-09-07-1342 (2026-09-07),Automated
MSNF-079,Mission card and its featured-SKU modal report the same targets-met count on an unchanged cart,Loyalty > Missions > Display Link (L6),Medium,,,"[PRE:CLEAR_SESSION]
Store @td(MSN_STORE_SETTINGS.store_id) has @td(MSN_STORE_SETTINGS.setting_name)=true and @td(MSN_STORE_SETTINGS.base_setting_name)=true.
The missions-e2e fixture set minted for run @td(MSN_E2E_RUN.run_id) is seeded and its drift guard is green, so the account @td(MSN_E2E_USER_003.email) resolves the public missions @td(MSN_E2E_ORDERVALUE.name), @td(MSN_E2E_PERSKU.name) and @td(MSN_E2E_PERSKU_PTS.name) through loyaltyMissionProgress — all three are Published, public and carry AnyUserGroupCondition, so they are visible to any signed-in account.
The cart of @td(MSN_E2E_USER_003.email) is empty at the start; empty it from the cart page before running if it is not. Both readings are taken with the cart untouched, so neither can be an artefact of a cart change made between them.
The featured-SKU mission @td(MSN_E2E_PERSKU.name) carries two targets. The modal counter seeds from backend progress while design frame F3 specifies it be derived from the modal own stepper quantities; the ticket recording that divergence is already open, so a divergence found here is re-confirmed against it and never re-filed.
DISPOSABLE FIXTURE, TERMINAL ONCE COMPLETED: mission progress is monotonic with no reset path, and a sibling suite placing real orders on these accounts can consume them between seed and execution. Read the mission status chip as the FIRST observation; if the mission under test already reads as completed, stop and record BLOCKED:PRECONDITION_UNMET — never a PASS and never a FAIL.
A completed featured-SKU mission opens a read-only modal with no counter to compare, so the status read is what keeps this case decidable.
Build under test: vc-frontend PR #2396 (the loyalty routes are registered at bootstrap regardless of authentication state) against VirtoCommerce.Loyalty PR#14. Assertions about that build are grounded on the source read at the deployed SHA, not on product documentation — no VirtoOZ documentation exists for Missions.",@td(MSN_E2E_PERSKU.name),"[NAV] {{FRONT_URL}}/sign-in
[WAIT] the sign-in form has rendered its email input
[ACT] type @td(MSN_E2E_USER_003.email) into the sign-in email input
[ACT] type @td(MSN_E2E_USER_003.password) into the sign-in password input
[ACT] click 'Sign in'
[WAIT] authentication completes, the browser settles on its post-login route
[NAV] {{FRONT_URL}}/cart
[WAIT] the cart page has rendered its line items or its empty state
[ACT] record the number of cart lines before any mission surface is opened
[NAV] {{FRONT_URL}}/account/missions
[WAIT] the mission card grid has rendered at least one card, no loading skeleton is visible
[ACT] read the status chip on the card for @td(MSN_E2E_PERSKU.name)
[ACT] record the progress note on that card, with both of its figures
[ACT] record the loyaltyMissionProgress response body for this page load
[ACT] click the open-mission control on the card for @td(MSN_E2E_PERSKU.name)
[WAIT] the featured-SKU modal has rendered its product rows, its summary block
[ACT] record the targets-met figure with its denominator in the summary block, before any stepper is touched
[ACT] count the product rows the modal renders
[ACT] click the modal's Close control
[WAIT] the modal has been dismissed
[NAV] {{FRONT_URL}}/cart
[WAIT] the cart page has rendered its line items or its empty state
[ACT] record the number of cart lines after both readings were taken","[REL] at modal open, before any stepper is touched, the targets-met figure in the modal == the corresponding figure in the progress note on the card that opened it {SPEC}
[MATH] the targets-met denominator = the number of featured product rows the modal renders {SPEC}
[REL] the targets-met figure at open == the progress the loyaltyMissionProgress response returns for that mission on this load, so the counter reports the state the API returned {DOC}
[REL] the cart line count after both readings == the cart line count before them, so neither figure was moved by a cart change taken between the two observations {OBSERVED}
[DOM] the counter label in the modal and the progress note on the card are visible with wording consistent with the same underlying measurement, so the reader is never shown two counters that appear to disagree {SPEC}","[CONSOLE] no TypeError or JS error on the page under test
[NETWORK] no 4xx/5xx on /graphql","Spinner visible >5s, console.error with TypeError, 4xx/5xx on /graphql",none,VCST-5346 · Archetype:RENDER · Technique:ST | Promoted: REG-2026-09-07-1342 (2026-09-07),Automated
MSNF-080,Points-history rows identify which mission granted them,Loyalty > Missions > Display Link (L6),Medium,BL-LOY-015,,"[PRE:CLEAR_SESSION]
Store @td(MSN_STORE_SETTINGS.store_id) has @td(MSN_STORE_SETTINGS.setting_name)=true and @td(MSN_STORE_SETTINGS.base_setting_name)=true.
The missions-e2e fixture set minted for run @td(MSN_E2E_RUN.run_id) is seeded and its drift guard is green, so the account @td(MSN_E2E_USER_003.email) resolves the public missions @td(MSN_E2E_ORDERVALUE.name), @td(MSN_E2E_PERSKU.name) and @td(MSN_E2E_PERSKU_PTS.name) through loyaltyMissionProgress — all three are Published, public and carry AnyUserGroupCondition, so they are visible to any signed-in account.
The account @td(MSN_E2E_USER_003.email) has at least one points-history row at execution time. If the page renders no row at all, record BLOCKED:PRECONDITION_UNMET — an empty list cannot show whether a row would name its mission — and note the balance the page reports against @td(MSN_E2E_USER_003.balance_at_seed).
EXPECTED TO FAIL, AND NOT AGAINST THIS SURFACE: the ledger types expose amount, createdDate, orderId and orderNumber and carry no mission identifier of any kind, confirmed by schema introspection and recorded as the violation behind BL-LOY-015. The assertion below states the invariant as written and is never inverted to certify the current shape; a failure is attributed to the backend ledger and reported against the accrual story, never filed against the storefront.
The order reference on a row is the POSITIVE CONTROL: it proves the row template renders references at all, so an absent mission reference is a real gap rather than a surface that renders nothing.
Build under test: vc-frontend PR #2396 (the loyalty routes are registered at bootstrap regardless of authentication state) against VirtoCommerce.Loyalty PR#14. Assertions about that build are grounded on the source read at the deployed SHA, not on product documentation — no VirtoOZ documentation exists for Missions.",@td(MSN_E2E_USER_003.email),"[NAV] {{FRONT_URL}}/sign-in
[WAIT] the sign-in form has rendered its email input
[ACT] type @td(MSN_E2E_USER_003.email) into the sign-in email input
[ACT] type @td(MSN_E2E_USER_003.password) into the sign-in password input
[ACT] click 'Sign in'
[WAIT] authentication completes, the browser settles on its post-login route
[NAV] {{FRONT_URL}}/account/points-history
[WAIT] the points-history page has rendered its rows or its empty state, no loading skeleton is visible
[ACT] record every field rendered on each points-history row
[ACT] record the loyalty operation-log response body for this page load
[ACT] count the rows the page renders
[ACT] count the operation-log entries the response carries
[ACT] record the points balance the page reports
[NAV] {{FRONT_URL}}/account/missions
[WAIT] the mission card grid has rendered at least one card, no loading skeleton is visible
[ACT] record the name of every mission whose card reads as completed","[DOM] every points-history row visible on the page carries a reference naming the mission that granted it, so a reader can tell which mission paid each grant {BL}
[REL] the number of rows the page renders == the number of operation-log entries the response carries, so no row was dropped before the comparison {DOC}
[REL] POSITIVE CONTROL — at least one rendered row carries its order reference, which proves the row template renders references at all; where no row carries any reference the surface itself is not rendering and the case is BLOCKED:PRECONDITION_UNMET rather than FAIL {OBSERVED}
[REL] for every mission whose card reads as completed, a points-history row exists naming that mission, matched on the mission name carrying the run handle @td(MSN_E2E_RUN.run_id) {BL}
[REL] attribution is per grant, never per balance: a balance delta alone is not accepted as evidence that a given mission paid, because one order settles several missions at once and their grants are indistinguishable in a total {BL}","[CONSOLE] no TypeError or JS error on the page under test
[NETWORK] no 4xx/5xx on /graphql","Spinner visible >5s, console.error with TypeError, 4xx/5xx on /graphql",none,VCST-5346 · Archetype:SILENT · Technique:EG,Draft
MSNF-073,Featured-SKU modal prices resolve from the session currency: dual-priced SKU vs single-priced in-modal control,Loyalty > Missions > Display Link (L6),Critical,"BL-PRICE-005, BL-LOY-002",,"[PRE:CLEAR_SESSION]
Store @td(MSN_STORE_SETTINGS.store_id) has @td(MSN_STORE_SETTINGS.setting_name)=true and @td(MSN_STORE_SETTINGS.base_setting_name)=true.
The missions-e2e fixture set minted for run @td(MSN_E2E_RUN.run_id) is seeded and its drift guard is green, so the account @td(MSN_E2E_USER_003.email) resolves the public mission @td(MSN_E2E_PERSKU.name) through loyaltyMissionProgress — it is Published, public and carries AnyUserGroupCondition, so it is visible to any signed-in account.
WHAT THIS CASE DISCRIMINATES, AND WHY THE FIXTURE HAS TO BE SHAPED THIS WAY. The rendered product price is AllPrices.FirstOrDefault() and the resolver-context currencyCode is consumed ONLY for the empty-price fallback, so on a SINGLE-priced product the currency argument is structurally unobservable: one price row means FirstOrDefault() and a currency-aware selection return the same row, and in a second currency both fall to the same empty-price fallback. A modal-versus-product-detail comparison cannot see it either, because a wrong price is wrong on BOTH surfaces. The discriminating reading therefore has to be taken on a DUAL-PRICED row. @td(MSN_E2E_PRODUCT_A.sku) carries a price in @td(MSN_E2E_PRODUCT_A.currency) AND a different price in @td(MSN_E2E_PRODUCT_A.currency_secondary); @td(MSN_E2E_PRODUCT_B.sku) is priced in @td(MSN_E2E_PRODUCT_B.currency) only and is the in-modal control. Both are goal items of @td(MSN_E2E_PERSKU.name), so both rows arrive in the same modal response and neither reading can be blamed on a different request.
THE TWO AMOUNTS DIFFER ON PURPOSE. Every currency on this environment is registered at exchangeRate 1, so equal amounts would make a CONVERTING implementation indistinguishable from a correctly SELECTING one. With @td(MSN_E2E_PRODUCT_A.list_price) and @td(MSN_E2E_PRODUCT_A.list_price_secondary) a single reading pair separates three outcomes — (i) correct selection: each session shows that session own fixture amount under that session own currency code; (ii) 1:1 exchange-rate conversion: the default-currency AMOUNT appears under the secondary currency CODE; (iii) AllPrices.FirstOrDefault(): the default-currency amount appears under the DEFAULT currency code in both sessions, i.e. the same row served twice.
DECIDABILITY GATE — evaluate BEFORE any modal price is read, and never from a modal reading. (a) @td(MSN_E2E_PRODUCT_A.list_price) and @td(MSN_E2E_PRODUCT_A.list_price_secondary) must both be non-zero and must differ from one another, and @td(MSN_E2E_PRODUCT_A.currency) must differ from @td(MSN_E2E_PRODUCT_A.currency_secondary); (b) the storefront currency selector must offer @td(MSN_E2E_PRODUCT_A.currency_secondary). If either fails, the discriminating arm is BLOCKED:PRECONDITION_UNMET and never PASS — a single-currency environment, or a fixture that has collapsed back to one price, makes the prices looking right indistinguishable from a currencyCode argument that changed nothing. Read the direction of this gate carefully: it is a gate on the FIXTURE and on the SELECTOR. A modal reading that fails to differ across the two sessions is a FAIL of this case, never a BLOCKED.
KNOWN OPEN DIVERGENCE, asserted not inverted: @td(MSN_E2E_PRODUCT_B.sku) has no price list in @td(MSN_E2E_PRODUCT_A.currency_secondary), and BL-PRICE-005 requires a product with no price list in the selected currency to present as unavailable rather than to carry a price. This build renders it as a zero amount instead. The assertion that states the rule is therefore expected RED on this build; it is scored on its own line and the currency-selection verdict is read independently of it. Do not weaken it to match what the build does.
DISPOSABLE FIXTURE, TERMINAL ONCE COMPLETED: mission progress is monotonic with no reset path, and a sibling suite placing real orders on these accounts can consume them between seed and execution. Read the mission status chip as the FIRST observation; if @td(MSN_E2E_PERSKU.name) already reads as completed, stop and record BLOCKED:PRECONDITION_UNMET — never a PASS and never a FAIL. A completed featured-SKU mission opens a read-only modal with no product rows to price, so the status read is also what keeps this case decidable.
Build under test: vc-frontend PR #2396 (the loyalty routes are registered at bootstrap regardless of authentication state) against VirtoCommerce.Loyalty PR#14. Assertions about that build are grounded on the source read at the deployed SHA, not on product documentation — no VirtoOZ documentation exists for Missions.","@td(MSN_E2E_PERSKU.name), @td(MSN_E2E_PRODUCT_UNIT.sku)","[NAV] {{FRONT_URL}}/sign-in
[WAIT] the sign-in form has rendered its email input
[ACT] type @td(MSN_E2E_USER_003.email) into the sign-in email input
[ACT] type @td(MSN_E2E_USER_003.password) into the sign-in password input
[ACT] click 'Sign in'
[WAIT] authentication completes, the browser settles on its post-login route
[ACT] GATE STEP 1a — record @td(MSN_E2E_PRODUCT_A.list_price) as resolved for this environment
[ACT] GATE STEP 1b — record @td(MSN_E2E_PRODUCT_A.list_price_secondary) as resolved for this environment
[ACT] GATE STEP 1c — record @td(MSN_E2E_PRODUCT_A.currency) as resolved for this environment
[ACT] GATE STEP 1d — record @td(MSN_E2E_PRODUCT_A.currency_secondary) as resolved for this environment. These four fixture declarations are what the discriminating arm rests on, read before any storefront price
[ACT] click the header currency selector (data-test-id 'currency-selector-button')
[WAIT] the currency list has rendered its options
[ACT] GATE STEP 2a — record every currency option the selector offers
[ACT] GATE STEP 2b — record the currency code currently active
[ACT] dismiss the currency list without changing the selection
[NAV] {{FRONT_URL}}/account/missions
[WAIT] the mission card grid has rendered at least one card, no loading skeleton is visible
[ACT] read the status chip on the card for @td(MSN_E2E_PERSKU.name)
[ACT] click the open-mission control on the card for @td(MSN_E2E_PERSKU.name)
[WAIT] the featured-SKU modal has rendered its product rows
[ACT] BASELINE — record the price amount with its currency code on the row for @td(MSN_E2E_PRODUCT_A.sku)
[ACT] BASELINE — record the price amount with its currency code on the row for @td(MSN_E2E_PRODUCT_B.sku)
[ACT] record every distinct currency code appearing across the modal product rows
[ACT] click the modal's Close control
[WAIT] the modal has been dismissed
[NAV] {{FRONT_URL}}@td(MSN_E2E_PRODUCT_A.url)
[WAIT] the product detail page has rendered its price
[ACT] record the price amount with its currency code
[NAV] {{FRONT_URL}}@td(MSN_E2E_PRODUCT_B.url)
[WAIT] the product detail page has rendered its price
[ACT] record the price amount with its currency code
[NAV] {{FRONT_URL}}@td(MSN_E2E_PRODUCT_UNIT.url)
[WAIT] the product detail page has rendered its price
[ACT] record the independent control price amount with its currency code
[ACT] click the header currency selector (data-test-id 'currency-selector-button')
[WAIT] the currency list has rendered its options
[ACT] click the currency option whose code is @td(MSN_E2E_PRODUCT_A.currency_secondary) — the switch targets that currency specifically, because it is the only currency the dual-priced fixture can discriminate in
[WAIT] the storefront has re-rendered under the newly selected currency
[NAV] {{FRONT_URL}}@td(MSN_E2E_PRODUCT_UNIT.url)
[WAIT] the product detail page has rendered its price
[ACT] record the independent control price amount with its currency code a second time
[NAV] {{FRONT_URL}}@td(MSN_E2E_PRODUCT_A.url)
[WAIT] the product detail page has rendered its price
[ACT] record the price amount with its currency code a second time
[NAV] {{FRONT_URL}}@td(MSN_E2E_PRODUCT_B.url)
[WAIT] the product detail page has rendered its price
[ACT] record the price amount with its currency code a second time
[NAV] {{FRONT_URL}}/account/missions
[WAIT] the mission card grid has rendered at least one card, no loading skeleton is visible
[ACT] click the open-mission control on the card for @td(MSN_E2E_PERSKU.name)
[WAIT] the featured-SKU modal has rendered its product rows
[ACT] DISCRIMINATING READ — record the price amount with its currency code on the row for @td(MSN_E2E_PRODUCT_A.sku)
[ACT] CONTROL READ — record the price amount with its currency code on the row for @td(MSN_E2E_PRODUCT_B.sku)
[ACT] CONTROL READ — record whether the row for @td(MSN_E2E_PRODUCT_B.sku) displays an unavailable or out-of-stock marker
[ACT] CONTROL READ — record whether the quantity stepper on that same row is absent, or present but rendered disabled
[ACT] record every distinct currency code appearing across the modal product rows a second time
[ACT] click the modal's Close control
[WAIT] the modal has been dismissed
[ACT] click the header currency selector (data-test-id 'currency-selector-button')
[WAIT] the currency list has rendered its options
[ACT] click the option carrying the currency code recorded at GATE STEP 2
[WAIT] the storefront has re-rendered under the restored currency","[STATE] DECIDABILITY GATE, evaluated from the fixture and the selector before any modal price is read: @td(MSN_E2E_PRODUCT_A.list_price) and @td(MSN_E2E_PRODUCT_A.list_price_secondary) are both non-zero and differ from each other, @td(MSN_E2E_PRODUCT_A.currency) differs from @td(MSN_E2E_PRODUCT_A.currency_secondary), and the currency selector offers @td(MSN_E2E_PRODUCT_A.currency_secondary). If any part of this is not satisfied the discriminating arm is BLOCKED:PRECONDITION_UNMET and never PASS; a modal reading that merely fails to differ is a FAIL of this case, not a BLOCKED {OBSERVED}
[REL] POSITIVE CONTROL that the switch itself took effect — the independent control product @td(MSN_E2E_PRODUCT_UNIT.sku), which no mission modal renders, reports a currency code on its product detail page after the switch that differs from the one it reported before it and equals @td(MSN_E2E_PRODUCT_A.currency_secondary). A control that does not move proves the session currency never changed, so every arm downstream is BLOCKED:PRECONDITION_UNMET rather than PASS {OBSERVED}
[MATH] DISCRIMINATOR, amount — modal row amount for @td(MSN_E2E_PRODUCT_A.sku) under session currency @td(MSN_E2E_PRODUCT_A.currency_secondary) = @td(MSN_E2E_PRODUCT_A.list_price_secondary). Neither hypothesised broken reading can satisfy this: AllPrices.FirstOrDefault() serves the same row it served in the default session, while a 1:1 exchange-rate conversion carries the default-currency amount across, so both render @td(MSN_E2E_PRODUCT_A.list_price) here {BL}
[MATH] BASELINE, amount — modal row amount for @td(MSN_E2E_PRODUCT_A.sku) under the store default session currency = @td(MSN_E2E_PRODUCT_A.list_price), carrying the currency code @td(MSN_E2E_PRODUCT_A.currency), so the discriminator above is read against a baseline that is known good rather than against an assumption {BL}
[REL] DISCRIMINATOR, denomination — under session currency @td(MSN_E2E_PRODUCT_A.currency_secondary) the modal row for @td(MSN_E2E_PRODUCT_A.sku) carries the currency code @td(MSN_E2E_PRODUCT_A.currency_secondary). Paired with the amount assertion this separates the two broken implementations from each other: amount unchanged AND code unchanged is AllPrices.FirstOrDefault(); amount unchanged BUT code changed is a 1:1 exchange-rate conversion, which BL-PRICE-005 forbids independently of the missions surface {BL}
[REL] IN-MODAL CONTROL — under session currency @td(MSN_E2E_PRODUCT_A.currency_secondary) the modal row for @td(MSN_E2E_PRODUCT_B.sku), which is priced in @td(MSN_E2E_PRODUCT_B.currency) only, does NOT carry the currency code @td(MSN_E2E_PRODUCT_B.currency). A row still denominated in the default currency proves the response was assembled from the default-currency price rows, whatever the dual-priced row happens to show, and it proves it inside the same modal response rather than across a second request {BL}
[STATE] Storefront honouring of the platform availability flags, outcome UNDECIDED on this build — under session currency @td(MSN_E2E_PRODUCT_A.currency_secondary), where availabilityData.isAvailable and isBuyable are false for @td(MSN_E2E_PRODUCT_B.sku), the modal row presents as unavailable: no active quantity stepper and no active add-to-cart. A zero amount rendered ALONGSIDE a correct unavailable presentation is NOT a failure of this line — that zero is the platform no-secondary-pricelist condition, not a modal defect. BL-PRICE-005 is the origin of the obligation; what is tested here is the storefront honouring the flags, which the query already selects via the shared availabilityData fragment. Honoured => no finding; ignored => an in-scope mission-modal defect. Scored on its own line; it does not by itself decide the currency-selection arms above {BL}
[REL] under session currency @td(MSN_E2E_PRODUCT_A.currency_secondary) the modal row price for @td(MSN_E2E_PRODUCT_A.sku) equals, in amount and currency code, the price the same SKU product detail page renders in that same session. Parity is a guard, not the discriminator — a wrong price is wrong on both surfaces — so it catches the modal being wrong DIFFERENTLY from the catalogue, never the modal being wrong the same way {BL}
[REL] under the store default session currency the modal row prices for @td(MSN_E2E_PRODUCT_A.sku) and @td(MSN_E2E_PRODUCT_B.sku) each equal, in amount and currency code, the price the same SKU product detail page renders in that same session {BL}
[COUNT] in each of the two readings, exactly one distinct currency code appears across all product rows of the modal, so a mixed-currency row set is absent from a surface whose subtotal labels itself from a single row {BL}
[FORMAT] every modal row price renders with a currency symbol and exactly two digits after the decimal separator {BL}","[CONSOLE] no TypeError or JS error on the page under test
[NETWORK] no 4xx/5xx on /graphql","Spinner visible >5s, console.error with TypeError, 4xx/5xx on /graphql",none,VCST-5346 · Archetype:MONEY · Technique:EG | Promoted: REG-2026-09-07-1342 (2026-09-07),Automated
MSNF-075,Goal amount and progress amount on one mission card are denominated in the same currency,Loyalty > Missions > Display Link (L6),High,BL-PRICE-005,,"[PRE:CLEAR_SESSION]
Store @td(MSN_STORE_SETTINGS.store_id) has @td(MSN_STORE_SETTINGS.setting_name)=true and @td(MSN_STORE_SETTINGS.base_setting_name)=true.
The missions-e2e fixture set minted for run @td(MSN_E2E_RUN.run_id) is seeded and its drift guard is green, so the account @td(MSN_E2E_USER_003.email) resolves the public missions @td(MSN_E2E_ORDERVALUE.name) and @td(MSN_E2E_PERSKU.name) through loyaltyMissionProgress — both are Published, public and carry AnyUserGroupCondition, so they are visible to any signed-in account.
The order-value mission @td(MSN_E2E_ORDERVALUE.name) carries its own stored goal currency @td(MSN_E2E_ORDERVALUE.goal_currency) and a target of @td(MSN_E2E_ORDERVALUE.goal_target).
THE CELL THIS CASE EXISTS FOR IS culture x currency, NOT currency ALONE. Top-level mission money is formatted from CultureName by AfterMediatorSend while product money resolves off currencyCode, so the mismatch only becomes reachable when CULTURE is the thing that moves. Varying the session currency alone leaves CultureName pinned and compares two fields that both travel the AfterMediatorSend path — they agree by construction, and a green there says nothing about the mechanism. This case therefore runs TWO arms and reports them separately: ARM 1 varies the session currency at fixed culture and is scored on goal-denomination invariance, because a stored goal must not follow the session; ARM 2 varies the CULTURE at fixed session currency and compares a TOP-LEVEL money field against a PRODUCT money field, which is the only pair on this feature whose two members travel different formatting inputs.
ARM 2 needs a product money field and the order-value card has none. The primary reading is a product row in the featured-SKU modal opened from @td(MSN_E2E_PERSKU.name) in the SAME page session, so both members of the compared pair come from one route under one culture. That mission is disposable and may already be completed, in which case its modal opens read-only with no product rows — so a corroborating product money reading is ALWAYS taken from the product detail page of @td(MSN_E2E_PRODUCT_UNIT.sku) under the same session currency, and the case records which surface supplied the reading it scored. Taking the second reading unconditionally is deliberate: a conditional step that never fires is indistinguishable from one that fired and found nothing.
DECIDABILITY GATE, ARM 2 — the storefront language selector must offer at least one locale whose code differs from the one active at sign-in, AND selecting it must be independently confirmed to have taken effect by a NON-MONEY observation: the document root lang attribute must change. If the selector offers only one locale, or the root lang does not move, ARM 2 is BLOCKED:PRECONDITION_UNMET and never PASS — an unconfirmed locale switch makes two fields agreeing a statement about a page that never changed culture. ARM 1 still reports its own verdict in that case. The Test Model cell names de-DE; where the store offers a different second locale that locale serves the same purpose, because the arm needs a culture CHANGE and not one specific culture.
DECIDABILITY GATE, ARM 1 — the store must offer at least one selectable session currency besides its default; where it does not, ARM 1 is BLOCKED:PRECONDITION_UNMET and ARM 2 still runs.
Where the card renders no goal target of its own, the goal reading is taken from the order-goal modal opened from that same card, and the case records which surface each of the two readings came from. A comparison built from one reading only is recorded NOT-DECIDABLE, never PASS.
DISPOSABLE FIXTURE, TERMINAL ONCE COMPLETED: mission progress is monotonic with no reset path, and a sibling suite placing real orders on these accounts can consume them between seed and execution. Read the status chip on the card for @td(MSN_E2E_ORDERVALUE.name) as the FIRST observation; if it already reads as completed, stop and record BLOCKED:PRECONDITION_UNMET — never a PASS and never a FAIL.
Build under test: vc-frontend PR #2396 (the loyalty routes are registered at bootstrap regardless of authentication state) against VirtoCommerce.Loyalty PR#14. Assertions about that build are grounded on the source read at the deployed SHA, not on product documentation — no VirtoOZ documentation exists for Missions.",@td(MSN_E2E_ORDERVALUE.name),"[NAV] {{FRONT_URL}}/sign-in
[WAIT] the sign-in form has rendered its email input
[ACT] type @td(MSN_E2E_USER_003.email) into the sign-in email input
[ACT] type @td(MSN_E2E_USER_003.password) into the sign-in password input
[ACT] click 'Sign in'
[WAIT] authentication completes, the browser settles on its post-login route
[ACT] record the currency code shown in the header currency selector
[ACT] record the document root lang attribute
[NAV] {{FRONT_URL}}/account/missions
[WAIT] the mission card grid has rendered at least one card, no loading skeleton is visible
[ACT] read the status chip on the card for @td(MSN_E2E_ORDERVALUE.name)
[ACT] record the progress-so-far amount with its currency code on the card for @td(MSN_E2E_ORDERVALUE.name)
[ACT] record the goal target amount with its currency code wherever the card renders one
[ACT] click the open-mission control on the card for @td(MSN_E2E_ORDERVALUE.name)
[WAIT] the order-goal modal has rendered its target block
[ACT] record the goal target amount with its currency code in the modal
[ACT] record which surface supplied each of the two goal-target readings taken so far
[ACT] record the progress-so-far amount with its currency code in the modal
[ACT] click the modal's Close control
[WAIT] the modal has been dismissed
[ACT] --- ARM 1, session currency varies at fixed culture --- click the header currency selector (data-test-id 'currency-selector-button')
[WAIT] the currency list has rendered its options
[ACT] record every currency option the selector offers
[ACT] click the first currency option whose code differs from the recorded session currency
[WAIT] the missions page has re-rendered under the newly selected currency
[ACT] record the progress-so-far amount with its currency code on the same card a second time
[ACT] click the open-mission control on the card for @td(MSN_E2E_ORDERVALUE.name)
[WAIT] the order-goal modal has rendered its target block
[ACT] record the goal target amount with its currency code a second time
[ACT] click the modal's Close control
[WAIT] the modal has been dismissed
[ACT] click the header currency selector (data-test-id 'currency-selector-button')
[WAIT] the currency list has rendered its options
[ACT] click the option carrying the originally recorded session currency code
[WAIT] the missions page has re-rendered under the restored currency
[ACT] --- ARM 2, culture varies at fixed session currency --- record the currency code shown in the header currency selector a third time. It must still be the code recorded at sign-in, so that nothing ARM 2 observes is attributable to a currency change
[ACT] open the storefront language selector
[WAIT] the locale list has rendered its options
[ACT] record every locale option the storefront language selector offers. Where only the active locale is offered, ARM 2 is BLOCKED:PRECONDITION_UNMET per the gate in Preconditions
[ACT] click the locale option whose code differs from the one recorded at sign-in
[WAIT] the storefront has re-rendered under the newly selected locale
[ACT] record the document root lang attribute a second time
[NAV] {{FRONT_URL}}/account/missions
[WAIT] the mission card grid has rendered at least one card, no loading skeleton is visible
[ACT] TOP-LEVEL MONEY READ — record the progress-so-far amount with its currency code on the card for @td(MSN_E2E_ORDERVALUE.name)
[ACT] click the open-mission control on the card for @td(MSN_E2E_ORDERVALUE.name)
[WAIT] the order-goal modal has rendered its target block
[ACT] TOP-LEVEL MONEY READ — record the goal target amount with its currency code
[ACT] click the modal's Close control
[WAIT] the modal has been dismissed
[ACT] PRODUCT MONEY READ, primary — click the open-mission control on the card for @td(MSN_E2E_PERSKU.name)
[WAIT] the featured-SKU modal has rendered its product rows
[ACT] record the price amount with its currency code on the first product row of that modal
[ACT] record whether that modal rendered any product row at all, since a completed featured-SKU mission opens read-only with none
[ACT] click the modal's Close control
[WAIT] the modal has been dismissed
[NAV] {{FRONT_URL}}@td(MSN_E2E_PRODUCT_UNIT.url)
[WAIT] the product detail page has rendered its price
[ACT] PRODUCT MONEY READ, corroborating — record the price amount with its currency code on the product detail page. This second product money reading is what carries ARM 2 where the featured-SKU modal rendered no rows
[ACT] open the storefront language selector
[WAIT] the locale list has rendered its options
[ACT] click the option carrying the locale code recorded at sign-in
[WAIT] the storefront has re-rendered under the restored locale","[REL] ARM 1 — for the one mission @td(MSN_E2E_ORDERVALUE.name), the currency code rendered against the progress-so-far amount == the currency code rendered against its goal target, so the two numbers a customer is asked to compare are denominated alike {BL}
[MATH] the goal currency code rendered against the target = @td(MSN_E2E_ORDERVALUE.goal_currency), the mission own stored goal currency {BL}
[MATH] the goal target amount rendered = @td(MSN_E2E_ORDERVALUE.goal_target), so the target figure is the mission stored value rather than a session-converted one {OBSERVED}
[REL] ARM 1 — after the session currency is switched, the two money fields for that one mission still agree with each other in currency code {BL}
[REL] ARM 1 DISCRIMINATOR — the goal target reading after the currency switch == the goal target reading before it, in both amount and currency code, because a goal is denominated by the mission and never by the session. A build that re-denominates the stored goal to the session currency fails here on the currency code, and a build that converts it at the registered exchange rate fails here on the amount {BL}
[STATE] ARM 2 DECIDABILITY GATE, evaluated from the selector and a NON-MONEY observation before any ARM 2 money field is compared: the language selector offered a locale other than the one active at sign-in, that locale was selected, and the document root lang attribute after the switch differs from the one recorded at sign-in. If either is not satisfied ARM 2 is BLOCKED:PRECONDITION_UNMET and never PASS, and ARM 1 still reports its own verdict {OBSERVED}
[REL] ARM 2 CONTROL — the currency code shown in the header currency selector after the locale switch == the code recorded at sign-in, so nothing ARM 2 observes is attributable to a session-currency change {OBSERVED}
[REL] ARM 2 DISCRIMINATOR — under the switched locale at unchanged session currency, the currency code rendered against a TOP-LEVEL mission money field on the card or order-goal modal for @td(MSN_E2E_ORDERVALUE.name) == the currency code rendered against a PRODUCT money field, taken from the featured-SKU modal row where that modal rendered rows and otherwise from the corroborating product detail page reading. Top-level mission money is formatted from CultureName by AfterMediatorSend while product money resolves off currencyCode, so this is the only pair on this feature whose two members travel different inputs. A build that lets the locale drive denomination renders the two under different currency codes and fails here, while the ARM 1 pair — two top-level fields that both travel AfterMediatorSend — would still agree {BL}
[REL] ARM 2 — the currency code rendered against the top-level mission money under the switched locale == the currency code the same field rendered under the original locale, because a culture governs how a number is written and never which currency it is in {BL}
[MATH] ARM 2 — under the switched locale the goal target amount rendered = @td(MSN_E2E_ORDERVALUE.goal_target), so a locale change alters the presentation of the number and never the number {BL}
[FORMAT] in every reading both money fields render with a currency symbol and exactly two digits after the decimal separator of the locale then active, so a locale that uses a different decimal separator changes the separator and never the count of fractional digits {BL}
[REL] the case records which surface supplied each of the two readings in each arm; where only one of a compared pair is rendered anywhere, that comparison is NOT-DECIDABLE and is reported as such rather than as a PASS {SPEC}","[CONSOLE] no TypeError or JS error on the page under test
[NETWORK] no 4xx/5xx on /graphql","Spinner visible >5s, console.error with TypeError, 4xx/5xx on /graphql",none,VCST-5346 · Archetype:MONEY · Technique:DT,Draft
MSNF-081,Add-to-cart notification from a featured-SKU mission modal dismisses itself with no user interaction,Loyalty > Missions > Featured SKU Modal,High,,,"[PRE:CLEAR_SESSION]
[PRE:SIGNIN_AS:USER_DEFAULT]
[PRE:RESET_CART]
Store @td(MSN_STORE_SETTINGS.store_id) has @td(MSN_STORE_SETTINGS.setting_name)=true and @td(MSN_STORE_SETTINGS.base_setting_name)=true. The loyalty missions fixture set is seeded, so this account resolves the published public missions through loyaltyMissionProgress.
The cart is empty. @td(MSN_PERSKU_ALL.name) is visible on the missions page and its target products are seeded and in stock with enough quantity for the stepper used below.
BOUND PROVENANCE, read before touching the budget: the auto-dismiss interval is a SOURCE CONSTANT — the duration that sku-mission-modal.vue addProductsToCart() passes to useNotifications.open() — and this case never asserts its value, because a transcribed constant goes stale silently (.claude/rules/test-data.md GOLDEN RULE). What is asserted is only that the notification is gone UNAIDED inside the dismissal budget in Test_Data, which is set with deliberate headroom over that constant so a product-side change to the interval cannot turn this case red. The budget also absorbs this lane per-call snapshot overhead, which is seconds per observation. If the budget is ever exceeded, re-derive it from the source constant rather than widening it blindly.
The mission list spans several pages on the seeded store, so the fixture card is not necessarily on page 1 — page to it rather than assuming the first page.
MODAL LIFECYCLE, stated so no reader expects otherwise: on the SUCCESS path the modal CLOSES as part of the add itself — close() sits unchanged, as context with no +/- marker, immediately after the success notification in addProductsToCart(), so this is pre-existing designed behaviour that PR #2471 did not introduce or touch. The notification outlives the modal in .notifications-host. Only the ERROR path leaves the modal open (the catch block carries no close() at all), and that is MSNF-039's territory, not this case's.
OVERLAY RESIDUE — RESOLVED 2026-09-08, historical note only, there is no live drift: a stale sku/name shadow on the MSN_PERSKU_PRODUCT_A / MSN_PERSKU_PRODUCT_B aliases in test-data/aliases.vcst.json was deleted, and both aliases resolve their base AGENT-TEST identities again (verified this session: A = AGENT-TEST-MSN-TARGET-A at list_price 30, B = AGENT-TEST-MSN-TARGET-B at 42.5). The overlay productIds were NEVER stale. Kept as one line only for the lesson: a green 'npm run td:validate' cannot see a ref that RESOLVES to the wrong entity, which is why the shadow stayed invisible.","front_url={{FRONT_URL}}; persku_all=@td(MSN_PERSKU_ALL.name); product_a_sku=@td(MSN_PERSKU_PRODUCT_A.sku); product_a_target=@td(MSN_PERSKU_PRODUCT_A.quantity); dismiss_budget_seconds=30 (a headroom bound over the source constant, NOT the constant itself — see Preconditions)","[NAV] {{FRONT_URL}}/account/missions
[WAIT] the mission card grid has rendered at least one card and no loading skeleton is visible
[ACT] page through the mission list until the card for @td(MSN_PERSKU_ALL.name) is rendered
[ACT] click the open-mission control on that card
[WAIT] the modal has rendered its product rows
[ACT] set the row for @td(MSN_PERSKU_PRODUCT_A.sku) to quantity @td(MSN_PERSKU_PRODUCT_A.quantity)
[WAIT] the summary block has recomputed
[ACT] click the modal primary add-to-cart control
[WAIT] the operation completes, then capture the notification region as the very first observation, before any other read or navigation, recording the clock at that observation
[ACT] leave the browser entirely idle: no pointer movement, no keypress, no scroll, no navigation, no further interaction of any kind
[WAIT] poll the notification region until no success notification is present, or until the dismissal budget in Test_Data has elapsed, recording the elapsed time to disappearance","[DOM] a success notification is present on that FIRST observation, so the disappearance below is an auto-dismiss rather than a notification that never rendered — this is the positive control without which the rest of the case passes vacuously {OBSERVED}
[NEG] the success notification is no longer present within the dismissal budget, with no pointer, keyboard or navigation interaction of any kind in between {OBSERVED}
[REL] the recorded elapsed time to disappearance is greater than zero and below the dismissal budget — the notification neither outlives the budget (which is the VCST-5909 defect: useNotifications.open() arms its timer only when a duration is passed, and it has no default) nor vanishes before the first observation, which would leave the confirmation unreadable {OBSERVED}
[STATE] the modal CLOSES as part of the add on the success path — pre-existing designed behaviour, not something PR #2471 introduced (close() sits unchanged as context immediately after the success notification in addProductsToCart(); the catch block carries none) — so the notification outlives the modal, and what must survive the auto-dismiss is the WRITE: the cart still holds the line the add created, confirmed on the cart page {OBSERVED}
[NEG] no second notification appeared at any point during the idle wait {OBSERVED}","[API] exactly one cart-quantity mutation is issued for the single changed row, and its errors[] is empty
[CONSOLE] no unhandled JS errors during the idle wait — in particular none raised by the dismissal timer firing while the modal is still mounted","The success notification is still present when the dismissal budget elapses (the VCST-5909 defect). The notification is absent on the FIRST observation — that is an inconclusive run, not a product defect: re-run with the notification read as the immediate first observation before concluding anything. The notification disappears only after an incidental interaction, which is a manual dismissal rather than an auto-dismiss. A JS error is raised when the timer elapses. The modal is still open after an add that succeeded — that is a change to pre-existing behaviour on the success path, so triage it as a modal-lifecycle regression rather than as a notification defect. The cart line the add created is absent once the notification has gone, which would mean the confirmation outlived a write that did not persist.",Empty the cart. There is no modal left to close on the success path — it closed as part of the add.,"VCST-5909; live baseline reports/tickets/Sprint26-18/VCST-5909/testing-checklist.md Phase B (auto-dismiss observed unaided 5/5 on theme 2.57.0-pr-2471, brackets 10.5-15.5s, close button unaffected); the interval itself is a source constant and is deliberately not asserted; Synced: PR #2471 (2026-09-08); Archetype:LIFECYCLE Technique:EG | Verified: Phase 5 (2026-09-08) on theme 2.57.0-pr-2471 — assertions 1, 2, 3 and 5 re-confirmed live (notification present on the very first observation — vc-alert--solid--success, copy 'Products added to cart', inside .notifications-host with aria-live=polite — then gone after a fully idle wait at +18.3s from the click, inside the 30s budget). Assertion 4 was WRONG AS AUTHORED and has been rewritten: it claimed the modal stays open with stepper values intact, but close() on the success path is pre-existing unchanged context in the PR diff and Phase 5 saw the modal gone twice independently (.sku-mission-modal null after the add; and modalPresent=false while the success notification was still visible with its close control, which proves the close belongs to the add and not to the notification going). Corrected to the behaviour that actually holds — a CASE DEFECT fixed here, not a product bug, nothing filed; Promoted: VCST-5909 → 083c Reviewed (2026-09-08)",Reviewed
MSNF-082,"The add-to-cart notification close control still dismisses it at once, without waiting for the auto-dismiss",Loyalty > Missions > Featured SKU Modal,Medium,,,"[PRE:CLEAR_SESSION]
[PRE:SIGNIN_AS:USER_DEFAULT]
[PRE:RESET_CART]
Store @td(MSN_STORE_SETTINGS.store_id) has @td(MSN_STORE_SETTINGS.setting_name)=true and @td(MSN_STORE_SETTINGS.base_setting_name)=true. The loyalty missions fixture set is seeded, so this account resolves the published public missions through loyaltyMissionProgress.
The cart is empty. @td(MSN_PERSKU_ALL.name) is visible on the missions page and its target products are seeded and in stock.
NON-REGRESSION COUNTERPART to MSNF-081: arming the auto-dismiss timer must not take the manual dismissal away. The two halves are separate cases because one notification cannot be observed both dismissing itself and being dismissed by hand — the manual close destroys the observation the other case needs.
The manual dismissal must be exercised WELL INSIDE the auto-dismiss interval, otherwise the two mechanisms are indistinguishable and this case proves nothing. The interval is a source constant that this case does not assert; act on the notification immediately after it is first observed.
MODAL LIFECYCLE, stated so no reader expects otherwise: on the SUCCESS path the modal CLOSES as part of the add itself — close() sits unchanged, as context with no +/- marker, immediately after the success notification in addProductsToCart(), so this is pre-existing designed behaviour that PR #2471 did not introduce or touch. The notification outlives the modal in .notifications-host. Only the ERROR path leaves the modal open (the catch block carries no close() at all), and that is MSNF-039's territory, not this case's.
OVERLAY RESIDUE — RESOLVED 2026-09-08, historical note only, there is no live drift: a stale sku/name shadow on the MSN_PERSKU_PRODUCT_A / MSN_PERSKU_PRODUCT_B aliases in test-data/aliases.vcst.json was deleted, and both aliases resolve their base AGENT-TEST identities again (verified this session: A = AGENT-TEST-MSN-TARGET-A at list_price 30, B = AGENT-TEST-MSN-TARGET-B at 42.5). The overlay productIds were NEVER stale. Kept as one line only for the lesson: a green 'npm run td:validate' cannot see a ref that RESOLVES to the wrong entity, which is why the shadow stayed invisible.",front_url={{FRONT_URL}}; persku_all=@td(MSN_PERSKU_ALL.name); product_a_sku=@td(MSN_PERSKU_PRODUCT_A.sku); product_a_target=@td(MSN_PERSKU_PRODUCT_A.quantity),"[NAV] {{FRONT_URL}}/account/missions
[WAIT] the mission card grid has rendered at least one card and no loading skeleton is visible
[ACT] page through the mission list until the card for @td(MSN_PERSKU_ALL.name) is rendered
[ACT] click the open-mission control on that card
[WAIT] the modal has rendered its product rows
[ACT] set the row for @td(MSN_PERSKU_PRODUCT_A.sku) to quantity @td(MSN_PERSKU_PRODUCT_A.quantity)
[WAIT] the summary block has recomputed
[ACT] click the modal primary add-to-cart control
[WAIT] the operation completes, then capture the notification region as the very first observation, recording the clock at that observation
[ACT] click the close control on that notification
[WAIT] the notification region is re-read on the very next observation, recording the clock again","[DOM] a success notification with a close control is present on the first observation {OBSERVED}
[NEG] the notification is no longer present on the observation immediately following the close click, so the close control is still wired {OBSERVED}
[REL] the elapsed time between the two recorded clocks is far below the auto-dismiss interval, so the disappearance is attributable to the close click and not to the timer — a case that cannot separate the two proves nothing about the close control {OBSERVED}
[STATE] closing the notification mutates nothing else — and note what the state already is by this point: the modal CLOSED as part of the add itself (pre-existing designed behaviour, close() unchanged as context on the success path in addProductsToCart()), so there is no open modal and no stepper left for this assertion to preserve. What must survive the close click is the WRITE: the cart still holds the line the add created {OBSERVED}","[API] no additional cart mutation is issued by the close click, and the mission query errors[] is empty
[CONSOLE] no unhandled JS errors when the notification is closed before its timer elapses","The close control no longer removes the notification (the auto-dismiss timer replaced the manual path rather than adding to it). The notification is gone before the close click can be made, which makes the run inconclusive rather than failed — re-run with the close click as the immediate next action. Closing the notification also removes the cart line the add created, or navigates the page away. A JS error is raised when the timer elapses after the notification was already removed by hand.",Empty the cart. There is no modal left to close on the success path — it closed as part of the add.,"VCST-5909; live baseline reports/tickets/Sprint26-18/VCST-5909/testing-checklist.md checklist item 2 (close button clicked at +5s, gone on the next probe, on theme 2.57.0-pr-2471); Synced: PR #2471 (2026-09-08); Archetype:LIFECYCLE Technique:EG | Verified: Phase 5 (2026-09-08) on theme 2.57.0-pr-2471 — assertions 1 and 2 re-confirmed live (close control present as vc-alert__close-button with aria-label='Close alert', and still wired). Assertion 3 keeps the {OBSERVED} it was authored with, grounded on the VCST-5909 checklist rather than on this pass, which did not time the gap. Assertion 4 was WRONG AS AUTHORED and has been rewritten: it claimed the modal stays open, but close() on the success path is pre-existing unchanged context in the PR diff and Phase 5 saw the modal already gone. Corrected to the behaviour that actually holds — a CASE DEFECT fixed here, not a product bug, nothing filed; Promoted: VCST-5909 → 083c Reviewed (2026-09-08)",Reviewed
MSNF-083,Featured-SKU modal reflows at mobile width so each product row identifies its own product and owns its stepper,Loyalty > Missions > Mobile & Layout Stability,High,BL-UI-004; BL-UI-005,ECL-7.4,"[PRE:CLEAR_SESSION]
[PRE:SIGNIN_AS:USER_DEFAULT]
Store @td(MSN_STORE_SETTINGS.store_id) has @td(MSN_STORE_SETTINGS.setting_name)=true and @td(MSN_STORE_SETTINGS.base_setting_name)=true. The loyalty missions fixture set is seeded, so this account resolves the published public missions through loyaltyMissionProgress.
@td(MSN_PERSKU_ALL.name) is visible on the missions page and carries two distinct target products, @td(MSN_PERSKU_PRODUCT_A.sku) and @td(MSN_PERSKU_PRODUCT_B.sku), at different prices. That the two rows are genuinely DIFFERENT on the axis under test is what makes this fixture discriminating: two identical rows could not tell a working layout from the defect.
WHERE THE DIFFERENTIATION LIVES, and why this case does not assert the product NAME: the two fixture products share a long common name prefix and the name cell line-clamps to one line, so both rows still render the same visible name text even after the fix. The row is told apart by its fully-visible SKU-and-price subtitle, which is the surface this case asserts. Asserting the name instead would report a residual copy/clamp issue as a layout regression.
Read-only: no stepper is raised above zero, so nothing is written to the cart.
OVERLAY RESIDUE — RESOLVED 2026-09-08, historical note only, there is no live drift: a stale sku/name shadow on the MSN_PERSKU_PRODUCT_A / MSN_PERSKU_PRODUCT_B aliases in test-data/aliases.vcst.json was deleted, and both aliases resolve their base AGENT-TEST identities again (verified this session: A = AGENT-TEST-MSN-TARGET-A at list_price 30, B = AGENT-TEST-MSN-TARGET-B at 42.5). The overlay productIds were NEVER stale. Kept as one line only for the lesson: a green 'npm run td:validate' cannot see a ref that RESOLVES to the wrong entity, which is why the shadow stayed invisible.",front_url={{FRONT_URL}}; persku_all=@td(MSN_PERSKU_ALL.name); product_a_sku=@td(MSN_PERSKU_PRODUCT_A.sku); product_b_sku=@td(MSN_PERSKU_PRODUCT_B.sku); mobile_viewport=375x812; desktop_reflow_viewport=768x1024,"[ACT] set the viewport to 375 by 812
[NAV] {{FRONT_URL}}/account/missions
[WAIT] the mission card grid has rendered at least one card and no loading skeleton is visible
[ACT] page through the mission list until the card for @td(MSN_PERSKU_ALL.name) is rendered
[ACT] click the open-mission control on that card
[WAIT] the modal has rendered its product rows
[ACT] measure the bounding box of each product row
[ACT] measure the bounding box of the name/info block inside each product row
[ACT] measure the bounding box of the quantity stepper group inside each product row
[ACT] read the subtitle rendered beneath the product name on the row for @td(MSN_PERSKU_PRODUCT_A.sku)
[ACT] read the subtitle rendered beneath the product name on the row for @td(MSN_PERSKU_PRODUCT_B.sku)
[ACT] measure the document scroll width against the viewport width
[ACT] measure the vertical centre of each control in one row stepper group
[ACT] set the viewport to 768 by 1024
[WAIT] the modal has re-laid out at the wider viewport
[ACT] measure those same three boxes again at the wider viewport","[MATH] at 375 pixels the name/info block inner width / the inner width of its product row = 0.5 or more — pre-fix that ratio was the residual sliver left over after the stepper, under a fifth of the row, which is the geometry the defect described {OBSERVED}
[STATE] at 375 pixels the stepper group is on its OWN row: its box starts below the bottom edge of the info block in the same product row, and it spans the row rather than sharing a line with the name {OBSERVED}
[REL] each product row identifies its own product: the subtitle under the row for @td(MSN_PERSKU_PRODUCT_A.sku) contains that SKU, the subtitle under the row for @td(MSN_PERSKU_PRODUCT_B.sku) contains that SKU, and the two subtitles differ from one another — so a customer can tell which stepper controls which product {OBSERVED}
[MATH] the document scroll width at 375 pixels = the viewport width or less, so nothing in the modal forces horizontal scrolling (BL-UI-004) {BL}
[NEG] no truncation is silent: any clipped product name carries a title attribute plus a visible ellipsis, so the clipping is declared rather than hidden, and no SKU subtitle or stepper control is clipped at all (BL-UI-004) {BL}
[MATH] within a row the vertical centre of the stepper decrement control = the vertical centre of its value control = the vertical centre of its increment control, to within 1 CSS pixel (BL-UI-005) {OBSERVED}
[STATE] DESKTOP NON-REGRESSION at 768 pixels and above: the mobile full-width stepper rule reverts, the stepper group returns to sharing its product row as a single horizontal group, and no product name is truncated {OBSERVED}","[API] measurement issues no additional query, and the mission query errors[] is empty
[CONSOLE] no unhandled JS errors at either viewport, and none raised by the viewport change itself","The stepper shares the product row at 375 pixels, pushing the info block back to a sliver (the VCST-5831 defect returning). The two row subtitles are identical or absent, so the row no longer identifies its product and the stepper cannot be attributed. Horizontal scrolling appears inside the modal. A product name is clipped with no title attribute and no ellipsis. The mobile stacking leaks into desktop, so the row is stacked at 1280 pixels. The stepper controls lose their shared centre line once the row wraps.",Close the modal and restore the viewport to 1920 by 1080. No cart write was made.,"VCST-5831; live baseline reports/tickets/Sprint26-18/VCST-5831/testing-checklist.md (375 pixel measurements identical across 3 runs on theme 2.57.0-pr-2471: info block 233px, row wrap on, stepper basis 100%, own row, centre-Y spread 0.00px; no regression at 768/1024/1280/1920); the residual name line-clamp is deliberately NOT asserted here — differentiation is carried by the SKU subtitle, and the clamp is tracked as a follow-up on that ticket; Synced: PR #2471 (2026-09-08); Archetype:RENDER Technique:BVA | Verified: Phase 5 (2026-09-08) on theme 2.57.0-pr-2471 — all seven assertions re-confirmed live, so every {OBSERVED} and {BL} on this case traces to this pass: info/row ratio 0.7259 against a threshold of 0.5; stepper-wrap flex-basis 100% with padding-left 88px, starting at y=318.4 below an info row ending at 302.4, so it genuinely owns its row; scrollWidth == innerWidth at both 375 and 768; stepper centre-Y spread 0.00px; and the two row subtitles read verbatim 'SKU #AGENT-TEST-MSN-TARGET-B - $42.50' versus 'SKU #AGENT-TEST-MSN-TARGET-A - $30.00', so they DIFFER while the product names do line-clamp to identical text — exactly as this case's Preconditions predicted, which is why the assertion is anchored on the subtitle and not on the name. Desktop 3-column row intact at 768 with no name clipped; Promoted: VCST-5831 → 083c Reviewed (2026-09-08)",Reviewed
MSNF-084,"Date badge carries a three-band severity ladder, so a long-window mission reads success rather than the same warning as every other in-progress mission — RED BY DESIGN, blocked on VCST-5910, held at Draft and never promoted until the third band ships",Loyalty > Missions > Mission Card,High,BL-A11Y-003,ECL-15.1,"[PRE:CLEAR_SESSION]
IDENTITY, REPOINTED 2026-09-08 - MISSION-PROGRESS OWNER. Mission progress is PER USER and this case reads progress, so it must run as the account the progress was provisioned for. The missions seeder provisions it under PROGRESS_USER_ROLE='USER' (scripts/seed-data/loyalty/missions-specs.mjs), which scripts/lib/user-roles.mjs resolves through USER_EMAIL - the same account @td(MSN_PROGRESS_ORDER.user_email) records as owning the provisioning order @td(MSN_PROGRESS_ORDER.number). The former [PRE:SIGNIN_AS:USER_DEFAULT] was the WRONG identity: USER_DEFAULT is test-data/users/test-users.csv USER-001, a different account, for which loyaltyMissionProgress returns totalCount=0 with every mission at 0 percent and isStarted=false - that zero is CORRECT for that account, and it makes every progress assertion below vacuously satisfiable. USER_DEFAULT is deliberately NOT redefined (it is referenced far beyond missions), and there is no @td() alias for the USER role today, so [PRE:SIGNIN_AS:USER] does not resolve either; the sign-in therefore moved into Steps against {{USER_EMAIL}} / {{USER_PASSWORD}}, the env binding that resolves to the progress owner on every environment because the seeder resolves the same role the same way. PROVENANCE CONSEQUENCE: any {OBSERVED} tag on this case predates the repoint and was recorded against ZERO progress, so it does not carry over to the progress-bearing state this case now runs in; the tags are left in place rather than silently rewritten, and re-grounding them is Dimension 10 work for /qa-review-tests --verify.
Store @td(MSN_STORE_SETTINGS.store_id) has @td(MSN_STORE_SETTINGS.setting_name)=true and @td(MSN_STORE_SETTINGS.base_setting_name)=true. The loyalty missions fixture set is seeded, so this account resolves the published public missions through loyaltyMissionProgress.
Two window fixtures are visible and both InProgress: @td(MSN_PERSKU_ALL.name) on the shared active window, whose remaining window is long enough to sit above any candidate success threshold, and @td(MSN_ENDING_SOON.name) on the short endingSoon window, which td:validate:missions holds inside a few days on both sides so it cannot drift out of the short band between seeds.
RED BY DESIGN — DO NOT INVERT THIS CASE. On the build under test the storefront resolves the badge as completed ? success : daysRemaining below the danger threshold ? danger : warning, so success is reachable ONLY by completion, and EVERY in-progress mission at ANY window length renders warning or danger. VCST-5910 reports exactly that. PR #2471 is titled for that ticket but does not touch the resolver — the threshold constant and the resolver are byte-identical at the PR head, confirmed in the deployed bundle. This case asserts the DESIGNED ladder, is EXPECTED TO FAIL, stays at Draft, and is never promoted until VCST-5910 lands. OPERATOR DECISION, 2026-09-08 — the red is ACCEPTED rather than suppressed: the runner excludes only Manual (EX-200) and Deprecated (EX-201), so Draft does NOT keep a case out of a selection and this one WILL execute and go red in every 083c run until the fix ships. That was chosen knowingly over deprecating it, so that the missing band stays visible in every run instead of going quiet. The obligation that follows is on Failure_Signals below: the red must be unmistakably attributable, so triage files it as a KNOWN EXPECTED RED against VCST-5910 and never as a fresh product bug. Rewriting it to the currently-observed two-band behaviour would certify the defect as the specification and would invert on the fix.
SCOPE, stated rather than left implicit: this case covers the ticket defect 2 only — that the success band is unreachable for an in-progress mission. The ticket defect 1, the numeric danger threshold, is NOT asserted here and is not testable from the storefront with a stable fixture: the discriminating window is a narrow two-day band, and a fixture seeded inside it decays out of band within days under the seeder own clock slack. Its regression guard belongs in a unit test on the severity resolver, which is recorded as a manual item rather than authored here.
FIXTURE LIMIT, stated because a green run must not imply more than the data can decide: the store carries fixtures on only two windows, long and short. The MIDDLE warning band has no fixture of its own, so this case cannot prove the full three-way partition — it proves that the long window is separated from the short one AND that the long window reaches success. A mid-window fixture is requested as a manual item.",front_url={{FRONT_URL}}; long_window_mission=@td(MSN_PERSKU_ALL.name); short_window_mission=@td(MSN_ENDING_SOON.name); long_window_status=@td(MSN_PERSKU_ALL.progress_status); short_window_status=@td(MSN_ENDING_SOON.progress_status); completion_exhibit=@td(MSN_PROGRESS_COMPLETED.name); completion_exhibit_status=@td(MSN_PROGRESS_COMPLETED.progress_status),"[NAV] {{FRONT_URL}}/sign-in
[WAIT] the sign-in form has rendered its email input
[ACT] type {{USER_EMAIL}} into the sign-in email input
[ACT] type {{USER_PASSWORD}} into the sign-in password input
[ACT] click the sign-in submit control
[WAIT] authentication completes, the browser settles on its post-login route
[NAV] {{FRONT_URL}}/account/missions
[WAIT] the mission card grid has rendered at least one card and no loading skeleton is visible
[ACT] page through the mission list until the card for @td(MSN_PERSKU_ALL.name) is rendered
[ACT] record the date-badge severity token on that card together with its computed background colour
[ACT] record the days-left label on that card
[ACT] record whether a completion chip is present on that card
[ACT] page through the mission list until the card for @td(MSN_ENDING_SOON.name) is rendered
[ACT] record the date-badge severity token on that card together with its computed background colour
[ACT] record the days-left label on that card
[ACT] page through the mission list until the card for @td(MSN_PROGRESS_COMPLETED.name) is rendered
[ACT] record the date-badge severity token on that card together with its computed background colour
[ACT] record whether a completion chip is present on that card
[ACT] record the severity token of every other date badge rendered across the whole list","[DOM] the date badge on the long-window card for @td(MSN_PERSKU_ALL.name) is visible carrying the SUCCESS severity, and the warning severity is absent from that badge {SPEC} VCST-5910 plus the Claude Design project frame that declares a comfortable remaining window in success-500 (project id in reports/bugs/open/medium/BUG-loyalty-mission-date-severity-ladder-collapses.md, not repeated here per DV-013) — EXPECTED TO FAIL on the build under test, where success is gated on completion; do not silently correct this assertion to match that
[NEG] that success badge is NOT earned by completion - and this is now stated as a CONTRAST against a live positive exhibit rather than as a bare negative: on the card for @td(MSN_PROGRESS_COMPLETED.name), which IS Completed on the mission-progress-owner identity, a SUCCESS date badge IS present alongside its completion chip, because resolveDateSeverity returns success when isCompleted(mission). So the success token demonstrably ships and is demonstrably reachable - via completion. The claim under test is the OTHER route: the long-window card for @td(MSN_PERSKU_ALL.name) must reach that same success token with NO completion chip present and status @td(MSN_PERSKU_ALL.progress_status), i.e. from the remaining window ALONE, which is what the design requires and what VCST-5910 reports missing. This is the mechanism half of the defect and the sharpest assertion in the case {SPEC} same source; the completion arm is a positive exhibit and never a second expected failure
[REL] POSITIVE CONTROL, passes on the build under test — the severity token on the short-window card for @td(MSN_ENDING_SOON.name) differs from the token on the long-window card, so a failure above is specifically the missing third band and not a badge that never varies at all {OBSERVED}
[NEG] no date badge anywhere in the list carries a severity token outside the declared three-band set {SPEC} same source
[DOM] on each of the two cards the severity is not conveyed by colour alone: the days-left label on that same card is visible and states the remaining window as text, which is the differentiator BL-A11Y-003 and WCAG 1.4.1 require {BL}","[API] the daysRemaining and status values behind each badge are read from the mission query response for that same mission, and errors[] is empty
[CONSOLE] no unhandled JS errors while paging the list","EXPECTED RED — DO NOT FILE. This case fails on the build under test BY DESIGN, and the failure is owned by VCST-5910 (report reports/bugs/open/medium/BUG-loyalty-mission-date-severity-ladder-collapses.md). Assertions 1 and 2 are the expected failures: the long-window card renders warning rgb(252,158,0) where the design declares success, because success is gated on completion. /qa-triage-results must classify this as a known expected red against VCST-5910, not as a new defect, and must not open a duplicate. Assertion 3, the positive control, is expected to PASS (Phase 5 2026-09-08: long window warning rgb(252,158,0) versus short window danger rgb(222,49,49), tokens DIFFER), which is what makes the failure attributable to the missing third band rather than to a badge that never varies. THE SURPRISING OUTCOME IS A PASS: if assertions 1 and 2 pass, the fix has landed — route the case for re-grounding ({SPEC} -> {OBSERVED}) and then for promotion, and lift this expected-red note. Genuinely new findings, distinct from the known red: the positive control ALSO fails, meaning long-window and short-window cards render the SAME token and the badge carries no urgency signal at all, which is worse than what VCST-5910 reports; a severity token outside the declared set appears; or the days-left label disappears, leaving colour as the only signal and turning a P2 colour issue into a WCAG 1.4.1 failure. ATTRIBUTION SHARPENED 2026-09-08 by the completion exhibit: the case now reads a mission that IS Completed on this identity (@td(MSN_PROGRESS_COMPLETED.name)) in the same pass. If that card renders a SUCCESS date badge while the long-window in-progress card renders warning, the two-band collapse is confirmed as VCST-5910 and nothing else - the success token exists, ships and is reachable, it is only unreachable FROM THE REMAINING WINDOW, which is precisely what the ticket says. If instead NEITHER card renders success, that is a DIFFERENT and larger finding than VCST-5910 (the success token is not applied to this badge at all) and must be reported separately rather than folded into the known red. VCST-5910's own verdict is unchanged by this sharpening.",none — read-only,"VCST-5910; Blocked on VCST-5910 — held at Draft, RED BY DESIGN, never promote and never add to a regression selection until the third band ships; reports/bugs/open/medium/BUG-loyalty-mission-date-severity-ladder-collapses.md; live baseline reports/tickets/Sprint26-18/VCST-5910/testing-checklist.md (31 cards across 3 pages, ZERO rendering success, 180/108/21/14 days all identical warning, 7/5 days danger, all InProgress, on theme 2.57.0-pr-2471); Claude Design project frame is the oracle, project id in the filed bug per DV-013; the numeric threshold half of the ticket is out of scope here, see Preconditions; Synced: PR #2471 (2026-09-08); Archetype:RENDER Technique:DT | Verified: Phase 5 (2026-09-08) on theme 2.57.0-pr-2471 — REFUTED exactly as designed, and the refutation is the point: long window warning rgb(252,158,0), short window danger rgb(222,49,49), no completion chip on either, both at 0%. Assertion 3 (positive control) PASSED and assertion 5 confirmed (the days-left text renders independently of the badge colour, so BL-A11Y-003 / WCAG 1.4.1 holds). Assertions 1, 2 and 4 remain unconfirmed {SPEC} and must NEVER be upgraded while the third band is missing — upgrading them would certify the defect as the specification. Operator decision recorded in Preconditions: stays Draft, red accepted, attributability carried by Failure_Signals | Repointed: 2026-09-08 — identity moved from USER_DEFAULT to the MISSION-PROGRESS OWNER ({{USER_EMAIL}}, the seeder PROGRESS_USER_ROLE=USER account). Reason: this case reads the mission status and the absence of a completion chip, and now exhibits a completion-earned success badge as its contrast, and mission progress is per-user - as USER_DEFAULT loyaltyMissionProgress returns totalCount=0 and every such assertion is vacuous. USER_DEFAULT itself is unchanged; no @td() alias exists for the USER role, so the sign-in moved into Steps against the {{USER_EMAIL}}/{{USER_PASSWORD}} env binding | Sharpened: 2026-09-08 - assertion 2 restated as a CONTRAST against a live positive exhibit. resolveDateSeverity returns success when isCompleted(mission), so on the mission-progress-owner identity a completed mission DOES render a success badge; the earlier sweep's 'zero of 31 cards render success' was true only for an account carrying no progress. VCST-5910's defect is UNCHANGED and still source-proven - success is unreachable from the REMAINING WINDOW alone, which is what the design requires - and assertions 1, 2 and 4 stay {SPEC}, still EXPECTED RED, still never upgraded while the third band is missing",Draft
MSNF-085,Order-value mission progress accrues the order TOTAL and not its merchandise value — two targets straddling the three candidate readings decide it,Loyalty > Missions > Progress Semantics,Critical,BL-LOY-016,,"[PRE:CLEAR_SESSION]
IDENTITY — MISSION-PROGRESS OWNER. Mission progress is PER USER and this case reads progress, so it runs as the account the progress was provisioned for. The missions seeder provisions it under PROGRESS_USER_ROLE='USER' (scripts/seed-data/loyalty/missions-specs.mjs), which scripts/lib/user-roles.mjs resolves through USER_EMAIL — the same account @td(MSN_PROGRESS_ORDER.user_email) records as owning the provisioning order @td(MSN_PROGRESS_ORDER.number). [PRE:SIGNIN_AS:USER_DEFAULT] must NOT be used here: USER_DEFAULT is test-data/users/test-users.csv USER-001, a different account, for which loyaltyMissionProgress returns totalCount=0 with every mission at 0 percent — correct for that account, and fatal to this case, which would then pass vacuously. There is no @td() alias for the USER role today, so [PRE:SIGNIN_AS:USER] does not resolve either; the sign-in is therefore in Steps against {{USER_EMAIL}} / {{USER_PASSWORD}}, the env binding that resolves to the progress owner on every environment because the seeder resolves the same role the same way.
Store @td(MSN_STORE_SETTINGS.store_id) has @td(MSN_STORE_SETTINGS.setting_name)=true and @td(MSN_STORE_SETTINGS.base_setting_name)=true, and the loyalty missions fixture set is seeded.
DECIDABILITY, why this case is not vacuous — this is the whole point of it. The single provisioning order @td(MSN_PROGRESS_ORDER.number) SEPARATES all three candidate accrual readings: merchandise net of discount @td(MSN_PROGRESS_ORDER.predicted_net_merchandise), gross merchandise @td(MSN_PROGRESS_ORDER.observed_sub_total), and order total @td(MSN_PROGRESS_ORDER.observed_total) (gross minus discount @td(MSN_PROGRESS_ORDER.observed_discount_total) plus shipping @td(MSN_PROGRESS_ORDER.observed_shipping_total) plus tax @td(MSN_PROGRESS_ORDER.observed_tax_total)). Two order-value missions carry targets placed BETWEEN those readings: @td(MSN_ORDERVALUE.name) at @td(MSN_ORDERVALUE.goal_target) sits above BOTH merchandise readings and below the order total (its alias records what it separates: @td(MSN_ORDERVALUE.separates)), and @td(MSN_ORDERVALUE_NET.name) at @td(MSN_ORDERVALUE_NET.goal_target) sits between net and gross merchandise (@td(MSN_ORDERVALUE_NET.separates)). That is exactly the fixture shape BL-LOY-016 §Verify asks for, and exactly what the Loyalty Missions post-mortem recorded as MISSING when the only in-window orders were flat $30 with no shipping, tax or discount — on that data both readings predicted the same figure and the mechanism question was undecidable from the storefront.
The mission list spans several pages on the seeded store, so page to a named card rather than assuming page 1.",front_url={{FRONT_URL}}; ordervalue=@td(MSN_ORDERVALUE.name); ordervalue_target=@td(MSN_ORDERVALUE.goal_target); ordervalue_currency=@td(MSN_ORDERVALUE.goal_currency); net_mission=@td(MSN_ORDERVALUE_NET.name); net_target=@td(MSN_ORDERVALUE_NET.goal_target); order_total=@td(MSN_PROGRESS_ORDER.observed_total); gross_merchandise=@td(MSN_PROGRESS_ORDER.observed_sub_total); net_merchandise=@td(MSN_PROGRESS_ORDER.predicted_net_merchandise); discount=@td(MSN_PROGRESS_ORDER.observed_discount_total); shipping=@td(MSN_PROGRESS_ORDER.observed_shipping_total); tax=@td(MSN_PROGRESS_ORDER.observed_tax_total),"[NAV] {{FRONT_URL}}/sign-in
[WAIT] the sign-in form has rendered its email input
[ACT] type {{USER_EMAIL}} into the sign-in email input
[ACT] type {{USER_PASSWORD}} into the sign-in password input
[ACT] click the sign-in submit control
[WAIT] authentication completes, the browser settles on its post-login route
[NAV] {{FRONT_URL}}/account/missions
[WAIT] the mission card grid has rendered at least one card and no loading skeleton is visible
[ACT] record the loyaltyMissionProgress response body for this page load
[ACT] read from that response the currentValue, target, percentage, status returned for @td(MSN_ORDERVALUE.name)
[ACT] read from that same response the currentValue, target, percentage, status returned for @td(MSN_ORDERVALUE_NET.name)
[ACT] page through the mission list until the card for @td(MSN_ORDERVALUE.name) is rendered
[ACT] record every money figure on that card's progress line, each with its currency code
[ACT] record whether a completion chip is present on that card
[ACT] page through the mission list until the card for @td(MSN_ORDERVALUE_NET.name) is rendered
[ACT] record whether a completion chip is present on that card","[MATH] the currentValue the loyaltyMissionProgress response returns for @td(MSN_ORDERVALUE.name) = @td(MSN_PROGRESS_ORDER.observed_total), the order's grand total — and is NEITHER @td(MSN_PROGRESS_ORDER.observed_sub_total) (gross merchandise) NOR @td(MSN_PROGRESS_ORDER.predicted_net_merchandise) (merchandise net of discount) {BL}
[REL] DISCRIMINATOR, arm 1 — @td(MSN_ORDERVALUE.name) reads Completed. Its target @td(MSN_ORDERVALUE.goal_target) sits ABOVE both merchandise readings, so a build that accrued merchandise value of either shape would leave it InProgress; only an order-total accrual completes it {BL}
[REL] DISCRIMINATOR, arm 2 — @td(MSN_ORDERVALUE_NET.name) reads Completed. Its target @td(MSN_ORDERVALUE_NET.goal_target) sits BETWEEN net and gross merchandise, so a build that accrued merchandise NET of discount would leave it InProgress. Arms 1 and 2 together admit exactly one of the three readings, the order total {BL}
[MATH] the discount is not ignored: currentValue = gross merchandise @td(MSN_PROGRESS_ORDER.observed_sub_total) plus shipping @td(MSN_PROGRESS_ORDER.observed_shipping_total) plus tax @td(MSN_PROGRESS_ORDER.observed_tax_total) MINUS discount @td(MSN_PROGRESS_ORDER.observed_discount_total), so a reduction in what the customer actually paid reduced their progress by exactly that amount {BL}
[REL] the currency code carried by the accrued figure on the card for @td(MSN_ORDERVALUE.name) == @td(MSN_ORDERVALUE.goal_currency), the mission's own stored goal currency, and not whichever currency the session happens to carry {BL}
[REL] DECIDABILITY GATE, evaluated before any verdict is recorded — if the response's currentValue for @td(MSN_ORDERVALUE.name) is 0 or its status is not among InProgress and Completed, the provisioning order never settled against the mission and every arm above is BLOCKED:PRECONDITION_UNMET, never FAIL: that is a data condition and not a product verdict {BL}
[NEG] the literals 'undefined', 'null' and 'NaN' are absent from both cards' progress lines and from both order-goal modals {BL}","[GQL] the loyaltyMissionProgress response read in Steps is the single source for both API-side arms, captured in ONE page load so the two missions are compared against the same state
[CONSOLE] no uncaught JS errors
[NETWORK] no 4xx/5xx on /graphql","currentValue equals @td(MSN_PROGRESS_ORDER.observed_sub_total) or @td(MSN_PROGRESS_ORDER.predicted_net_merchandise) rather than the order total; @td(MSN_ORDERVALUE.name) sits InProgress while @td(MSN_ORDERVALUE_NET.name) reads Completed, which is the merchandise-value signature; the discount is absent from the arithmetic, so currentValue overshoots the order total by @td(MSN_PROGRESS_ORDER.observed_discount_total); the accrued figure carries a currency other than @td(MSN_ORDERVALUE.goal_currency). BOTH missions reading InProgress is the decidability gate above, so it is BLOCKED and not a FAIL.",none — read-only,"VCST-5346; BL-LOY-016 (a mission goal measures the ORDER TOTAL — shipping and tax included, net of discount) and its §Verify recipe, which asks for exactly one order whose merchandise falls below the target while its total rises above it; authored 2026-09-08 to close the accrual question the Loyalty Missions post-mortem recorded as UNDECIDABLE on the previous fixture set (flat $30 orders with no shipping, tax or discount — see .claude/rules/test-data.md §SECOND RULE, which cites this very case as its worked example); the two straddling targets are the fixture's own declared discriminators, @td(MSN_ORDERVALUE.separates) and @td(MSN_ORDERVALUE_NET.separates); Archetype:SILENT Technique:DT",Draft
MSNF-086,"An overshot mission target is clamped on the card and in the modal — the displayed current never exceeds the target, the percent never exceeds 100 and the bar never leaves its track",Loyalty > Missions > Progress Semantics,High,BL-UI-004,,"[PRE:CLEAR_SESSION]
IDENTITY — MISSION-PROGRESS OWNER. Mission progress is PER USER and this case reads progress, so it runs as the account the progress was provisioned for. The missions seeder provisions it under PROGRESS_USER_ROLE='USER' (scripts/seed-data/loyalty/missions-specs.mjs), which scripts/lib/user-roles.mjs resolves through USER_EMAIL — the same account @td(MSN_PROGRESS_ORDER.user_email) records as owning the provisioning order @td(MSN_PROGRESS_ORDER.number). [PRE:SIGNIN_AS:USER_DEFAULT] must NOT be used here: USER_DEFAULT is test-data/users/test-users.csv USER-001, a different account, for which loyaltyMissionProgress returns totalCount=0 with every mission at 0 percent — correct for that account, and fatal to this case, which would then pass vacuously. There is no @td() alias for the USER role today, so [PRE:SIGNIN_AS:USER] does not resolve either; the sign-in is therefore in Steps against {{USER_EMAIL}} / {{USER_PASSWORD}}, the env binding that resolves to the progress owner on every environment because the seeder resolves the same role the same way.
Store @td(MSN_STORE_SETTINGS.store_id) has @td(MSN_STORE_SETTINGS.setting_name)=true and @td(MSN_STORE_SETTINGS.base_setting_name)=true, and the loyalty missions fixture set is seeded.
DECIDABILITY, why this case is not vacuous — on this identity the accrual GENUINELY OVERSHOOTS both order-value targets, so each clamp below can actually FAIL if it is removed or inverted. @td(MSN_ORDERVALUE.name) accrued @td(MSN_ORDERVALUE.accrued_value_at_seed) against target @td(MSN_ORDERVALUE.goal_target), and @td(MSN_ORDERVALUE_NET.name) accrued @td(MSN_ORDERVALUE_NET.accrued_value_at_seed) against target @td(MSN_ORDERVALUE_NET.goal_target) — the larger overshoot of the two. On an identity carrying no progress the raw and the clamped values coincide at zero, a clamped build and an unclamped build render identically, and this case proves nothing; that is why it was deferred as vacuous until the suite was repointed.
The raw values above are the figures captured at seed time and are read from the response at run time, not asserted as pinned expectations — what the assertions require is that the DISPLAYED value differs from the RAW one in the direction of the clamp.
The mission list spans several pages on the seeded store, so page to a named card rather than assuming page 1.",front_url={{FRONT_URL}}; ordervalue=@td(MSN_ORDERVALUE.name); ordervalue_target=@td(MSN_ORDERVALUE.goal_target); ordervalue_raw=@td(MSN_ORDERVALUE.accrued_value_at_seed); net_mission=@td(MSN_ORDERVALUE_NET.name); net_target=@td(MSN_ORDERVALUE_NET.goal_target); net_raw=@td(MSN_ORDERVALUE_NET.accrued_value_at_seed),"[NAV] {{FRONT_URL}}/sign-in
[WAIT] the sign-in form has rendered its email input
[ACT] type {{USER_EMAIL}} into the sign-in email input
[ACT] type {{USER_PASSWORD}} into the sign-in password input
[ACT] click the sign-in submit control
[WAIT] authentication completes, the browser settles on its post-login route
[NAV] {{FRONT_URL}}/account/missions
[WAIT] the mission card grid has rendered at least one card and no loading skeleton is visible
[ACT] record the loyaltyMissionProgress response body for this page load
[ACT] read from that response the raw currentValue, target, percentage for @td(MSN_ORDERVALUE.name)
[ACT] read from that same response the raw currentValue, target, percentage for @td(MSN_ORDERVALUE_NET.name)
[ACT] page through the mission list until the card for @td(MSN_ORDERVALUE.name) is rendered
[ACT] record the two money figures on that card's progress line
[ACT] record the percent label beside that card's progress bar
[ACT] measure the progress-bar fill box on that card
[ACT] measure the progress-bar track box on that card
[ACT] click the open-mission control on that card
[WAIT] the order-goal modal has rendered its target block and its progress bar
[ACT] record the accrued figure, the target figure, the percent in the modal
[ACT] measure the modal progress-bar fill box
[ACT] measure the modal progress-bar track box
[ACT] close the modal
[ACT] page through the mission list until the card for @td(MSN_ORDERVALUE_NET.name) is rendered
[ACT] record that card's two money figures, its percent label
[ACT] measure that card's progress-bar fill box
[ACT] measure that card's progress-bar track box","[REL] the displayed current figure on the card for @td(MSN_ORDERVALUE.name) == that mission's TARGET as the response returned it, and is strictly LESS than the raw currentValue the same response returned — the clamp is observable precisely because the raw value is higher {SPEC} source: the display clamps in vc-frontend PR #2471, Math.min(currentValue, target) together with percentage >= 100 ? target : current. Grounded on the PR rather than on a live read; the first run on this identity is what upgrades it
[MATH] the percent rendered on that card = 100, and NOT the raw ratio of currentValue to target that the response supports, which exceeds 100 {SPEC} source: Math.min(percent, 100), same PR
[MATH] the progress-bar fill width on that card divided by its track width = 1.0 within 1 percentage point, and the fill box does not extend beyond the track box on either edge (BL-UI-004) {BL}
[REL] the same three readings hold in the order-goal modal opened from that card, so the clamp is applied on BOTH surfaces rather than only on the card that happened to be verified {SPEC} same source
[REL] LARGER-OVERSHOOT ARM — the same three readings hold for @td(MSN_ORDERVALUE_NET.name), whose overshoot over its target is the larger of the two, so a clamp that saturates only just above the target is still caught {SPEC} same source
[NEG] a percent above 100 and the literals 'NaN', 'Infinity' and 'undefined' are absent from both cards and both modals {BL}
[REL] DECIDABILITY GATE, evaluated from the response before any clamp arm is judged — if the raw currentValue is NOT strictly greater than the target for a given mission, that mission's overshoot is gone and its clamp arms are BLOCKED:PRECONDITION_UNMET rather than PASS: with nothing overshooting, clamped and unclamped code render the same thing {BL}","[GQL] the raw currentValue/target/percentage are read from the loyaltyMissionProgress response in the same page load as the rendered figures, because the clamp is a difference between the two and cannot be judged from either alone
[CONSOLE] no uncaught JS errors
[NETWORK] no 4xx/5xx on /graphql","The card shows the raw accrued figure rather than the target as its current value, i.e. Math.min(currentValue, target) is gone; a percent above 100 renders; the bar fill extends past its track; the modal clamps while the card does not, or the reverse; 'NaN' or 'Infinity' appears where a ratio above 1 is formatted. A mission whose raw currentValue no longer exceeds its target is the decidability gate above — BLOCKED, not a FAIL.",none — read-only,"VCST-5346; vc-frontend PR #2471 — the three display clamps Math.min(currentValue, target), Math.min(percent, 100) and percentage >= 100 ? target : current; authored 2026-09-08, having been correctly deferred earlier as VACUOUS: the identity the suite ran as carried no progress, so no value overshot its target and every clamp was unobservable. Decidable now that the case runs as the mission-progress owner, whose provisioning order takes both order-value missions past their targets; the accrual reading itself is MSNF-085's subject and is deliberately not re-asserted here; Archetype:RENDER Technique:BVA",Draft
MSNF-087,"A completed mission's progress bar carries the completed variant, whose fill is the success token and not the in-progress fill",Loyalty > Missions > Mission Card,Medium,BL-A11Y-003,ECL-15.1,"[PRE:CLEAR_SESSION]
IDENTITY — MISSION-PROGRESS OWNER. Mission progress is PER USER and this case reads progress, so it runs as the account the progress was provisioned for. The missions seeder provisions it under PROGRESS_USER_ROLE='USER' (scripts/seed-data/loyalty/missions-specs.mjs), which scripts/lib/user-roles.mjs resolves through USER_EMAIL — the same account @td(MSN_PROGRESS_ORDER.user_email) records as owning the provisioning order @td(MSN_PROGRESS_ORDER.number). [PRE:SIGNIN_AS:USER_DEFAULT] must NOT be used here: USER_DEFAULT is test-data/users/test-users.csv USER-001, a different account, for which loyaltyMissionProgress returns totalCount=0 with every mission at 0 percent — correct for that account, and fatal to this case, which would then pass vacuously. There is no @td() alias for the USER role today, so [PRE:SIGNIN_AS:USER] does not resolve either; the sign-in is therefore in Steps against {{USER_EMAIL}} / {{USER_PASSWORD}}, the env binding that resolves to the progress owner on every environment because the seeder resolves the same role the same way.
Store @td(MSN_STORE_SETTINGS.store_id) has @td(MSN_STORE_SETTINGS.setting_name)=true and @td(MSN_STORE_SETTINGS.base_setting_name)=true, and the loyalty missions fixture set is seeded.
DECIDABILITY, why this case is not vacuous — the completed bar variant renders only for a mission whose backend status is Completed, and on this identity the grid carries ONE OF EACH in a single pass: @td(MSN_PROGRESS_COMPLETED.name) is Completed at @td(MSN_PROGRESS_COMPLETED.progress_percentage) percent, and @td(MSN_PROGRESS_PARTIAL.name) is InProgress at @td(MSN_PROGRESS_PARTIAL.progress_percentage) percent. On an identity with no completed mission the variant never renders at all and the case is unfalsifiable, which is why it was deferred.
NO-HARDCODE, stated because it shapes the assertions: the success token's VALUE is deliberately never transcribed into this case (.claude/rules/test-data.md GOLDEN RULE — a transcribed colour is correct exactly once and then manufactures phantom failures, as the 14-value spacing grid did in REG-2026-07-24-2121). It is derived IN THE SAME PASS from another element on the SAME card that carries the same token: the 'Completed' success chip. scripts/lib/design-tokens.generated.ts carries spacing, breakpoints, control sizes and viewports but NO colour export, so a same-page derivation is the only hardcode-free oracle available today; adding a colour-token generator plus its tokens:check drift guard is recorded as a candidate rather than worked around with a literal.
The mission list spans several pages on the seeded store, so page to a named card rather than assuming page 1.",front_url={{FRONT_URL}}; completed=@td(MSN_PROGRESS_COMPLETED.name); completed_pct=@td(MSN_PROGRESS_COMPLETED.progress_percentage); completed_status=@td(MSN_PROGRESS_COMPLETED.progress_status); partial=@td(MSN_PROGRESS_PARTIAL.name); partial_pct=@td(MSN_PROGRESS_PARTIAL.progress_percentage),"[NAV] {{FRONT_URL}}/sign-in
[WAIT] the sign-in form has rendered its email input
[ACT] type {{USER_EMAIL}} into the sign-in email input
[ACT] type {{USER_PASSWORD}} into the sign-in password input
[ACT] click the sign-in submit control
[WAIT] authentication completes, the browser settles on its post-login route
[NAV] {{FRONT_URL}}/account/missions
[WAIT] the mission card grid has rendered at least one card and no loading skeleton is visible
[ACT] record the loyaltyMissionProgress response body for this page load
[ACT] page through the mission list until the card for @td(MSN_PROGRESS_COMPLETED.name) is rendered
[ACT] record the class list on that card's progress-bar fill element
[ACT] record the computed fill colour of that bar
[ACT] record the computed background colour of the 'Completed' chip on the same card
[ACT] measure that bar's fill box
[ACT] measure that bar's track box
[ACT] record whether a completion date label is visible as text on that card
[ACT] page through the mission list until the card for @td(MSN_PROGRESS_PARTIAL.name) is rendered
[ACT] record the class list on that card's progress-bar fill element
[ACT] record the computed fill colour of that card's progress-bar fill element","[DOM] the progress-bar fill element on the card for @td(MSN_PROGRESS_COMPLETED.name) carries the completed modifier, and the default in-progress fill class is absent from it {SPEC} source: the &__bar--completed modifier in the mission-card style block, applied on the completed branch
[REL] the computed fill colour of that completed bar == the computed background colour of the 'Completed' success chip on the SAME card, so the bar is painted from the same success token rather than from a second colour that merely resembles it — no colour literal is transcribed into this case {SPEC} same source
[REL] DISCRIMINATOR — that completed fill colour != the computed fill colour of the progress bar on the card for @td(MSN_PROGRESS_PARTIAL.name), which is InProgress. Without this arm, a build that dropped the modifier and painted every bar one colour would still satisfy the assertion above whenever that one colour happened to match the chip {SPEC} same source
[MATH] the completed bar's fill width divided by its track width = 1.0 within 1 percentage point, consistent with the @td(MSN_PROGRESS_COMPLETED.progress_percentage) percent the response returns {BL}
[NEG] the completed state is not conveyed by the bar colour alone: on that same card the 'Completed' chip and the completion date label are both visible as TEXT, which is the differentiator BL-A11Y-003 and WCAG 1.4.1 require {BL}
[REL] DECIDABILITY GATE, evaluated from the response before any colour is compared — if no mission in the list reads as Completed on this run, the completed variant never renders and every arm above is BLOCKED:PRECONDITION_UNMET rather than PASS {BL}","[GQL] the Completed and InProgress statuses are taken from the loyaltyMissionProgress response for the same page load the colours were measured on, so a colour is never attributed to a status the run did not observe
[CONSOLE] no uncaught JS errors
[NETWORK] no 4xx/5xx on /graphql","Every progress bar in the grid renders one colour regardless of status, meaning the completed modifier is not applied; the completed bar's fill differs from the success chip on its own card, meaning the bar is painted from a second colour; the completed bar renders short of full width; the completion is signalled by bar colour only, with no chip and no completion label as text.",none — read-only,"VCST-5346; the &__bar--completed modifier and its success-token fill in the mission-card style block; authored 2026-09-08, having been correctly deferred earlier as VACUOUS — no mission was Completed on the identity the suite ran as, so the variant never rendered and no assertion about it could fail. No BL-* invariant covers the application of a design token to a state VARIANT (the BL-A11Y-003 citation covers only the not-by-colour-alone half), recorded as a candidate for /qa-review-oracles rather than cited loosely; the token value is deliberately derived same-page instead of transcribed, per .claude/rules/test-data.md GOLDEN RULE; Archetype:RENDER Technique:DT",Draft
