"ID","Title","Section","Priority","Business_Rule","Edge_Case_Refs","Preconditions","Test_Data","Steps","Assertions","Cross_Layer_Checks","Failure_Signals","Cleanup","References","Automation_Status"
"B2C-MBR-001","View Company Members List","B2C Features > Members","High","BL-B2B-005","","[PRE:CLEAR_SESSION]
[PRE:SIGNIN_AS:ORG_USER_DEFAULT]
Org admin user logged in; organization has at least 3 members","url={{FRONT_URL}},org_user={{ORG_USER_EMAIL}},org_password={{ORG_USER_PASSWORD}}","1. [NAV] Log in as organization admin
2. [NAV] Navigate to /company/members or Company > Members
3. [ASSERT] Verify members list page loads
4. [ASSERT] Verify list shows member name and email and role and status columns","[DOM] Members list page loads without errors {OBSERVED} (live 2026-07-30 this session: table renders, 12 rows, 0 console errors)
[DOM] Table/list shows: name and email and role and status for each member {OBSERVED} (live 2026-07-30 this session: live headers are Name / Roles / Email / Active / <unlabeled actions> -- 'Roles' is plural and status lives in the 'Active' column)
[DOM] At least 3 members visible {OBSERVED} (live 2026-07-30 this session: 12 member rows on TechFlow)
[FORMAT] Role labels are readable, drawn from the live role vocabulary (e.g. Organization maintainer or Organization employee or Purchasing agent) {OBSERVED} (live 2026-07-30 this session: the full live vocabulary on the TechFlow roster is Organization maintainer / Organization employee / Purchasing agent / Organization manager / Store manager / Store administrator / Sales Representative)
[STATE] Role column reflects the MERGED set of org-level, membership, and global roles per member (VCST-5239, PR #2354/#137) -- not the membership role alone {OBSERVED} (live 2026-07-30 this session: AgentTest MultiOrg renders 'Purchasing agent, Organization employee, Organization maintainer' = TechFlow org-level [purchasing-agent, org-employee] + own membership org-maintainer; live 2026-07-30 REG-2026-07-30-1040 also saw the global tier via 'Store manager')","[API] organization members query returns member data
[CONSOLE] no uncaught JS errors","Members page returns 404; empty list when members exist; missing columns in member data; Role column shows only membership role and omits org-level/global roles (VCST-5239 regression)","none","Coverage Gap Analysis; Synced: VCST-5239 (2026-07-07) -- Roles column now merges org-level+membership+global roles, see B2C-MBR-024/025 for dedicated coverage","Draft"
"B2C-MBR-002","Search Members by Name or Email","B2C Features > Members","Medium","BL-B2B-005","","[PRE:SIGNIN_AS:ORG_USER_DEFAULT]
Org admin user logged in; organization has 5+ members","url={{FRONT_URL}},org_user={{ORG_USER_EMAIL}},org_password={{ORG_USER_PASSWORD}}","1. [NAV] Navigate to /company/members
2. [ACT] Type a member name in search input
3. [ASSERT] Verify filtered results show matching members
4. [ACT] Clear search and type a member email
5. [ASSERT] Verify filtered results show matching member","[DOM] Search input visible on members page {OBSERVED} (live 2026-07-30 this session: textbox 'Search by name, role or email')
[DOM] Results filtered by name search {OBSERVED} (live 2026-07-30 REG-2026-07-30-1040: name search 'David' -> 1 row, David Kim)
[DOM] Results filtered by email search {OBSERVED} (live 2026-07-30 REG-2026-07-30-1040: email search 'agent-test-multiorg-20260615@yopmail.com' -> 1 row, AgentTest MultiOrg)
[STATE] Search works for both name and email fields {OBSERVED} (live 2026-07-30 REG-2026-07-30-1040: both name and email filter; clearing restores the full list)","[CONSOLE] no uncaught JS errors","Search not filtering results; search input missing; search only works for name but not email","none","Coverage Gap Analysis","Draft"
"B2C-MBR-003","Members List Pagination","B2C Features > Members","Medium","BL-B2B-005","ECL-14.2","[PRE:SIGNIN_AS:ORG_USER_DEFAULT]
Org admin user; organization has MORE members than one page holds. The page size is the storefront's GetOrganizationContacts 'first' variable (16 at time of writing) -- read it from the query at runtime; do NOT hardcode a literal threshold (feedback_never_hardcode_in_scripts)","url={{FRONT_URL}},org_user={{ORG_USER_EMAIL}},org_password={{ORG_USER_PASSWORD}}","1. [NAV] Navigate to /company/members
2. [ASSERT] Verify initial page shows first batch of members
3. [SCROLL] Scroll to bottom of list
4. [ACT] Click Load More or pagination control
5. [ASSERT] Verify additional members are loaded
6. [ASSERT] Verify no duplicate members","[DOM] Pagination or load-more control visible when the org's member count EXCEEDS one page (page size = GetOrganizationContacts 'first'); with a member count at or below one page, NO control is expected and its absence is correct {OBSERVED} (live 2026-07-30 REG-2026-07-30-1040: page size = GetOrganizationContacts first:16; at 12 contacts NO control renders and that is correct; raised to 18 contacts -> page buttons 1/2 + Previous(disabled)/Next appear)
[DOM] Additional members loaded after action {OBSERVED} (live 2026-07-30 REG-2026-07-30-1040: page 1 = 16 rows, page 2 = 2 rows after Next)
[DOM] No duplicate entries across pages {OBSERVED} (live 2026-07-30 REG-2026-07-30-1040: no duplicate rows across pages 1 and 2)
[STATE] Total visible members matches org member count {OBSERVED} (live 2026-07-30 REG-2026-07-30-1040: 16 + 2 = totalCount 18)","[CONSOLE] no uncaught JS errors","Members truncated with no pagination; duplicate members after loading more; pagination control missing","none","Coverage Gap Analysis","Draft"
"B2C-MBR-004","Invite Member - Open Form","B2C Features > Members","High","BL-B2B-005","","[PRE:SIGNIN_AS:ORG_USER_DEFAULT]
Org admin user logged in","url={{FRONT_URL}},org_user={{ORG_USER_EMAIL}},org_password={{ORG_USER_PASSWORD}}","1. [NAV] Navigate to /company/members
2. [ACT] Click the 'Invite members' button (top-right, next to Filters)
3. [ASSERT] Verify the 'Invite member' dialog opens (heading level 2)
4. [ASSERT] Verify the dialog has a required Role selector (combobox, defaulting to 'Organization employee')
5. [ASSERT] Verify the dialog has a required multi-email textbox (hint: 'Use commas, semicolons, or line breaks to separate multiple entries')
6. [ASSERT] Verify the dialog has an optional Message textbox
7. [ASSERT] Verify the footer has Cancel and Send buttons, and Send is disabled until the required fields are filled
8. [ASSERT] Verify there are NO First name and NO Last name fields","[DOM] 'Invite member' dialog/modal opens {OBSERVED} (live 2026-07-30 this session: dialog heading 'Invite member', level 2)
[DOM] Required Role selector (combobox) visible, default value 'Organization employee' {OBSERVED} (live 2026-07-30 this session: combobox labeled 'Role*' with value 'Organization employee')
[DOM] Required multi-email textbox visible with the multi-address separator hint (invites are by email; there is no field simply labeled 'Email') {OBSERVED} (live 2026-07-30 this session: label 'Enter email addresses of people you want to invite*', placeholder 'Use commas, semicolons, or line breaks to separate multiple entries')
[DOM] Optional Message textbox visible {OBSERVED} (live 2026-07-30 this session: textbox labeled 'Message', placeholder 'Enter a value', not required)
[DOM] Cancel and Send buttons present; Send disabled until required fields are filled {OBSERVED} (live 2026-07-30 this session: footer Cancel + Send; Send disabled while the email field is empty)
[STATE] No First name and no Last name fields exist on the invite form (invitees provide their name at registration) {OBSERVED} (live 2026-07-30 this session: the dialog body contains only Role, the multi-email textbox and Message -- no first/last name field)","[CONSOLE] no uncaught JS errors","'Invite members' button missing; dialog does not open; Role / multi-email / Message fields missing. (Do NOT fail on the absence of first/last name fields — they are intentionally not collected.)","Click Cancel to close the dialog (no invite sent)","Coverage Gap Analysis; vc-frontend invite_member_modal","Draft"
"B2C-MBR-005","Invite Member - Submit Invitation","B2C Features > Members","High","BL-B2B-005","","[PRE:SIGNIN_AS:ORG_USER_DEFAULT]
Org admin user; invite form open","url={{FRONT_URL}},org_user={{ORG_USER_EMAIL}},org_password={{ORG_USER_PASSWORD}},invite_email=invite+$TS_SUFFIX@example.com","1. [SETUP] Generate timestamp suffix: smk-{epoch_ms} — capture as $TS_SUFFIX
2. [NAV] Navigate to /company/members
3. [ACT] Click 'Invite members' button (top-right, next to Filters)
4. [WAIT] 'Invite member' dialog opens
5. [ACT] Fill invite email textbox with invite+$TS_SUFFIX@example.com
Note: the invite form has NO first name or last name fields — email and role only (per VCST-5028 customer-doc; invitees provide name at registration)
6. [ACT] Select role: Organization employee (the default; or change to Purchasing agent)
7. [ACT] Click 'SEND' or 'Send' button
8. [ASSERT] Success toast or confirmation message displayed
9. [ASSERT] Invited member appears in members list with an 'Invited' status badge (exact label; no 'Pending' wording exists in the storefront i18n — locales/en.json pages.company.members.content.status.invited = 'Invited')","[DOM] Success toast or confirmation message (containing 'sent' or 'invited') appears after sending invitation {SPEC}
[DOM] New member appears in list with an 'Invited' status badge {DOC}
[STATE] Invitation sent to specified email (email field only — no first/last name collected on invite form) {SPEC}
[STATE] Role selection persisted in invitation {SPEC}","[API] invite member mutation succeeds
[CONSOLE] no uncaught JS errors","Invitation fails with error; no success message; invited member not appearing in list; status badge reads anything other than 'Invited' (e.g. stale 'Pending' wording)","none","Coverage Gap Analysis; Synced: VCST-5281 PR#2399 (2026-07-29) — removed non-existent 'Pending' wording, exact label 'Invited' grounded in locales/en.json","Draft"
"B2C-MBR-006","Invite Member - Email Notification Sent","B2C Features > Members","Medium","BL-B2B-005","","[PRE:SIGNIN_AS:ORG_USER_DEFAULT]
Org admin user; invitation just submitted","url={{FRONT_URL}},org_user={{ORG_USER_EMAIL}},org_password={{ORG_USER_PASSWORD}}","1. [NAV] Navigate to /company/members
2. [ACT] Send invitation to a test email
3. [ASSERT] Verify success confirmation
4. [ASSERT] Check that invitation notification was triggered (via API or notification log)","[STATE] Email invitation triggered after submission {OBSERVED} (live 2026-07-30 REG-2026-07-30-1040: POST /api/notifications/journal top entry kind=EmailNotification, addressed to the exact invitee, sendAttemptCount=1, lastSendError=null)
[DOM] Success message references email being sent {OBSERVED} (live 2026-07-30 REG-2026-07-30-1040: toast 'The invite has been successfully sent')","[API] notification or email sending event triggered
[CONSOLE] no uncaught JS errors","No email sent; invitation recorded but notification not triggered; email to wrong address","none","Coverage Gap Analysis","Draft"
"B2C-MBR-007","Invite Member - New Member Sign-In via Invitation Link","B2C Features > Members","High","BL-B2B-005","","[PRE:SIGNIN_AS:ORG_USER_DEFAULT]
Invitation sent; invitation link/email available","url={{FRONT_URL}},invite_email=invite+$TS_SUFFIX@example.com,password={{USER_PASSWORD}}","1. [SETUP] Resolve $TS_SUFFIX from the invitation sent in MBR-005 (same epoch suffix)
2. [NAV] Navigate to the invitation acceptance link (from email)
3. [ASSERT] Verify registration or password setup form loads
4. [ACT] Set password for the new account
5. [ACT] Submit the form
6. [ASSERT] Verify new member can sign in
7. [NAV] Navigate to /company/members as the admin
8. [ASSERT] Verify member status badge changed from 'Invited' to 'Active' (legal statuses are Invited|Approved|Rejected|Deleted — EffectiveStatus resolves to 'Approved' after acceptance, displayed as 'Active'; no 'Pending' state exists)
Note: this case exercises the NEW-USER (not-yet-registered) invite path, where confirm-invitation.vue reads userId/email/token from the invite link and completes registration — distinct from the existing-user-invited-to-a-2nd-org path, whose broken link is covered separately in COMP-E2E-026","[DOM] a password setup or registration form is visible after opening the invitation link (not a 404 or generic error page) {SPEC}
[STATE] New member can sign in after setting password {SPEC}
[DOM] Member status badge updates in members list from 'Invited' to 'Active' {DOC}","[API] member status updated after acceptance (effective status Approved)
[CONSOLE] no uncaught JS errors","Invitation link expired or invalid; password setup fails; member status badge not updating to 'Active' (e.g. stuck on 'Invited' or showing stale 'Pending' wording)","delete test member","Coverage Gap Analysis; Synced: VCST-5281 PR#2399 (2026-07-29) — corrected 'Pending→Active' to real vocabulary 'Invited'→'Active'","Draft"
"B2C-MBR-008","Edit Member Role — Org-Scoped (VCST-5028)","B2C Features > Members","High","BL-B2B-005","","[PRE:CLEAR_SESSION]
[PRE:SIGNIN_AS:TECHFLOW_ADMIN]
TechFlow org admin logged in; member exists with Organization employee role; member is also a member of BuildRight org","url={{FRONT_URL}},org_user={{ORG_USER_EMAIL}},org_password={{ORG_USER_PASSWORD}}","1. [NAV] Navigate to {{FRONT_URL}}/sign-in
2. [ACT] Fill [data-test-id=""email-input""] with {{ORG_USER_EMAIL}}
3. [ACT] Fill [data-test-id=""password-input""] with {{ORG_USER_PASSWORD}}
4. [ACT] Click [data-test-id=""login-button""]
5. [WAIT] Page loads; header shows TechFlow org name in [data-test-id=""account-button""]
6. [NAV] Navigate to {{FRONT_URL}}/company/members
7. [ASSERT] 'Company members' table visible with columns: Name / Roles / Email / Active / Actions
8. [ACT] In the row for the target member, click button 'Actions'
9. [ACT] In the Actions dropdown, click button 'Edit role'
10. [ASSERT] Role selector opens showing current role (e.g. 'Organization employee')
11. [ACT] Select 'Organization maintainer' from role selector dropdown
12. [ACT] Click Save (or confirm button in role editor)
13. [ASSERT] Success toast visible; 'Company members' row for this member now shows 'Organization maintainer'
14. [ACT] Click [data-test-id=""account-button""] → click [data-test-id=""sign-out-button""] to sign out
15. [NAV] Navigate to {{FRONT_URL}}/sign-in; sign in to BuildRight org admin account
16. [WAIT] Header shows BuildRight org name in [data-test-id=""account-button""]
17. [NAV] Navigate to {{FRONT_URL}}/company/members
18. [ASSERT] In the BuildRight members table, locate the same member — their role column still shows 'Organization employee' (role change was scoped to TechFlow org only)","[DOM] 'Company members' table present at /company/members with columns Name / Roles / Email / Active / Actions {OBSERVED} (live 2026-07-30 this session: live headers are Name / Roles / Email / Active / <unlabeled actions column>)
[STATE] Actions dropdown per row contains 'Edit role' button {OBSERVED} (live 2026-07-30 REG-2026-07-30-1040: Actions dropdown = Edit role / Block user / Delete / Login on behalf)
[STATE] Role change saved successfully (success toast + updated row) {OBSERVED} (live 2026-07-30 REG-2026-07-30-1040: toast 'The customer role has been updated successfully' + row updated)
[STATE] Role change is scoped to the currently-authenticated org context only — BuildRight row unaffected {OBSERVED} (live 2026-07-30 REG-2026-07-30-1040: after the TechFlow change the BuildRight roster still showed the member as 'Organization employee'; memberships were TechFlow=org-maintainer / BuildRight=org-employee)
[DOM] Members list reflects 'Organization maintainer' in TechFlow after update {OBSERVED} (live 2026-07-30 REG-2026-07-30-1040: the TechFlow row gained 'Organization maintainer')","[API] changeOrganizationContactRole mutation succeeds (errors[] empty)
[CONSOLE] no uncaught JS errors","Role change not saving; Actions dropdown missing 'Edit role' option; wrong role shown after update; role change reflects in BuildRight org (cross-org scope violation)","Navigate back to TechFlow org context; open Actions → Edit role for the same member; revert to 'Organization employee'; click Save","Coverage Gap Analysis; Synced: VCST-5028 (2026-06-15)","Draft"
"B2C-MBR-009","Admin vs Purchaser Access Differences","B2C Features > Members","High","BL-B2B-005","","[PRE:CLEAR_SESSION]
[PRE:SIGNIN_AS:TECHFLOW_ADMIN]
Both admin and purchaser are members of TechFlow org specifically; two accounts: TechFlow org admin and TechFlow org purchaser","url={{FRONT_URL}},org_user={{ORG_USER_EMAIL}},org_password={{ORG_USER_PASSWORD}}","1. [NAV] Log in as org admin
2. [NAV] Navigate to /company/members
3. [ASSERT] Verify admin sees Invite Member button and can edit roles
4. [ACT] Click user name in top header → click Logout in popup (BL-AUTH-007; data-testid=""main-layout.top-header.account-menu.sign-out-button"")
5. [NAV] Log in as org purchaser
6. [NAV] Navigate to /company/members
7. [ASSERT] Verify purchaser does NOT see Invite Member button
8. [ASSERT] Verify purchaser cannot edit member roles
9. [SETUP] Generate timestamp suffix: mbr009-{epoch_ms} — capture as $TS_SUFFIX
10. [GQL-OP purchaser_invite_refused]
  mutation { inviteUser(command: {storeId: ""{{STORE_ID}}"", organizationId: ""@td(TECHFLOW_ADMIN.org_id)"", emails: [""AGENT-TEST-mbr009-$TS_SUFFIX@yopmail.com""]}) { succeeded errors { code description } } }
11. [GQL-EXEC purchaser_invite_refused]
Authorization: Bearer <purchaser session token — same JWT the storefront session is using>","[DOM] Admin: Invite Member button visible; role editing available {OBSERVED} (live 2026-07-30 this session as TechFlow maintainer: 'Invite members' button present and every non-own row exposes an 'Actions' button)
[DOM] Purchaser: Invite Member button hidden; role editing disabled or hidden {OBSERVED} (live 2026-07-30 REG-2026-07-30-1040: as a purchasing-agent member the page renders NO 'Invite members' button and only 4 columns -- the Actions column is absent entirely, not merely disabled)
[STATE] Access differences enforce role-based permissions {OBSERVED} (live 2026-07-30 REG-2026-07-30-1040: purchaser JWT permission[] = [storefront:organization:view, storefront:user:view] only)
[ERRORS label=purchaser_invite_refused] errors[] is non-empty — the purchaser JWT is refused server-side, not merely hidden client-side (BL-B2B-005; button-hiding alone is not proof of enforcement) {OBSERVED} (live 2026-07-30 REG-2026-07-30-1040: inviteUser with the purchaser JWT -> HTTP 200 with errors[] non-empty, code 'Unauthorized', data.inviteUser=null)","[CONSOLE] no uncaught JS errors","Purchaser can invite members (privilege escalation); purchaser can edit roles; no access difference between admin and purchaser; inviteUser SUCCEEDS (errors[] empty) with a purchaser JWT despite the button being hidden — a client-only gate is not authorization","none","Coverage Gap Analysis; Synced: VCST-5028 (2026-06-15); Synced: VCST-5281 PR#2399 (2026-07-29) — added GraphQL-layer mutation-refusal assertion per testing-checklist.md condition #43 (was button-only)","Draft"
"B2C-MBR-010","Block Member - Org-Scoped Block (VCST-5028)","B2C Features > Members","High","BL-B2B-005","","[PRE:CLEAR_SESSION]
[PRE:SIGNIN_AS:TECHFLOW_ADMIN]
TechFlow org admin logged in; active member to be blocked who is ALSO a member of BuildRight org; test member email known","url={{FRONT_URL}},org_user={{ORG_USER_EMAIL}},org_password={{ORG_USER_PASSWORD}},multi_org_user_email=@td(MULTI_ORG_TF_BR.email),multi_org_user_password=@td(MULTI_ORG_TF_BR.password)","1. [NAV] Navigate to {{FRONT_URL}}/sign-in
2. [ACT] Fill [data-test-id=""email-input""] with {{ORG_USER_EMAIL}}
3. [ACT] Fill [data-test-id=""password-input""] with {{ORG_USER_PASSWORD}}
4. [ACT] Click [data-test-id=""login-button""]
5. [WAIT] Header [data-test-id=""account-button""] shows TechFlow org name
6. [NAV] Navigate to {{FRONT_URL}}/company/members
7. [ASSERT] 'Company members' table visible; locate the multi-org test member (@td(MULTI_ORG_TF_BR.email)) — Active column shows button 'Active'
8. [ACT] In that member's row, click button 'Actions'
9. [ACT] In the Actions dropdown, click button 'Block user'
10. [ASSERT] Active column for that member now shows button 'Blocked' (status toggled); row reflects blocked state
11. [ACT] Click [data-test-id=""account-button""] → click [data-test-id=""sign-out-button""]
12. [NAV] Navigate to {{FRONT_URL}}/sign-in
13. [ACT] Fill [data-test-id=""email-input""] with @td(MULTI_ORG_TF_BR.email)
14. [ACT] Fill [data-test-id=""password-input""] with @td(MULTI_ORG_TF_BR.password)
15. [ACT] Click [data-test-id=""login-button""]
16. [ASSERT] Sign-in to TechFlow org context is REJECTED — error message visible verbatim: ""Your access to organization '...' has been blocked. Please contact your organization administrator."" (BL-AUTH-013) — NOT a generic account-locked message
17. [ACT] Click [data-test-id=""account-button""] → click [data-test-id=""sign-out-button""] (if partially authenticated) or remain on sign-in page
18. [NAV] Navigate to {{FRONT_URL}}/sign-in; select BuildRight org context on login
19. [ACT] Fill [data-test-id=""email-input""] with @td(MULTI_ORG_TF_BR.email)
20. [ACT] Fill [data-test-id=""password-input""] with @td(MULTI_ORG_TF_BR.password)
21. [ACT] Click [data-test-id=""login-button""]
22. [ASSERT] Sign-in to BuildRight org context SUCCEEDS — user lands on account/storefront (blocking is per-org only; no global lock)","[DOM] 'Company members' table Active column: button 'Active' → button 'Blocked' after block action {OBSERVED} (live 2026-07-30 REG-2026-07-30-1040: Active -> Blocked after Actions > Block user; toast 'The user has been successfully blocked')
[STATE] Actions dropdown per row contains 'Block user' button (not 'Edit role') {OBSERVED} (live 2026-07-30 REG-2026-07-30-1040: Actions dropdown contains 'Block user'; confirmation modal 'Block user - Are you sure you want to block access of the user?')
[STATE] Blocked member login attempt to TechFlow org is rejected with verbatim message: ""Your access to organization '...' has been blocked. Please contact your organization administrator."" (BL-AUTH-013) {DOC} (verbatim string confirmed live 2026-07-30 REG-2026-07-30-1040 at POST /connect/token with an explicit organization_id=<blocked org> -> HTTP 400 code user_is_locked_in_organization; the storefront sign-in does NOT surface it -- REFUTED, keeps failing as BUG_008_002 / BL-AUTH-013)
[STATE] SAME member CAN sign in to BuildRight org (per-org scope) — AC3 confirmed {OBSERVED} (live 2026-07-30 REG-2026-07-30-1040: the blocked member signed in to BuildRight without error in the UI; TechFlow isLocked=true while BuildRight isLocked=false and global /locked={locked:false})
[DOM] Error message visible when blocked org login attempted: verbatim text matches customer-doc (BL-AUTH-013) {DOC} (same verbatim backend string as above; the storefront instead lands on a generic /403 'You do not have permissions to access the requested page' -- REFUTED, BUG_008_002)","[API] lockOrganizationContact mutation succeeds (errors[] empty)
[CONSOLE] no uncaught JS errors","Blocked member can still sign in to TechFlow (AC3 violation); Active column does not change after block; Actions dropdown missing 'Block user'; Blocked member ALSO cannot sign in to BuildRight (global block when should be org-scoped)","Sign in as TechFlow org admin; navigate to /company/members; locate blocked member; click button 'Actions' → click 'Unblock user' (or click button 'Blocked' in Active column to toggle back to Active)","Coverage Gap Analysis; Synced: VCST-5028 (2026-06-15)","Draft"
"B2C-MBR-011","Unblock Member - Org-Scoped Restore (VCST-5028)","B2C Features > Members","High","BL-B2B-005","","[PRE:CLEAR_SESSION]
[PRE:SIGNIN_AS:TECHFLOW_ADMIN]
TechFlow org admin logged in; target member is currently in 'Blocked' state for TechFlow org (state from B2C-MBR-010 or pre-blocked via setup)","url={{FRONT_URL}},org_user={{ORG_USER_EMAIL}},org_password={{ORG_USER_PASSWORD}},multi_org_user_email=@td(MULTI_ORG_TF_BR.email),multi_org_user_password=@td(MULTI_ORG_TF_BR.password)","1. [NAV] Navigate to {{FRONT_URL}}/sign-in
2. [ACT] Fill [data-test-id=""email-input""] with {{ORG_USER_EMAIL}}
3. [ACT] Fill [data-test-id=""password-input""] with {{ORG_USER_PASSWORD}}
4. [ACT] Click [data-test-id=""login-button""]
5. [WAIT] Header [data-test-id=""account-button""] shows TechFlow org name
6. [NAV] Navigate to {{FRONT_URL}}/company/members
7. [ASSERT] 'Company members' table visible; locate the blocked member (@td(MULTI_ORG_TF_BR.email)) — Active column shows button 'Blocked'
8. [ACT] Click button 'Actions' in that member's row
9. [ACT] In the Actions dropdown, click 'Unblock user' (or alternatively click the inline button 'Blocked' in the Active column to toggle back to Active)
10. [ASSERT] Active column for that member now shows button 'Active' — blocked state cleared in TechFlow
11. [ACT] Click [data-test-id=""account-button""] → click [data-test-id=""sign-out-button""]
12. [NAV] Navigate to {{FRONT_URL}}/sign-in
13. [ACT] Fill [data-test-id=""email-input""] with @td(MULTI_ORG_TF_BR.email)
14. [ACT] Fill [data-test-id=""password-input""] with @td(MULTI_ORG_TF_BR.password)
15. [ACT] Click [data-test-id=""login-button""]
16. [ASSERT] Sign-in to TechFlow org context SUCCEEDS — user lands on account/storefront; no blocked error","[DOM] 'Company members' Active column: button 'Blocked' → button 'Active' after unblock {OBSERVED} (live 2026-07-30 REG-2026-07-30-1040: Blocked -> Active; toast 'The user has been successfully unblocked')
[STATE] 'Unblock user' available in Actions dropdown for a blocked member {OBSERVED} (live 2026-07-30 REG-2026-07-30-1040: Actions dropdown swaps 'Block user' to 'Unblock user' for a blocked member; modal 'Unblock user - Are you sure you want to unblock access of the user?')
[STATE] Unblocked member can sign in to TechFlow org after unblock (unlockOrganizationContact scoped to TechFlow) {OBSERVED} (live 2026-07-30 REG-2026-07-30-1040: the unblocked member signed in to TechFlow and landed on /company/members with no blocked error and no 403)
[STATE] Unblocking in TechFlow does not affect membership status in other orgs {OBSERVED} (live 2026-07-30 REG-2026-07-30-1040: BuildRight membership untouched at isLocked=false throughout; TechFlow status stayed null and roles stayed [org-maintainer])","[API] unlockOrganizationContact mutation succeeds (errors[] empty)
[CONSOLE] no uncaught JS errors","Unblocked member still cannot sign in to TechFlow; Active column stuck at 'Blocked' after unblock; unblock action fails silently; 'Unblock user' missing from Actions dropdown","none","Coverage Gap Analysis; Synced: VCST-5028 (2026-06-15)","Draft"
"B2C-MBR-012","Blocked Member Status Visible in List","B2C Features > Members","Medium","BL-B2B-005","","[PRE:CLEAR_SESSION]
[PRE:SIGNIN_AS:TECHFLOW_ADMIN]
Org admin for TechFlow org; at least one blocked-in-TechFlow member exists","url={{FRONT_URL}},org_user={{ORG_USER_EMAIL}},org_password={{ORG_USER_PASSWORD}}","1. [NAV] Log in as org admin
2. [NAV] Navigate to /company/members
3. [ASSERT] Verify blocked member shows distinct status indicator
4. [ASSERT] Verify status label reads Blocked or Inactive
5. [ASSERT] Verify active members have Active status","[DOM] Blocked members have visible Blocked or Inactive status badge {OBSERVED} (live 2026-07-30 this session: Active-column icon buttons carry img alt 'Blocked' and img alt 'Inactive'; both states present on the TechFlow roster)
[DOM] Active members have Active status badge {OBSERVED} (live 2026-07-30 this session: img alt 'Active' on active members' Active-column button)
[FORMAT] Status indicators use distinct colors or styling {OBSERVED} (live 2026-07-30 REG-2026-07-30-1040: Active = green circle with check, Blocked = RED circle with minus, Inactive = GREY circle with check -- distinct colour AND distinct glyph, each with an accessible name via img alt)","[CONSOLE] no uncaught JS errors","No status differentiation between active and blocked members; status column missing; same styling for all statuses","none","Coverage Gap Analysis; Synced: VCST-5028 (2026-06-15)","Draft"
"B2C-MBR-013","Delegated Purchasing - Purchaser Order Goes to Approval","B2C Features > Members","Critical","BL-B2B-005","","[PRE:SIGNIN_AS:ORG_USER_DEFAULT]
[PRE:RESET_CART]
Org with approval workflow enabled; purchaser account with order amount threshold","url={{FRONT_URL}},org_user={{ORG_USER_EMAIL}},org_password={{ORG_USER_PASSWORD}},sku={{TEST_SKU}}","1. [NAV] Log in as org purchaser
2. [ACT] Add products to cart exceeding approval threshold
3. [NAV] Proceed to checkout
4. [ACT] Complete checkout flow
5. [ASSERT] Verify order status shows Pending Approval (not Confirmed)
6. [ASSERT] Verify purchaser sees order in their orders list with pending status","[STATE] Order created with Pending Approval status
[DOM] Order status label shows Pending Approval or equivalent
[DOM] Order visible in purchaser's orders list","[API] order query returns status PendingApproval
[CONSOLE] no uncaught JS errors","Order auto-confirmed without approval; wrong status shown; order not visible in purchaser's list","none","Coverage Gap Analysis | Deprecated 2026-07-30 (restored from deletion, retired not erased per the never-delete-without-confirmation rule). BL-B2B-004 states Virto has NO native per-order spending limit, NO PendingApproval order status and NO approveOrder/rejectOrder mutation — pre-purchase approval is quote-based — and its Violation signal forbids asserting a stock budget-limit order-approval workflow as native. So the assertions are ungroundable by construction: {SPEC}/{BL} would be a false citation and {OBSERVED} is impossible. Confirmed absent live in REG-2026-07-30-1040 (87 modules, none approval-related; 453 xAPI types, zero order-approval type; no sidebar entry). RE-SCOPE TRIGGER: re-point at the virtostart Purchase Request module, or retire permanently.","Deprecated"
"B2C-MBR-014","Delegated Purchasing - Approver Sees Pending Orders","B2C Features > Members","Critical","BL-B2B-005","","[PRE:SIGNIN_AS:ORG_USER_DEFAULT]
Org approver account; at least one order pending approval","url={{FRONT_URL}},org_user={{ORG_USER_EMAIL}},org_password={{ORG_USER_PASSWORD}}","1. [NAV] Log in as org approver
2. [NAV] Navigate to pending approvals or orders requiring approval
3. [ASSERT] Verify pending order(s) are listed
4. [ASSERT] Verify order details accessible: product and amount and purchaser name","[DOM] Pending approvals page/section loads
[DOM] Pending order(s) listed with order details
[DOM] Purchaser name visible on pending order
[FORMAT] Order amount displayed correctly","[API] pending approvals query returns orders
[CONSOLE] no uncaught JS errors","No pending orders visible to approver; approvals page missing; order details incomplete","none","Coverage Gap Analysis | Deprecated 2026-07-30 (restored from deletion, retired not erased per the never-delete-without-confirmation rule). BL-B2B-004 states Virto has NO native per-order spending limit, NO PendingApproval order status and NO approveOrder/rejectOrder mutation — pre-purchase approval is quote-based — and its Violation signal forbids asserting a stock budget-limit order-approval workflow as native. So the assertions are ungroundable by construction: {SPEC}/{BL} would be a false citation and {OBSERVED} is impossible. Confirmed absent live in REG-2026-07-30-1040 (87 modules, none approval-related; 453 xAPI types, zero order-approval type; no sidebar entry). RE-SCOPE TRIGGER: re-point at the virtostart Purchase Request module, or retire permanently.","Deprecated"
"B2C-MBR-015","Delegated Purchasing - Approve Order","B2C Features > Members","Critical","BL-B2B-005","","[PRE:SIGNIN_AS:ORG_USER_DEFAULT]
Org approver; pending order exists","url={{FRONT_URL}},org_user={{ORG_USER_EMAIL}},org_password={{ORG_USER_PASSWORD}}","1. [NAV] Log in as org approver
2. [NAV] Navigate to pending approvals
3. [ACT] Click Approve on a pending order
4. [ACT] Confirm approval
5. [ASSERT] Verify order status changes to Approved or Processing
6. [NAV] Log in as purchaser
7. [ASSERT] Verify order status updated in purchaser's order list","[STATE] Order status changes from Pending Approval to Approved
[DOM] Approval success message displayed
[DOM] Purchaser sees updated order status","[API] order approval mutation succeeds
[CONSOLE] no uncaught JS errors","Approval action fails; order status unchanged; purchaser not notified; wrong status after approval","none","Coverage Gap Analysis | Deprecated 2026-07-30 (restored from deletion, retired not erased per the never-delete-without-confirmation rule). BL-B2B-004 states Virto has NO native per-order spending limit, NO PendingApproval order status and NO approveOrder/rejectOrder mutation — pre-purchase approval is quote-based — and its Violation signal forbids asserting a stock budget-limit order-approval workflow as native. So the assertions are ungroundable by construction: {SPEC}/{BL} would be a false citation and {OBSERVED} is impossible. Confirmed absent live in REG-2026-07-30-1040 (87 modules, none approval-related; 453 xAPI types, zero order-approval type; no sidebar entry). RE-SCOPE TRIGGER: re-point at the virtostart Purchase Request module, or retire permanently.","Deprecated"
"B2C-MBR-016","Delegated Purchasing - Reject Order","B2C Features > Members","High","BL-B2B-005","","[PRE:SIGNIN_AS:ORG_USER_DEFAULT]
Org approver; pending order exists","url={{FRONT_URL}},org_user={{ORG_USER_EMAIL}},org_password={{ORG_USER_PASSWORD}}","1. [NAV] Log in as org approver
2. [NAV] Navigate to pending approvals
3. [ACT] Click Reject on a pending order
4. [ACT] Optionally add rejection reason
5. [ACT] Confirm rejection
6. [ASSERT] Verify order status changes to Rejected
7. [NAV] Log in as purchaser
8. [ASSERT] Verify order shows Rejected status in purchaser's orders","[STATE] Order status changes to Rejected
[DOM] Rejection success message displayed
[DOM] Purchaser sees Rejected status on order","[API] order rejection mutation succeeds
[CONSOLE] no uncaught JS errors","Rejection action fails; order still shows Pending; purchaser not seeing rejection; rejection reason lost","none","Coverage Gap Analysis | Deprecated 2026-07-30 (restored from deletion, retired not erased per the never-delete-without-confirmation rule). BL-B2B-004 states Virto has NO native per-order spending limit, NO PendingApproval order status and NO approveOrder/rejectOrder mutation — pre-purchase approval is quote-based — and its Violation signal forbids asserting a stock budget-limit order-approval workflow as native. So the assertions are ungroundable by construction: {SPEC}/{BL} would be a false citation and {OBSERVED} is impossible. Confirmed absent live in REG-2026-07-30-1040 (87 modules, none approval-related; 453 xAPI types, zero order-approval type; no sidebar entry). RE-SCOPE TRIGGER: re-point at the virtostart Purchase Request module, or retire permanently.","Deprecated"
"B2C-MBR-017","Delegated Purchasing - Amount Threshold Triggers Approval","B2C Features > Members","High","BL-B2B-005","","[PRE:SIGNIN_AS:ORG_USER_DEFAULT]
[PRE:RESET_CART]
Org with approval threshold; purchaser account","url={{FRONT_URL}},org_user={{ORG_USER_EMAIL}},org_password={{ORG_USER_PASSWORD}},sku={{TEST_SKU}}","1. [NAV] Log in as org purchaser
2. [ACT] Add products to cart totaling BELOW threshold
3. [ACT] Complete checkout
4. [ASSERT] Verify order is confirmed immediately (no approval needed)
5. [ACT] Add products to cart totaling ABOVE threshold
6. [ACT] Complete checkout
7. [ASSERT] Verify order goes to Pending Approval","[STATE] Below-threshold order: confirmed immediately
[STATE] Above-threshold order: requires approval
[MATH] Threshold boundary correctly applied","[API] below-threshold order status is Confirmed; above-threshold is PendingApproval
[CONSOLE] no uncaught JS errors","All orders go to approval regardless of amount; threshold not enforced; below-threshold order stuck in pending","none","Coverage Gap Analysis | Deprecated 2026-07-30 (restored from deletion, retired not erased per the never-delete-without-confirmation rule). BL-B2B-004 states Virto has NO native per-order spending limit, NO PendingApproval order status and NO approveOrder/rejectOrder mutation — pre-purchase approval is quote-based — and its Violation signal forbids asserting a stock budget-limit order-approval workflow as native. So the assertions are ungroundable by construction: {SPEC}/{BL} would be a false citation and {OBSERVED} is impossible. Confirmed absent live in REG-2026-07-30-1040 (87 modules, none approval-related; 453 xAPI types, zero order-approval type; no sidebar entry). RE-SCOPE TRIGGER: re-point at the virtostart Purchase Request module, or retire permanently.","Deprecated"
"B2C-MBR-018","Company Members Count Display","B2C Features > Members","Medium","BL-B2B-005","","[PRE:SIGNIN_AS:ORG_USER_DEFAULT]
[N/A-ENV] The storefront /company/members page does not expose a dedicated member-count UI element in the current build — confirm with the product spec/design whether such a count widget is intended before authoring an assertion against it. Until confirmed, this case verifies count only via the rendered row count of the members table.
Org admin; organization has known number of members","url={{FRONT_URL}},org_user={{ORG_USER_EMAIL}},org_password={{ORG_USER_PASSWORD}}","1. [NAV] Log in as org admin
2. [NAV] Navigate to /company/members
3. [ASSERT] Verify the members table/list renders the expected number of member rows (row count derived from the list itself, not a dedicated count-display element)","[DOM] Members table/list row count matches the organization's actual member count {OBSERVED} (live 2026-07-30 this session: 12 rows on one page with no pagination control -- 12 <= page size 16, so no truncation and the rendered row count is the org's full contact set. NOTE the roster is CONTACT-driven, so it can exceed the membership count by contacts org-linked without a membership row -- live 2026-07-30 REG-2026-07-30-1040 saw 14 rows vs 13 memberships)
[FORMAT] Member rows render with consistent formatting {OBSERVED} (live 2026-07-30 this session: every row renders Name / Roles / Email / Active-icon / Actions in the same shape)","[CONSOLE] no uncaught JS errors","Members table/list does not render the expected number of rows; row count does not match actual org member count after invite/block","none","Coverage Gap Analysis","Draft"
"B2C-MBR-019","Change Role - Per-Org Scope Verified (AC1)","B2C Features > Members > Org Membership [JOURNEY]","Critical","BL-B2B-005","","[PRE:CLEAR_SESSION]
[PRE:SIGNIN_AS:TECHFLOW_ADMIN]
Dedicated cross-org member @td(MULTI_ORG_TF_BR.email) is seeded on vcst-qa with DISTINCT per-org roles: TechFlow org (@td(MULTI_ORG_TF_BR.org_techflow_id)) = 'Organization maintainer'; BuildRight org (@td(MULTI_ORG_TF_BR.org_buildright_id)) = 'Organization employee'. These are the AC1 oracle values. TechFlow admin (TECHFLOW_ADMIN) is the maintainer performing the role change.","url={{FRONT_URL}},org_admin={{ORG_USER_EMAIL}},org_password={{ORG_USER_PASSWORD}},target_member_email=@td(MULTI_ORG_TF_BR.email)","--- SCREEN: TechFlow Org ---
1. [NAV] Navigate to {{FRONT_URL}}/sign-in
2. [ACT] Fill [data-test-id=""email-input""] with {{ORG_USER_EMAIL}}
3. [ACT] Fill [data-test-id=""password-input""] with {{ORG_USER_PASSWORD}}
4. [ACT] Click [data-test-id=""login-button""]
5. [WAIT] Header [data-test-id=""account-button""] shows TechFlow org name
6. [NAV] Navigate to {{FRONT_URL}}/company/members
7. [ASSERT] 'Company members' table visible with columns Name / Roles / Email / Active / Actions
8. [ACT] Locate @td(MULTI_ORG_TF_BR.email) in the table; confirm current Role column = 'Organization maintainer' (seeded AC1 oracle for TechFlow)
9. [ACT] Click button 'Actions' in that member's row
10. [ACT] In the Actions dropdown, click button 'Edit role'
11. [ASSERT] Role selector opens showing 'Organization maintainer'
12. [ACT] Select 'Organization employee' from role selector
13. [ACT] Click Save
14. [ASSERT] Success toast visible; Role column for @td(MULTI_ORG_TF_BR.email) now shows 'Organization employee' in TechFlow
--- SCREEN: BuildRight Org ---
15. [ACT] Click [data-test-id=""account-button""] → switch org context to BuildRight using org-switcher (or sign out and sign in to BuildRight admin account)
16. [WAIT] Header [data-test-id=""account-button""] shows BuildRight org name
17. [NAV] Navigate to {{FRONT_URL}}/company/members
18. [ACT] Locate @td(MULTI_ORG_TF_BR.email) in BuildRight's 'Company members' table
19. [ASSERT] Role column for @td(MULTI_ORG_TF_BR.email) still shows 'Organization employee' — this was already the seeded BuildRight role and must be unchanged by the TechFlow role change (per-org scope confirmed; AC1)","[STATE] Role change in TechFlow does not propagate to BuildRight — AC1 org-isolation confirmed {OBSERVED} (live 2026-07-30 REG-2026-07-30-1040: after the TechFlow role change, the BuildRight roster checked as BUILDRIGHT_ADMIN still showed 'Organization employee' and the BuildRight membership was unchanged)
[STATE] changeOrganizationContactRole is scoped to the JWT org context (BL-B2B-005) {OBSERVED} (live 2026-07-30 REG-2026-07-30-1040: ChangeOrganizationContactRole variables = {command:{memberId, roleIds:[org-maintainer]}} with NO organizationId argument; response {succeeded:true, errors:[]})
[DOM] 'Company members' Roles column reflects org-specific assignment in each org context {OBSERVED} (live 2026-07-30 REG-2026-07-30-1040: the Role column shows the org-specific assignment in each org context)","[API] changeOrganizationContactRole mutation uses org from JWT; no organizationId in mutation args","Role change in TechFlow reflects in BuildRight (global scope leak — AC1 violation); role not saved; success toast absent; Role column does not update after Save","Sign in as TechFlow admin; navigate to /company/members; locate @td(MULTI_ORG_TF_BR.email); click button 'Actions' → 'Edit role'; restore to 'Organization maintainer'; click Save (restores AC1 oracle)","VCST-5028","Draft"
"B2C-MBR-020","Block Member - Org-Scoped (AC3 - blocked in org B can login to org A)","B2C Features > Members > Org Membership [JOURNEY]","Critical","BL-B2B-005; BL-AUTH-012; BL-AUTH-013","","[PRE:CLEAR_SESSION]
[PRE:SIGNIN_AS:TECHFLOW_ADMIN]
Dedicated cross-org member @td(MULTI_ORG_TF_BR.email) is seeded on vcst-qa; member is ACTIVE in both TechFlow (@td(MULTI_ORG_TF_BR.org_techflow_id)) and BuildRight (@td(MULTI_ORG_TF_BR.org_buildright_id)) orgs at start of test. TechFlow admin (TECHFLOW_ADMIN) performs the block.","url={{FRONT_URL}},org_user={{ORG_USER_EMAIL}},org_password={{ORG_USER_PASSWORD}},target_member_email=@td(MULTI_ORG_TF_BR.email),target_member_password=@td(MULTI_ORG_TF_BR.password)","--- SCREEN: TechFlow Admin blocks member ---
1. [NAV] Navigate to {{FRONT_URL}}/sign-in
2. [ACT] Fill [data-test-id=""email-input""] with {{ORG_USER_EMAIL}}
3. [ACT] Fill [data-test-id=""password-input""] with {{ORG_USER_PASSWORD}}
4. [ACT] Click [data-test-id=""login-button""]
5. [WAIT] Header [data-test-id=""account-button""] shows TechFlow org name
6. [NAV] Navigate to {{FRONT_URL}}/company/members
7. [ASSERT] 'Company members' table visible; locate @td(MULTI_ORG_TF_BR.email) — Active column shows button 'Active'
8. [ACT] Click button 'Actions' in that member's row
9. [ACT] In the Actions dropdown, click button 'Block user'
10. [ASSERT] Active column for @td(MULTI_ORG_TF_BR.email) now shows button 'Blocked' — status toggled in TechFlow
11. [ACT] Click [data-test-id=""account-button""] → click [data-test-id=""sign-out-button""]
--- SCREEN: Blocked member tries BuildRight ---
12. [NAV] Navigate to {{FRONT_URL}}/sign-in
13. [ACT] Fill [data-test-id=""email-input""] with @td(MULTI_ORG_TF_BR.email)
14. [ACT] Fill [data-test-id=""password-input""] with @td(MULTI_ORG_TF_BR.password)
15. [ACT] Click [data-test-id=""login-button""]
16. [WAIT] Sign-in completes and lands in the member's DEFAULT org context -- there is NO org selection on the /sign-in page
17. [ACT] Click [data-test-id=""account-button""] and pick BuildRight from the account-menu 'Organizations' listbox (the org switcher is post-authentication)
18. [ASSERT] Sign-in to BuildRight SUCCEEDS — user lands on storefront; no blocked error (per-org scope: blocked in TechFlow only)
19. [ACT] Click [data-test-id=""account-button""] → click [data-test-id=""sign-out-button""]
--- SCREEN: Blocked member tries TechFlow ---
20. [NAV] Navigate to {{FRONT_URL}}/sign-in
21. [ACT] Fill [data-test-id=""email-input""] with @td(MULTI_ORG_TF_BR.email)
22. [ACT] Fill [data-test-id=""password-input""] with @td(MULTI_ORG_TF_BR.password)
23. [ACT] Click [data-test-id=""login-button""]
24. [WAIT] Sign-in completes and lands in the default org context (no org selection on /sign-in)
25. [ACT] Click [data-test-id=""account-button""] and pick TechFlow from the account-menu 'Organizations' listbox
26. [ASSERT] Sign-in to TechFlow is REJECTED — error message visible verbatim: ""Your access to organization '...' has been blocked. Please contact your organization administrator."" (BL-AUTH-013) — NOT a generic account-locked message","[STATE] Member blocked in TechFlow: login to TechFlow rejected {BL} BL-AUTH-013 (REFUTED live 2026-07-30 REG-2026-07-30-1040: sign-in is NOT rejected -- /connect/token returns HTTP 200 with a zero-permission token pinned to the blocked org and the SPA lands on a generic /403; keeps failing as BUG_008_002)
[STATE] Same member ACTIVE in BuildRight: login to BuildRight succeeds (AC3) {BL} BL-AUTH-012 (the user MUST still authenticate into any other organization whose membership is unlocked; live-corroborated on this build in B2C-MBR-010, live 2026-07-30 REG-2026-07-30-1040)
[DOM] Error message visible when blocked org login attempted: ""Your access to organization '...' has been blocked. Please contact your organization administrator."" (BL-AUTH-013) {DOC} (verbatim string confirmed live 2026-07-30 REG-2026-07-30-1040 at POST /connect/token with an explicit organization_id=<blocked org> -> HTTP 400 code user_is_locked_in_organization; the storefront does NOT surface it -- REFUTED, BUG_008_002)
[STATE] lockOrganizationContact is org-scoped (BL-AUTH-012) {OBSERVED} (live 2026-07-30 REG-2026-07-30-1040: TechFlow isLocked=true while BuildRight isLocked=false and global /locked={locked:false})","[API] lockOrganizationContact mutation errors[] empty","Member blocked globally (cannot login to any org — AC3 violation); blocked message missing; blocking fails silently","Sign in as TechFlow admin; navigate to /company/members; locate @td(MULTI_ORG_TF_BR.email); click button 'Actions' → click 'Unblock user' (or click inline button 'Blocked' in Active column)","VCST-5028","Draft"
"B2C-MBR-021","Unblock Member - Org-Scoped Restore","B2C Features > Members","High","BL-B2B-005","","[PRE:CLEAR_SESSION]
[PRE:SIGNIN_AS:TECHFLOW_ADMIN]
Dedicated cross-org member @td(MULTI_ORG_TF_BR.email) is currently in 'Blocked' state for TechFlow org (state from B2C-MBR-020 or pre-blocked via setup). Member remains Active in BuildRight org.","url={{FRONT_URL}},org_user={{ORG_USER_EMAIL}},org_password={{ORG_USER_PASSWORD}},target_member_email=@td(MULTI_ORG_TF_BR.email),target_member_password=@td(MULTI_ORG_TF_BR.password)","1. [NAV] Navigate to {{FRONT_URL}}/sign-in
2. [ACT] Fill [data-test-id=""email-input""] with {{ORG_USER_EMAIL}}
3. [ACT] Fill [data-test-id=""password-input""] with {{ORG_USER_PASSWORD}}
4. [ACT] Click [data-test-id=""login-button""]
5. [WAIT] Header [data-test-id=""account-button""] shows TechFlow org name
6. [NAV] Navigate to {{FRONT_URL}}/company/members
7. [ASSERT] 'Company members' table visible; @td(MULTI_ORG_TF_BR.email) Active column shows button 'Blocked'
8. [ACT] Click button 'Actions' in that member's row
9. [ACT] In the Actions dropdown, click 'Unblock user' (or click inline button 'Blocked' in Active column to toggle to Active)
10. [ASSERT] Active column for @td(MULTI_ORG_TF_BR.email) now shows button 'Active' — blocked state cleared
11. [ACT] Click [data-test-id=""account-button""] → click [data-test-id=""sign-out-button""]
12. [NAV] Navigate to {{FRONT_URL}}/sign-in
13. [ACT] Fill [data-test-id=""email-input""] with @td(MULTI_ORG_TF_BR.email)
14. [ACT] Fill [data-test-id=""password-input""] with @td(MULTI_ORG_TF_BR.password)
15. [ACT] Click [data-test-id=""login-button""]
16. [WAIT] Org-switcher or org selection shown; select TechFlow org
17. [ASSERT] Sign-in to TechFlow SUCCEEDS — user lands on storefront; no blocked error","[DOM] 'Company members' Active column: button 'Blocked' → button 'Active' after unblock {OBSERVED} (live 2026-07-30 REG-2026-07-30-1040 on MULTI_ORG_TF_BR: Active column returned to 'Active' after Actions > Unblock user > OK)
[STATE] 'Unblock user' option present in Actions dropdown for a blocked member {OBSERVED} (live 2026-07-30 REG-2026-07-30-1040: 'Unblock user' offered in the Actions dropdown for the blocked member; modal 'Unblock user - Are you sure you want to unblock access of the user?')
[STATE] Unblocked member can login to TechFlow org after unblock (unlockOrganizationContact scoped to TechFlow) {OBSERVED} (live 2026-07-30 REG-2026-07-30-1040: the unblocked member signed in to TechFlow, header 'AGENT-TEST-Org-TechFlow-20260310 / AgentTest MultiOrg', no blocked error and no 403)
[STATE] Unblocking in TechFlow does not affect membership status in other orgs {OBSERVED} (live 2026-07-30 REG-2026-07-30-1040: BuildRight membership unaffected throughout at isLocked=false, roles=[org-employee]; TechFlow status=null and roles=[org-maintainer] preserved)","[API] unlockOrganizationContact mutation errors[] empty","Unblocked member still cannot sign in to TechFlow; Active column stuck at 'Blocked'; unblock action fails silently; 'Unblock user' missing from Actions dropdown","none","VCST-5028","Draft"
"B2C-MBR-022","Cross-Org Role Change Denied (AC4)","B2C Features > Members","Critical","BL-B2B-005","","[PRE:CLEAR_SESSION]
[PRE:SIGNIN_AS:TECHFLOW_ADMIN]","url={{FRONT_URL}},org_user={{ORG_USER_EMAIL}},org_password={{ORG_USER_PASSWORD}}","1. [NAV] Navigate to {{FRONT_URL}}/sign-in
2. [ACT] Fill [data-test-id=""email-input""] with {{ORG_USER_EMAIL}}
3. [ACT] Fill [data-test-id=""password-input""] with {{ORG_USER_PASSWORD}}
4. [ACT] Click [data-test-id=""login-button""]
5. [WAIT] Header [data-test-id=""account-button""] shows TechFlow org name
6. [NAV] Navigate to {{FRONT_URL}}/company/members
7. [ASSERT] 'Company members' table shows only TechFlow org members; BuildRight-only members (@td(BUILDRIGHT_ADMIN.email)) are NOT listed
8. [ACT] Use the member search input (if visible) to search for @td(BUILDRIGHT_ADMIN.email)
9. [ASSERT] Search returns no results or 'not found' — BuildRight member not discoverable from TechFlow admin's /company/members view
10. [ASSERT] Current user's own row (TechFlow admin) has no Actions dropdown and no Active toggle (own-row suppression confirmed)
11. [ACT] For any member row that IS visible, click button 'Actions' — confirm Actions dropdown contains 'Edit role' and 'Block user' ONLY for TechFlow org members","[STATE] TechFlow admin cannot see or modify roles for BuildRight org members (AC4) {OBSERVED} (live 2026-07-30 REG-2026-07-30-1040: BuildRight-only members test-carlos.rodriguez / test-angela.foster are absent from the TechFlow roster, and searching the BuildRight admin's email returns 'There are no results found')
[STATE] /company/members scoped to currently-authenticated org context {OBSERVED} (live 2026-07-30 this session: the TechFlow roster lists only TechFlow contacts, and the acting admin's own row (Emily Johnson) renders an EMPTY final cell with no Actions button -- own-row suppression)
[STATE] changeOrganizationContactRole returns errors[] non-empty for cross-org target {OBSERVED} (live 2026-07-30 REG-2026-07-30-1040: changeOrganizationContactRole with a TechFlow-scoped admin JWT against a BuildRight-only member -> HTTP 200, errors[] non-empty, code 'Unauthorized', data=null; target role verified unchanged)","[API] changeOrganizationContactRole with cross-org memberId returns errors[] non-empty (authorization failure)","TechFlow admin can modify BuildRight member roles (AC4 violation — P0 authorization bypass); cross-org members visible in TechFlow members list","none","VCST-5028","Draft"
"B2C-MBR-023","[VCST-5028] Maintainer Full Member-Governance Lifecycle: Invite -> Role Edit -> Block -> Cross-Org Login Isolation -> Unblock -> Remove","B2C Features > Members > Org Membership [JOURNEY]","Critical","BL-B2B-007; BL-B2B-008; BL-B2B-009; BL-AUTH-012; BL-AUTH-013; BL-B2B-005","ECL-3.1; ECL-10.2","[PRE:CLEAR_SESSION]
Logged out. TechFlow org exists with @td(MULTI_ORG_TF_BR.email) as org-maintainer.
Both org memberships for the fixture user are in clean/unlocked state.
AGENT-TEST- invite target: AGENT-TEST-invite-5028@yopmail.com (fresh per run, never a fixture user).
NOTE [BUG-A FIXED in pr-135-402e]: The empty-permissions-after-org-switch defect (Invite button + per-row
action menus hidden for maintainers) was code-fixed in PR#135 (UserType.permissions from JWT claims;
GetUserQueryHandler merges org-membership roles; CheckAuthAsync uses the JWT principal). On build pr-135-402e+ /
customer pr-300-b446 / vc-frontend 2.52.0-pr-2315-059c the maintainer write UI MUST render. Absent Invite button
or action menus = a REGRESSION of the VCST-5028 fix (fail the case), not an expected state. Re-verify live on 402e+.","front_url={{FRONT_URL}}; back_url={{BACK_URL}}; actor_email=@td(MULTI_ORG_TF_BR.email); actor_password=@td(MULTI_ORG_TF_BR.password); actor_member_id=@td(MULTI_ORG_TF_BR.id); actor_user_id=@td(MULTI_ORG_TF_BR.userId); org_techflow_id=@td(MULTI_ORG_TF_BR.org_techflow_id); buildright_membership_id=@td(MULTI_ORG_TF_BR.buildright_membership_id); techflow_membership_id=@td(MULTI_ORG_TF_BR.techflow_membership_id); invite_email=AGENT-TEST-invite-5028@yopmail.com","--- SCREEN: Login ---
[NAV] Navigate to {{FRONT_URL}}/sign-in
[ACT] Fill [data-test-id=email-input] with @td(MULTI_ORG_TF_BR.email)
[ACT] Fill [data-test-id=password-input] with @td(MULTI_ORG_TF_BR.password)
[ACT] Click [data-test-id=login-button]
[WAIT] Account menu appears
[ASSERT] [DOM] Account chip or header shows user name -- session established
[ASSERT] [DOM] Org-selector shows TechFlow and BuildRight; select TechFlow if prompted
--- SCREEN: Company Members (Invite) ---
[NAV] Navigate to {{FRONT_URL}}/company/members
[WAIT] Members list renders with at least one row
[ASSERT] [DOM] Invite button visible (maintainer permission); if absent: BUG-A regression signal -- write actions hidden due to empty permissions[]
[ACT] Click Invite button
[WAIT] Invite member dialog opens
[ACT] Fill invite email field with AGENT-TEST-invite-5028@yopmail.com
[ACT] Select role Organization employee (org-employee)
[ACT] Click Invite / Send confirm button
[WAIT] Success toast or dialog close
[ASSERT] [DOM] Success toast shown; dialog closed
[ASSERT] [DOM] Invited member email appears in members list row (pending or active)
--- SCREEN: Invitee Accepts Invite ---
[NAV] Resolve the invite link from the notification journal (POST {{BACK_URL}}/api/notifications/journal -- newest entry addressed to the invitee)
[NAV] Open the resolved {{FRONT_URL}}/confirm-invitation?userId&email&token&organizationId link
[ACT] Fill ""First name""
[ACT] Fill ""Last name"" using letters only -- digits are rejected by validation
[ACT] Fill ""Password"" with {{DEFAULT_TEST_PASSWORD}}
[ACT] Re-enter {{DEFAULT_TEST_PASSWORD}} in the second password field
[ACT] Click ""Register""
[WAIT] Registration result dialog appears
[ASSERT] [DOM] Dialog reads ""Registration successfully completed!""
[NAV] Navigate to {{FRONT_URL}}/sign-in
[ACT] Sign in as maintainer @td(MULTI_ORG_TF_BR.email)
[WAIT] Header shows the TechFlow org context
[NAV] Navigate to {{FRONT_URL}}/company/members
[ASSERT] [STATE] The invited member's badge is now 'Active' -- MANDATORY GATE: a pending 'Invited' member exposes ONLY Resend invite / Revoke invite / Login on behalf, so the Edit role / Block / Unblock / Remove steps below are unreachable until the invite has been accepted
--- SCREEN: Role Edit ---
[ACT] Locate the invited member row (AGENT-TEST-invite-5028@yopmail.com)
[ACT] Open per-row action menu (kebab/ellipsis) for that member
[ACT] Select Edit role or role dropdown option
[ACT] Change role to an assignable role other than the current one. The assignable set on this build is Organization employee / Purchasing agent / Organization maintainer -- there is NO 'Organization manager' option in the role editor
[ACT] Confirm / save role change
[WAIT] Success feedback (toast or row update)
[ASSERT] [DOM] Member row reflects updated role label without full page reload
[ASSERT] [STATE] Role column updates in-place (no redirect)
--- SCREEN: Block Member ---
[ACT] Open per-row action menu for the same member
[ACT] Select Block action
[ACT] Confirm block in confirmation dialog
[WAIT] Success toast
[ASSERT] [DOM] Member row status changes to Blocked / locked indicator
[ASSERT] [DOM] Success toast shown
--- SCREEN: Cross-Org Login Isolation Guard ---
[HTTP GET] {{BACK_URL}}/api/platform/security/users/@td(MULTI_ORG_TF_BR.userId)/locked
[ASSERT] [STATUS] 200
[ASSERT] [BODY] {""locked"": false} -- actor global account NOT locked (BL-AUTH-012: org-scoped block must not set ApplicationUser.LockoutEnd)
--- SCREEN: Unblock Member ---
[ACT] Open per-row action menu for the blocked member
[ACT] Select Unblock action
[ACT] Confirm unblock
[WAIT] Success toast
[ASSERT] [DOM] Member row returns to active/non-blocked state
[ASSERT] [DOM] Success toast shown
--- SCREEN: Remove Member ---
[ACT] Open per-row action menu for the same member
[ACT] Select Remove or Delete action
[ACT] Confirm removal in dialog
[WAIT] Success feedback
[ASSERT] [DOM] Member row no longer present in members list","[DOM] After invite: invited member appears in list row (pending or active) {OBSERVED} (live 2026-07-30 REG-2026-07-30-1040: toast 'The invite has been successfully sent' and the row appeared with an 'Invited' badge)
[DOM] After role edit: role column shows updated role without page reload {OBSERVED} (live 2026-07-30 REG-2026-07-30-1040: the Role column updated in place, no redirect and no full page reload)
[DOM] After block: member row shows Blocked/locked status; success toast displayed {OBSERVED} (live 2026-07-30 REG-2026-07-30-1040: badge changed to 'Blocked' with a success toast)
[STATE] Cross-org isolation: actor global account remains unlocked throughout (BL-AUTH-012) {OBSERVED} (live 2026-07-30 REG-2026-07-30-1040: GET /api/platform/security/users/<id>/locked returned {locked:false} for BOTH the actor and the blocked target, so the org-scoped block never set ApplicationUser.LockoutEnd)
[DOM] After unblock: member row returns to active state; success toast {OBSERVED} (live 2026-07-30 REG-2026-07-30-1040: badge returned to 'Active' with a success toast)
[DOM] After remove: member row gone from list {DOC} (the confirmation dialog's own copy promises removal -- 'Are you sure you want to delete the user <name> (<email>) from the company members list?'. REFUTED live 2026-07-30 REG-2026-07-30-1040: the row REMAINS with its badge changed to 'Inactive' and the membership persists at status='Deleted'; not index lag, survives a 40s wait and a reload. Keeps failing as BUG_008_003)","[API] After block: POST {{BACK_URL}}/api/customer/organization-memberships/search body {userId:<invited_userId>} -> TechFlow membership isLocked=true (AC3 org-scoped lock)
[API] Global guard: GET {{BACK_URL}}/api/platform/security/users/@td(MULTI_ORG_TF_BR.userId)/locked -> {locked: false} (BL-AUTH-012)
[API] After unblock: same search -> TechFlow membership isLocked=false
[API] After remove: same search -> TechFlow membership no longer returned for invited member","Invite button absent after TechFlow login (BUG-A: empty permissions[] regression -- BL-B2B-007 mid-journey signal); per-row action menus missing (BUG-A same cause); block action sets global ApplicationUser.LockoutEnd instead of org-scoped lock (BL-AUTH-012 violation -- critical); GET .../locked returns {locked: true} after block action (BL-AUTH-012 regression); unblock does not restore active state; remove leaves ghost row in list; success toasts absent after any write action","[SAVE] If blocked: unblock invited AGENT-TEST- member via REST POST {{BACK_URL}}/api/customer/organization-memberships/{{membership_id}}/unlock
[SAVE] Remove invited AGENT-TEST- member from TechFlow via REST if storefront removal did not complete: POST {{BACK_URL}}/api/customer/organization-memberships/search {userId} -> get membershipId -> DELETE {{BACK_URL}}/api/customer/organization-memberships/{id}
[SAVE] Restore actor @td(MULTI_ORG_TF_BR.email) TechFlow role to org-maintainer if changed as side effect","VCST-5028; BA-2026-06-15; BL-B2B-005; BL-B2B-007; BL-AUTH-012; Technique: State Transition (invite>active>role-changed>blocked>unblocked>removed)","Draft"
"B2C-MBR-024","Members List Roles Column Shows Merged Org-Level, Membership, and Global Roles","B2C Features > Members > Roles Display","High","BL-B2B-005","","[PRE:CLEAR_SESSION]
[PRE:SIGNIN_AS:TECHFLOW_ADMIN]
TechFlow org admin logged in. @td(MULTI_ORG_TF_BR.email) is a TechFlow member holding an org-maintainer membership role. VCST-5239 (PR #2354, useOrganizationContacts.ts) merges rolesInOrganization + securityAccounts.roles into one comma-joined, deduped display.","url={{FRONT_URL}},org_user={{ORG_USER_EMAIL}},org_password={{ORG_USER_PASSWORD}},target_member_email=@td(MULTI_ORG_TF_BR.email)","1. [NAV] Navigate to {{FRONT_URL}}/sign-in
2. [ACT] Fill [data-test-id=""email-input""] with {{ORG_USER_EMAIL}}
3. [ACT] Fill [data-test-id=""password-input""] with {{ORG_USER_PASSWORD}}
4. [ACT] Click [data-test-id=""login-button""]
5. [WAIT] Header shows TechFlow org name
6. [NAV] Navigate to {{FRONT_URL}}/company/members
7. [ASSERT] Locate @td(MULTI_ORG_TF_BR.email) in the members table
8. [ASSERT] Verify the Role column shows the member's merged role(s) joined by comma (e.g. 'Organization maintainer'), including any role also present in securityAccounts.roles, with no duplicate names","[DOM] Role column text = contact.extended.roles.map(r => r.name).join(', ') for the located member row {DOC} (vc-frontend useOrganizationContacts.ts, VCST-5239 / PR #2354 -- the Roles cell is the comma-joined merged union; rendering confirmed live 2026-07-30 this session, e.g. 'Purchasing agent, Organization employee, Organization maintainer')
[STATE] No duplicate role names shown even when a role is present in both rolesInOrganization and securityAccounts.roles (dedup on the frontend merge, useOrganizationContacts.ts) {OBSERVED} (live 2026-07-30 this session + live 2026-07-30 REG-2026-07-30-1040: Priya Rao / Lena Park / Tess Flow each hold Sales Representative in BOTH securityAccounts.roles and rolesInOrganization, yet 'Sales Representative' renders EXACTLY ONCE)
[DOM] Role column never renders empty for a member with at least one assigned role {OBSERVED} (live 2026-07-30 this session: no row on the TechFlow roster renders an empty Roles cell)","[API] getOrganizationContactsQuery response includes rolesInOrganization { id name } (no-arg form) and securityAccounts { roles { id name } } for the row","Role column shows only the membership role, ignoring org-level/global roles (incomplete merge); duplicate role names rendered; Role column blank for a member with an assigned role; console error from the no-arg query contract mismatch","none -- read-only","VCST-5239; PR #2354 vc-frontend; PR #137 vc-module-profile-experience-api","Draft"
"B2C-MBR-025","Members List - Role Facet Filter and Reset","B2C Features > Members > Roles Display","High","BL-B2B-005","","[PRE:CLEAR_SESSION]
[PRE:SIGNIN_AS:TECHFLOW_ADMIN]
TechFlow org admin logged in; TechFlow has members with at least two distinct roles (e.g. @td(MULTI_ORG_TF_BR.email) = org-maintainer, plus at least one org-employee member).","url={{FRONT_URL}},org_user={{ORG_USER_EMAIL}},org_password={{ORG_USER_PASSWORD}}","1. [NAV] Navigate to {{FRONT_URL}}/company/members (already signed in as TechFlow admin)
2. [ASSERT] Verify a role filter control is present on the page (VCST-5239, PR #2354 -- roleId param)
3. [ACT] Select 'Organization maintainer' in the role filter
4. [WAIT] Members list refreshes
5. [ASSERT] Verify only members whose merged role set includes 'Organization maintainer' are shown
6. [ACT] Click the filter's reset/clear control
7. [WAIT] Members list refreshes
8. [ASSERT] Verify the full, unfiltered member list is restored","[DOM] Role filter control visible on /company/members {OBSERVED} (live 2026-07-30 this session: 'Members filters' panel exposes a Role checkbox list -- Organization maintainer / Organization employee / Purchasing agent / Store administrator / Store manager -- plus a Status list Active / Invited / Blocked, with Reset / Cancel / Apply disabled until a change)
[STATE] Filtered list contains only members with the selected role -- verified against the Role column values {OBSERVED} (live 2026-07-30 REG-2026-07-30-1040: filtering by 'Organization maintainer' + Apply narrowed 12 rows to exactly 3, all of whose Roles cells contain that role; the active filter also renders as a removable chip)
[DOM] Reset restores the full member list (count matches the pre-filter total) {OBSERVED} (live 2026-07-30 REG-2026-07-30-1040: 'Reset filters' restored the full 12-row list, matching the pre-filter total)
[STATE] Empty-state message (if the filtered role has zero matching members) accounts for roleIds.length rather than falling back to the generic empty-search-results copy {SPEC} VCST-5239 / vc-frontend PR #2354 members.vue role-facet empty state (REFUTED live 2026-07-30 REG-2026-07-30-1040: with an EMPTY search box, filtering by 'Store administrator' -- held by nobody -- renders the generic empty-SEARCH copy 'There are no results found' with a 'RESET SEARCH' CTA. Keeps failing as BUG_008_004)","[API] getOrganizationContactsQuery called with $roleIds populated on filter selection and roleIds omitted/null on reset","Role filter control absent; filtering does not narrow the list; reset does not restore the full list; wrong empty-state copy shown when a role has zero matches","none -- read-only filter interaction","VCST-5239; PR #2354 vc-frontend; members.vue role facet filter","Draft"
"B2C-MBR-026","Members List Roles Column Shows an Org-Level-Inherited Role With No Per-Member Assignment","B2C Features > Members > Roles Display","High","BL-B2B-005","","[PRE:CLEAR_SESSION]
[PRE:SIGNIN_AS:TECHFLOW_ADMIN]
TechFlow org admin logged in. A fresh AGENT-TEST TechFlow member exists with ONLY an 'org-employee' membership role -- no per-member 'org-maintainer' assignment. TechFlow itself carries an org-level role 'Organization maintainer' (Organization.Roles, PUT /api/organizations), set up in Steps by APPENDING to TechFlow's existing roles (captured as $ORIGINAL_ROLES before the PUT) -- never a blind replace -- and restored exactly in Cleanup. Fixture email carries a per-run $TS_SUFFIX so a prior failed cleanup can never cause a collision. CONFIRMED WORKING LIVE (ba-report-2026-07-09.md flow-5, AC9 PASS for membership+global merge) -- this case is the NEW angle: an org-level-inherited role with zero per-member assignment must also appear in the merge. Extends B2C-MBR-024, which only covers membership+global sources.","url={{FRONT_URL}},org_user={{ORG_USER_EMAIL}},org_password={{ORG_USER_PASSWORD}},org_id=@td(MULTI_ORG_TF_BR.org_techflow_id),new_member_password={{DEFAULT_TEST_PASSWORD}}","[SETUP] Generate timestamp suffix: mbr026-{epoch_ms} -- capture as $TS_SUFFIX
[SETUP] via REST POST {{BACK_URL}}/api/members: {""firstName"": ""AGENT-TEST"", ""lastName"": ""OrgLevelUnion026"", ""memberType"": ""Contact""} -- capture response id as $MEMBER_ID
[ASSERT] [STATUS] 200/201 on member creation; $MEMBER_ID is a non-empty GUID
[SETUP] via REST POST {{BACK_URL}}/api/platform/security/users/create: {""userName"": ""AGENT-TEST-mbr026-$TS_SUFFIX@yopmail.com"", ""email"": ""AGENT-TEST-mbr026-$TS_SUFFIX@yopmail.com"", ""userType"": ""Customer"", ""storeId"": ""B2B-store"", ""memberId"": ""$MEMBER_ID"", ""emailConfirmed"": true, ""password"": ""{{DEFAULT_TEST_PASSWORD}}""} -- capture response id as $USER_ID
[ASSERT] [STATUS] 200/201 on account creation; $USER_ID is a non-empty GUID
[SETUP] via REST POST {{BACK_URL}}/api/customer/organization-memberships: {""userId"": ""$USER_ID"", ""organizationId"": ""@td(MULTI_ORG_TF_BR.org_techflow_id)"", ""organizationName"": ""TechFlow"", ""roles"": [{""roleId"": ""org-employee"", ""roleName"": ""Organization employee""}]} -- capture response id as $MEMBERSHIP_ID
[ASSERT] [STATUS] 200/201 on membership creation; $MEMBERSHIP_ID is a non-empty GUID
[HTTP GET] {{BACK_URL}}/api/organizations/@td(MULTI_ORG_TF_BR.org_techflow_id) -- capture response name as $ORG_NAME and response roles array as $ORIGINAL_ROLES (may be empty)
[ASSERT] [STATUS] 200
[SETUP] via REST PUT {{BACK_URL}}/api/organizations: {""id"": ""@td(MULTI_ORG_TF_BR.org_techflow_id)"", ""name"": ""$ORG_NAME"", ""memberType"": ""Organization"", ""roles"": [...$ORIGINAL_ROLES, {""organizationId"": ""@td(MULTI_ORG_TF_BR.org_techflow_id)"", ""roleId"": ""org-maintainer"", ""roleName"": ""Organization maintainer""}]} -- APPEND ONLY: every entry already in $ORIGINAL_ROLES plus this one new entry; never send roles as a bare single-entry array
[ASSERT] [STATUS] 200 on org-level role grant
[NAV] Navigate to {{FRONT_URL}}/company/members (already signed in as TechFlow admin)
[ASSERT] Locate the AGENT-TEST-OrgLevelUnion026 member row
[ASSERT] Verify the Role column shows BOTH 'Organization employee' (their own membership role) AND 'Organization maintainer' (inherited org-level role, never individually assigned) joined by comma, deduped","[DOM] Role column for the AGENT-TEST-OrgLevelUnion026 row contains 'Organization employee' AND 'Organization maintainer' {OBSERVED} (live 2026-07-30 REG-2026-07-30-1040: the Roles cell rendered 'Organization manager, Organization maintainer, Purchasing agent, Organization employee' -- both the member's own org-employee and the inherited Organization maintainer)
[STATE] No duplicate role names rendered {OBSERVED} (live 2026-07-30 REG-2026-07-30-1040: comma-joined with no duplicates)
[DOM] Role column is not blank/incomplete for this member despite the maintainer role never being set on their OWN membership {OBSERVED} (live 2026-07-30 REG-2026-07-30-1040: cell neither blank nor incomplete; membership search returned roles=[org-employee] only and the account roles=[], so 'Organization maintainer' could only come from the ORG-LEVEL tier)","[API] getOrganizationContactsQuery / rolesInOrganization (no-arg form) for this member includes org-maintainer even though POST /api/customer/organization-memberships/search for {{USER_ID}} shows roles=[org-employee] only -- proves the source is org-level inheritance, not a per-member write (BL-B2B-005)","Role column shows ONLY 'Organization employee', omitting the org-level-inherited role (the merge regressed to membership+global only, per the B2C-MBR-024 precedent this case extends); member row missing from the list entirely; console GraphQL error on load; org-level PUT replaces $ORIGINAL_ROLES instead of appending (destroys any pre-existing TechFlow org-level roles); cleanup leaves TechFlow's roles array as [] instead of the restored $ORIGINAL_ROLES; fixture email collision from a prior run's incomplete cleanup","[SAVE] Restore TechFlow's org-level roles to their exact pre-test state via REST PUT {{BACK_URL}}/api/organizations: {""id"": ""@td(MULTI_ORG_TF_BR.org_techflow_id)"", ""name"": ""$ORG_NAME"", ""memberType"": ""Organization"", ""roles"": $ORIGINAL_ROLES} -- EXACT restore of the array captured in Steps; never send roles: []
[SAVE] Delete the AGENT-TEST fixtures created in Steps via REST: DELETE {{BACK_URL}}/api/customer/organization-memberships?ids=$MEMBERSHIP_ID; DELETE {{BACK_URL}}/api/platform/security/users?names=AGENT-TEST-mbr026-$TS_SUFFIX@yopmail.com; DELETE {{BACK_URL}}/api/members?ids=$MEMBER_ID","VCST-5239; ba-report-2026-07-09.md flow-5/flow-2; extends B2C-MBR-024","Semi-Automated"
"B2C-MBR-027","Org-Level Role Grant Is Relogin-Gated: Not Visible Before Relogin, Visible + JWT-Matched After","B2C Features > Members > Org-Level Roles > [JOURNEY]","Critical","BL-B2B-007,BL-B2B-005","ECL-10.2 (session/token timing)","[PRE:CLEAR_SESSION]
A fresh AGENT-TEST TechFlow member exists with ONLY an 'org-employee' membership role -- created in Steps with a known password so this same journey case can sign in as them directly (no maintainer-scope actions visible at baseline). Fixture email carries a per-run $TS_SUFFIX so a prior failed cleanup can never cause a collision. The org-level grant in Steps APPENDS to TechFlow's existing roles (captured as $ORIGINAL_ROLES before the PUT) -- never a blind replace -- and Cleanup restores that exact array. CONFIRMED WORKING LIVE (ba-report-2026-07-09.md flow-7, AC2/AC3/AC13 PASS, BL-B2B-007 P0): permissions are re-derived ONLY at token issuance -- an org-level grant is real server-side immediately but invisible in an open storefront session until relogin. This journey proves both halves plus the pageContext==JWT cross-layer invariant.","url={{FRONT_URL}},org_id=@td(MULTI_ORG_TF_BR.org_techflow_id),subject_email=AGENT-TEST-mbr027-$TS_SUFFIX@yopmail.com,subject_password={{DEFAULT_TEST_PASSWORD}}","--- SCREEN: Fixture Setup (REST) ---
[SETUP] Generate timestamp suffix: mbr027-{epoch_ms} -- capture as $TS_SUFFIX
[SETUP] via REST POST {{BACK_URL}}/api/members: {""firstName"": ""AGENT-TEST"", ""lastName"": ""ReloginGate027"", ""memberType"": ""Contact""} -- capture response id as $MEMBER_ID
[ASSERT] [STATUS] 200/201 on member creation; $MEMBER_ID is a non-empty GUID
[SETUP] via REST POST {{BACK_URL}}/api/platform/security/users/create: {""userName"": ""AGENT-TEST-mbr027-$TS_SUFFIX@yopmail.com"", ""email"": ""AGENT-TEST-mbr027-$TS_SUFFIX@yopmail.com"", ""userType"": ""Customer"", ""storeId"": ""B2B-store"", ""memberId"": ""$MEMBER_ID"", ""emailConfirmed"": true, ""password"": ""{{DEFAULT_TEST_PASSWORD}}""} -- capture response id as $USER_ID
[ASSERT] [STATUS] 200/201 on account creation; $USER_ID is a non-empty GUID
[SETUP] via REST POST {{BACK_URL}}/api/customer/organization-memberships: {""userId"": ""$USER_ID"", ""organizationId"": ""@td(MULTI_ORG_TF_BR.org_techflow_id)"", ""organizationName"": ""TechFlow"", ""roles"": [{""roleId"": ""org-employee"", ""roleName"": ""Organization employee""}]} -- capture response id as $MEMBERSHIP_ID
[ASSERT] [STATUS] 200/201 on membership creation; $MEMBERSHIP_ID is a non-empty GUID
--- SCREEN: Pre-Grant Baseline (Storefront) ---
[NAV] Navigate to {{FRONT_URL}}/sign-in
[ACT] Fill [data-test-id=""email-input""] with AGENT-TEST-mbr027-$TS_SUFFIX@yopmail.com
[ACT] Fill [data-test-id=""password-input""] with {{DEFAULT_TEST_PASSWORD}}
[ACT] Click [data-test-id=""login-button""]
[WAIT] Storefront session established, header shows TechFlow context
[ASSERT] Note the network response of the sign-in's /connect/token call -- capture access_token as $BASELINE_TOKEN
[ASSERT] Confirm no maintainer-scope action (e.g. Invite members / Edit role on /company/members) is available to this member yet
--- SCREEN: Admin Grant (REST, same browser session left open, no relogin) ---
[HTTP GET] {{BACK_URL}}/api/organizations/@td(MULTI_ORG_TF_BR.org_techflow_id) -- capture response name as $ORG_NAME and response roles array as $ORIGINAL_ROLES (may be empty)
[ASSERT] [STATUS] 200
[SETUP] via REST PUT {{BACK_URL}}/api/organizations: {""id"": ""@td(MULTI_ORG_TF_BR.org_techflow_id)"", ""name"": ""$ORG_NAME"", ""memberType"": ""Organization"", ""roles"": [...$ORIGINAL_ROLES, {""organizationId"": ""@td(MULTI_ORG_TF_BR.org_techflow_id)"", ""roleId"": ""org-maintainer"", ""roleName"": ""Organization maintainer""}]} -- APPEND ONLY: every entry already in $ORIGINAL_ROLES plus this one new entry
[ASSERT] [STATUS] 200 on org-level role grant
--- SCREEN: Pre-Relogin (same storefront session/tab) ---
[ACT] Without signing out, reload {{FRONT_URL}}/company/members in the SAME browser tab/session
[ASSERT] Confirm the maintainer-scope action is STILL NOT visible -- the grant is real server-side but not yet reflected in this session's token (relogin-gated, by design)
--- SCREEN: Relogin ---
[ACT] Click the account-menu user name in the top header → click 'Logout' inside the popup (data-testid=""main-layout.top-header.account-menu.sign-out-button"")
[WAIT] Signed out, redirected to home or /sign-in
[NAV] Navigate to {{FRONT_URL}}/sign-in
[ACT] Fill [data-test-id=""email-input""] with AGENT-TEST-mbr027-$TS_SUFFIX@yopmail.com
[ACT] Fill [data-test-id=""password-input""] with {{DEFAULT_TEST_PASSWORD}}
[ACT] Click [data-test-id=""login-button""]
[WAIT] Storefront session re-established
--- SCREEN: Post-Relogin Verification ---
[ASSERT] Note the network response of THIS sign-in's /connect/token call -- capture access_token as $POST_RELOGIN_TOKEN
[ASSERT] Navigate to /company/members -- confirm a maintainer-scope action IS now visible/available","[STATE] Pre-relogin: maintainer-scope action absent despite the org-level grant already being saved server-side {OBSERVED} (live 2026-07-30 REG-2026-07-30-1040: after appending org-maintainer to TechFlow's org-level roles, a reload of /company/members in the SAME session still showed NO 'Invite members' button and no Actions column)
[STATE] Post-relogin: maintainer-scope action present {OBSERVED} (live 2026-07-30 REG-2026-07-30-1040: after logout + sign-in the Invite button and per-row Actions -- Edit role / Block user / Delete / Login on behalf -- were present)
[FORMAT] $BASELINE_TOKEN decoded payload.permission[] length < $POST_RELOGIN_TOKEN decoded payload.permission[] length (the org-maintainer permission set was added) {OBSERVED} (live 2026-07-30 REG-2026-07-30-1040: permission[] grew 2 -> 11; the baseline [storefront:organization:view, storefront:user:view] gained storefront:organization:edit, storefront:user:invite/create/edit/delete, xapi:my_organization:edit, xapi:my_organization:order:view, xapi:my_organization:user:invite, platform:security:loginOnBehalf)
[STATE] The storefront-visible permission surface (gated actions rendered) matches decoded $POST_RELOGIN_TOKEN permission[] 1:1 -- no BUG-A-style pageContext/JWT divergence (BL-B2B-007 P0) {OBSERVED} (live 2026-07-30 REG-2026-07-30-1040: the rendered gated actions map 1:1 to the decoded post-relogin permission[] -- no pageContext/JWT divergence)","[NETWORK] Both /connect/token responses captured via browser network inspection; decode each access_token's payload segment (atob on the middle JWT segment) to compare permission[] length
[API] rolesInOrganization for this member (queried immediately after the admin grant, before relogin) already shows org-maintainer -- proving the DB-level grant is immediate even though the storefront session's cached permissions are not (relogin-gates the JWT/session only, not the underlying data)","Maintainer action visible BEFORE relogin (grant incorrectly live-pushed to an open session -- contradicts the documented by-design relogin gate); maintainer action STILL absent AFTER relogin (P0 regression -- BL-B2B-007); $POST_RELOGIN_TOKEN permission[] does not include a new permission despite the grant; storefront-rendered gated actions diverge from the decoded JWT (BUG-A-class pageContext/JWT mismatch); org-level PUT replaces $ORIGINAL_ROLES instead of appending (destroys any pre-existing TechFlow org-level roles); cleanup leaves TechFlow's roles array as [] instead of the restored $ORIGINAL_ROLES; fixture email collision from a prior run's incomplete cleanup","[SAVE] Restore TechFlow's org-level roles to their exact pre-test state via REST PUT {{BACK_URL}}/api/organizations: {""id"": ""@td(MULTI_ORG_TF_BR.org_techflow_id)"", ""name"": ""$ORG_NAME"", ""memberType"": ""Organization"", ""roles"": $ORIGINAL_ROLES} -- EXACT restore of the array captured in Steps; never send roles: []
[SAVE] Delete the AGENT-TEST fixtures created in Steps via REST: DELETE {{BACK_URL}}/api/customer/organization-memberships?ids=$MEMBERSHIP_ID; DELETE {{BACK_URL}}/api/platform/security/users?names=AGENT-TEST-mbr027-$TS_SUFFIX@yopmail.com; DELETE {{BACK_URL}}/api/members?ids=$MEMBER_ID","VCST-5239; ba-report-2026-07-09.md flow-7 (AC2/AC3/AC13 confirmed working); BL-B2B-007 P0","Semi-Automated"
"B2C-MBR-028","Org-Level Role Grant on TechFlow Does Not Leak Into the Same Multi-Org Member's BuildRight Session","B2C Features > Members > Org-Level Roles > Isolation","High","BL-B2B-008","","[PRE:CLEAR_SESSION]
The MULTI_ORG_TF_BR fixture (@td(MULTI_ORG_TF_BR.email)) is a member of BOTH TechFlow (techflow_role=org-maintainer) and BuildRight (buildright_role=org-employee). TechFlow carries an org-level role 'Organization maintainer' set up in Steps by APPENDING to TechFlow's existing roles (captured as $ORIGINAL_ROLES before the PUT) -- never a blind replace -- and restored exactly in Cleanup -- redundant for this member's TechFlow session (they already hold it via membership) but must NOT appear in their BuildRight-context session. CONFIRMED WORKING LIVE (ba-report-2026-07-09.md flow-8, AC10 PASS, cross-org isolation on org switch).","url={{FRONT_URL}},subject_email=@td(MULTI_ORG_TF_BR.email),subject_password=@td(MULTI_ORG_TF_BR.password)","[HTTP GET] {{BACK_URL}}/api/organizations/@td(MULTI_ORG_TF_BR.org_techflow_id) -- capture response name as $ORG_NAME and response roles array as $ORIGINAL_ROLES (may be empty)
[ASSERT] [STATUS] 200
[SETUP] via REST PUT {{BACK_URL}}/api/organizations: {""id"": ""@td(MULTI_ORG_TF_BR.org_techflow_id)"", ""name"": ""$ORG_NAME"", ""memberType"": ""Organization"", ""roles"": [...$ORIGINAL_ROLES, {""organizationId"": ""@td(MULTI_ORG_TF_BR.org_techflow_id)"", ""roleId"": ""org-maintainer"", ""roleName"": ""Organization maintainer""}]} -- APPEND ONLY: every entry already in $ORIGINAL_ROLES plus this one new entry
[ASSERT] [STATUS] 200 on org-level role grant
[NAV] Navigate to {{FRONT_URL}}/sign-in
[ACT] Fill [data-test-id=""email-input""] with @td(MULTI_ORG_TF_BR.email)
[ACT] Fill [data-test-id=""password-input""] with @td(MULTI_ORG_TF_BR.password)
[ACT] Click [data-test-id=""login-button""]
[WAIT] Storefront session established; header shows TechFlow context (default org)
[ASSERT] Note this TechFlow-context sign-in's /connect/token network response -- capture access_token as $TECHFLOW_TOKEN
[ACT] Open the account-menu org switcher → select BuildRight
[WAIT] Org context switches to BuildRight; note the org-switch's /connect/token (or equivalent context-refresh) network response -- capture access_token as $BUILDRIGHT_TOKEN
[NAV] Navigate to {{FRONT_URL}}/company/members
[ASSERT] Confirm no maintainer-scope action (Invite members / Edit role) beyond what BuildRight's own 'org-employee' membership role would grant is available in this BuildRight-context session","[STATE] BuildRight-context session shows NO maintainer-scope action attributable to the TechFlow org-level grant {OBSERVED} (live 2026-07-30 REG-2026-07-30-1040: in the BuildRight-context session /company/members showed NO 'Invite members' button and only 4 column headers, i.e. no Actions column)
[FORMAT] $BUILDRIGHT_TOKEN decoded payload.permission[] does NOT gain a new permission relative to this member's known BuildRight-only baseline (org-employee-derived permissions only) {OBSERVED} (live 2026-07-30 REG-2026-07-30-1040: /connect/token with organization_id=BuildRight returned EXACTLY 2 permissions [storefront:organization:view, storefront:user:view] vs 11 for organization_id=TechFlow -- diff against the org-employee baseline = [])","[NETWORK] Decode both captured tokens (atob on the JWT payload segment); $TECHFLOW_TOKEN permission[] includes the org-maintainer-derived permission set (already true via their own membership role, per BL-B2B-007), $BUILDRIGHT_TOKEN permission[] does not gain it
[API] rolesInOrganization queried right after switching to BuildRight context does not include org-maintainer as a NEW addition beyond BuildRight's own role set","$BUILDRIGHT_TOKEN permission[] gains a permission traceable only to the TechFlow org-level grant (cross-org leak -- P1 regression on BL-B2B-008); a maintainer-scope action appears in the BuildRight-context /company/members view that is not explainable by BuildRight's own org-employee role; org-level PUT replaces $ORIGINAL_ROLES instead of appending (destroys any pre-existing TechFlow org-level roles); cleanup leaves TechFlow's roles array as [] instead of the restored $ORIGINAL_ROLES","[SAVE] Restore TechFlow's org-level roles to their exact pre-test state via REST PUT {{BACK_URL}}/api/organizations: {""id"": ""@td(MULTI_ORG_TF_BR.org_techflow_id)"", ""name"": ""$ORG_NAME"", ""memberType"": ""Organization"", ""roles"": $ORIGINAL_ROLES} -- EXACT restore of the array captured in Steps; never send roles: []","VCST-5239; ba-report-2026-07-09.md flow-8 (AC10 confirmed working)","Semi-Automated"
"B2C-MBR-029","Members List Roles Column Shows the Full Deduped Union of Global + Organization-level + Membership Roles for One Member","B2C Features > Members > Roles Display > Full Union","High","BL-B2B-005","","[PRE:CLEAR_SESSION]
[PRE:SIGNIN_AS:TECHFLOW_ADMIN]
TechFlow org admin logged in. A fresh AGENT-TEST TechFlow member is created in Steps holding all THREE role sources simultaneously: (1) a GLOBAL role on the ApplicationUser (PUT /api/platform/security/users, roles array -- live-verified shape {id,name} 2026-07-09), (2) an ORGANIZATION-LEVEL inherited role via TechFlow's own Roles (PUT /api/organizations, full-replace -- $ORIGINAL_ROLES captured from a prior GET and APPENDED to, never blindly replaced, same safe pattern as B2C-MBR-026/027/028), (3) their own distinct MEMBERSHIP role via the org-membership. The org-level role and the membership role are deliberately the SAME role ('Purchasing agent') so the dedup path is actually exercised; the global role ('Organization manager') is a genuinely distinct third source. Fixture email carries a per-run $TS_SUFFIX so a prior failed cleanup can never cause a collision. Neither B2C-MBR-024 (membership+global) nor B2C-MBR-026 (membership+org-level) exercises all three sources at once with an overlap -- this case unifies them.","url={{FRONT_URL}},org_user={{ORG_USER_EMAIL}},org_password={{ORG_USER_PASSWORD}},org_id=@td(MULTI_ORG_TF_BR.org_techflow_id),new_member_password={{DEFAULT_TEST_PASSWORD}}","[SETUP] Generate timestamp suffix: mbr029-{epoch_ms} -- capture as $TS_SUFFIX
[SETUP] via REST POST {{BACK_URL}}/api/members: {""firstName"": ""AGENT-TEST"", ""lastName"": ""UnionAll029"", ""memberType"": ""Contact""} -- capture response id as $MEMBER_ID
[ASSERT] [STATUS] 200/201 on member creation; $MEMBER_ID is a non-empty GUID
[SETUP] via REST POST {{BACK_URL}}/api/platform/security/users/create: {""userName"": ""AGENT-TEST-mbr029-$TS_SUFFIX@yopmail.com"", ""email"": ""AGENT-TEST-mbr029-$TS_SUFFIX@yopmail.com"", ""userType"": ""Customer"", ""storeId"": ""B2B-store"", ""memberId"": ""$MEMBER_ID"", ""emailConfirmed"": true, ""password"": ""{{DEFAULT_TEST_PASSWORD}}""} -- capture response id as $USER_ID
[ASSERT] [STATUS] 200/201 on account creation; $USER_ID is a non-empty GUID
[SETUP] via REST POST {{BACK_URL}}/api/customer/organization-memberships: {""userId"": ""$USER_ID"", ""organizationId"": ""@td(MULTI_ORG_TF_BR.org_techflow_id)"", ""organizationName"": ""TechFlow"", ""roles"": [{""roleId"": ""purchasing-agent"", ""roleName"": ""Purchasing agent""}]} -- capture response id as $MEMBERSHIP_ID
[ASSERT] [STATUS] 200/201 on membership creation; $MEMBERSHIP_ID is a non-empty GUID
[SETUP] via REST PUT {{BACK_URL}}/api/platform/security/users: {""id"": ""$USER_ID"", ""userName"": ""AGENT-TEST-mbr029-$TS_SUFFIX@yopmail.com"", ""email"": ""AGENT-TEST-mbr029-$TS_SUFFIX@yopmail.com"", ""userType"": ""Customer"", ""storeId"": ""B2B-store"", ""memberId"": ""$MEMBER_ID"", ""emailConfirmed"": true, ""roles"": [{""id"": ""org-manager"", ""name"": ""Organization manager""}]}
[ASSERT] [STATUS] 200 on global role assignment
[HTTP GET] {{BACK_URL}}/api/organizations/@td(MULTI_ORG_TF_BR.org_techflow_id) -- capture response name as $ORG_NAME and response roles array as $ORIGINAL_ROLES (may be empty)
[ASSERT] [STATUS] 200
[SETUP] via REST PUT {{BACK_URL}}/api/organizations: {""id"": ""@td(MULTI_ORG_TF_BR.org_techflow_id)"", ""name"": ""$ORG_NAME"", ""memberType"": ""Organization"", ""roles"": [...$ORIGINAL_ROLES, {""organizationId"": ""@td(MULTI_ORG_TF_BR.org_techflow_id)"", ""roleId"": ""purchasing-agent"", ""roleName"": ""Purchasing agent""}]} -- APPEND ONLY: every entry already in $ORIGINAL_ROLES plus this one new entry
[ASSERT] [STATUS] 200 on org-level role grant
[NAV] Navigate to {{FRONT_URL}}/company/members (already signed in as TechFlow admin)
[ASSERT] Locate the AGENT-TEST-UnionAll029 member row
[ASSERT] Verify the Role column shows 'Organization manager' AND 'Purchasing agent' joined by comma -- 'Purchasing agent' must appear EXACTLY ONCE despite being granted via both the org-level role and this member's own membership role","[DOM] Role column for the AGENT-TEST-UnionAll029 row CONTAINS 'Organization manager' (global source) AND 'Purchasing agent' (org-level + membership, deduped) -- assert CONTAINMENT, never an exact role COUNT: this case's own setup is APPEND-ONLY onto $ORIGINAL_ROLES, so the org may carry further org-level roles that every member legitimately inherits {OBSERVED} (live 2026-07-30 REG-2026-07-30-1040: the Roles cell rendered 'Purchasing agent, Organization employee, Organization manager' -- containment holds; the extra 'Organization employee' is TechFlow's pre-existing org-level role, which is exactly why an exact COUNT must not be asserted)
[STATE] 'Purchasing agent' is NOT rendered twice despite being sourced from two different role tiers {OBSERVED} (live 2026-07-30 REG-2026-07-30-1040: 'Purchasing agent' appears EXACTLY ONCE despite being both a TechFlow org-level role and the member's own membership role)
[DOM] Role column is not blank or truncated for this member {OBSERVED} (live 2026-07-30 REG-2026-07-30-1040: cell neither blank nor truncated; membership search showed roles=[purchasing-agent] only while the cell also showed Organization manager, proving the global tier is merged)","[API] rolesInOrganization (no-arg form) / getOrganizationContactsQuery for this member returns the deduped union {Organization manager, Purchasing agent}, while POST /api/customer/organization-memberships/search for {{USER_ID}} shows roles=[purchasing-agent] only -- this proves the GLOBAL role ('Organization manager') is not a per-member membership write (BL-B2B-005). Note: the org-level grant and the membership role deliberately share the name 'Purchasing agent' (to exercise dedup), so this membership-search probe cannot separately distinguish the org-level source from the membership source for that role -- only the DOM dedup assertion (single-occurrence in the Role column) exercises that path.","Role column shows 'Purchasing agent' twice (dedup broken across tiers); Role column missing 'Organization manager' (global source dropped from the merge); Role column missing 'Purchasing agent' entirely (both org-level and membership sources dropped); console GraphQL error on load; column blank/truncated for this member; org-level PUT replaces $ORIGINAL_ROLES instead of appending; cleanup leaves TechFlow's roles array as [] instead of the restored $ORIGINAL_ROLES; fixture email collision from a prior run's incomplete cleanup","[SAVE] Restore TechFlow's org-level roles to their exact pre-test state via REST PUT {{BACK_URL}}/api/organizations: {""id"": ""@td(MULTI_ORG_TF_BR.org_techflow_id)"", ""name"": ""$ORG_NAME"", ""memberType"": ""Organization"", ""roles"": $ORIGINAL_ROLES} -- EXACT restore of the array captured in Steps; never send roles: []
[SAVE] Delete the AGENT-TEST fixtures created in Steps via REST: DELETE {{BACK_URL}}/api/customer/organization-memberships?ids=$MEMBERSHIP_ID; DELETE {{BACK_URL}}/api/platform/security/users?names=AGENT-TEST-mbr029-$TS_SUFFIX@yopmail.com; DELETE {{BACK_URL}}/api/members?ids=$MEMBER_ID","VCST-5239; extends B2C-MBR-024 + B2C-MBR-026 (the two-source cases this unifies)","Semi-Automated"
"B2C-MBR-031","Company Members Role Facet Lists an Org-Level-Inherited Role and Filters Correctly by It (Story EPIC-5239-05)","B2C Features > Members > Role Facet > Org-Level Inherited","Medium","BL-B2B-005","","[PRE:CLEAR_SESSION]
[PRE:SIGNIN_AS:TECHFLOW_ADMIN]
TechFlow org admin logged in. Closes testing-checklist.md AC9's own flagged sub-gap and Story EPIC-5239-05 AC-1/AC-2 (GAP -- the existing facet case, B2C-MBR-025, was written against the membership+global merge only per its own Preconditions note; it never exercises an ORG-LEVEL-inherited-only role as a facet option). Per the BA story's Background: the role facet on /company/members is sourced from a static assignable-role list (`useOrganizationContacts`), NOT each member's actual held roles -- so a role nobody holds can render as a dead-end filter, and an org-inherited role was never validated as a facet option at all. A fresh AGENT-TEST TechFlow member is created in Steps holding the org-level test role ONLY via inheritance (no individual membership role of the same name), so a positive facet match can only come from the org-level source. Same safe org-level-role pattern as B2C-MBR-026/027/028/029: $ORIGINAL_ROLES captured from a prior GET and APPENDED to, never blindly replaced. Fixture email carries a per-run $TS_SUFFIX.","url={{FRONT_URL}},org_user={{ORG_USER_EMAIL}},org_password={{ORG_USER_PASSWORD}},org_id=@td(MULTI_ORG_TF_BR.org_techflow_id),new_member_password={{DEFAULT_TEST_PASSWORD}}","[SETUP] Generate timestamp suffix: mbr031-{epoch_ms} -- capture as $TS_SUFFIX
[SETUP] via REST POST {{BACK_URL}}/api/members: {""firstName"": ""AGENT-TEST"", ""lastName"": ""Facet031"", ""memberType"": ""Contact""} -- capture response id as $MEMBER_ID
[ASSERT] [STATUS] 200/201 on member creation; $MEMBER_ID is a non-empty GUID
[SETUP] via REST POST {{BACK_URL}}/api/platform/security/users/create: {""userName"": ""AGENT-TEST-mbr031-$TS_SUFFIX@yopmail.com"", ""email"": ""AGENT-TEST-mbr031-$TS_SUFFIX@yopmail.com"", ""userType"": ""Customer"", ""storeId"": ""B2B-store"", ""memberId"": ""$MEMBER_ID"", ""emailConfirmed"": true, ""password"": ""{{DEFAULT_TEST_PASSWORD}}""} -- capture response id as $USER_ID
[ASSERT] [STATUS] 200/201 on account creation; $USER_ID is a non-empty GUID
[SETUP] via REST POST {{BACK_URL}}/api/customer/organization-memberships: {""userId"": ""$USER_ID"", ""organizationId"": ""@td(MULTI_ORG_TF_BR.org_techflow_id)"", ""organizationName"": ""TechFlow"", ""roles"": [{""roleId"": ""org-employee"", ""roleName"": ""Organization employee""}]} -- capture response id as $MEMBERSHIP_ID (own role is DELIBERATELY different from the org-level test role below)
[ASSERT] [STATUS] 200/201 on membership creation; $MEMBERSHIP_ID is a non-empty GUID
[HTTP GET] {{BACK_URL}}/api/organizations/@td(MULTI_ORG_TF_BR.org_techflow_id) -- capture response name as $ORG_NAME and response roles array as $ORIGINAL_ROLES (may be empty)
[ASSERT] [STATUS] 200
[SETUP] via REST PUT {{BACK_URL}}/api/organizations: {""id"": ""@td(MULTI_ORG_TF_BR.org_techflow_id)"", ""name"": ""$ORG_NAME"", ""memberType"": ""Organization"", ""roles"": [...$ORIGINAL_ROLES, {""organizationId"": ""@td(MULTI_ORG_TF_BR.org_techflow_id)"", ""roleId"": ""org-manager"", ""roleName"": ""Organization manager""}]} -- APPEND ONLY: every entry already in $ORIGINAL_ROLES plus this one new entry
[ASSERT] [STATUS] 200 on org-level role grant
[NAV] Navigate to {{FRONT_URL}}/company/members (already signed in as TechFlow admin)
[ACT] Click FILTERS to open the Members filters panel
[WAIT] Members filters panel is visible with a Role checkbox list
[ASSERT] The Role checkbox list includes an option for 'Organization manager' -- the org-level role this member holds ONLY via inheritance, never as their own membership role
[ACT] Tick only 'Organization manager'
[ACT] Click Apply
[WAIT] Members list refreshes with the filter applied
[ASSERT] The filtered list includes the AGENT-TEST-Facet031 member
[ACT] Tick 2-3 OTHER role checkboxes one at a time (deselecting the previous each time), clicking Apply after each
[WAIT] Members list refreshes after each single-role filter application","[DOM] 'Organization manager' is present as a selectable Role facet option despite no member holding it as an individual/own role in this org {SPEC} Story EPIC-5239-05 AC-1 (REFUTED live 2026-07-30 REG-2026-07-30-1040: with 'Organization manager' appended to TechFlow's org-level roles and rendering in the fixture's Roles cell, the Role facet still offered only Organization maintainer / Organization employee / Purchasing agent / Store administrator / Store manager -- 'Organization manager' absent. Keeps failing as BUG_008_005)
[STATE] Filtering by 'Organization manager' alone returns AGENT-TEST-Facet031 (org-inherited role IS discoverable via the facet, not just the static assignable-role list) {SPEC} Story EPIC-5239-05 AC-1 (REFUTED -- the option cannot be selected at all, so no positive facet match is reachable; same root cause as above)
[STATE] None of the spot-checked facet role options returns a zero-result list when applied alone (no dead-end filter per Story EPIC-5239-05 AC-2) {SPEC} Story EPIC-5239-05 AC-2 (REFUTED live 2026-07-30 this session: 'Store administrator' IS offered in the Role facet yet no member on the TechFlow roster holds it, so applying it alone is a dead-end zero-result filter)","[API] getOrganizationContactsQuery(roleIds:[<org-manager-id>]) / organization.contacts(roleIds:) for this member returns AGENT-TEST-Facet031, while POST /api/customer/organization-memberships/search for $USER_ID shows roles=[org-employee] only -- confirms the facet match traces to the ORG-LEVEL source, not a hidden membership write","'Organization manager' absent from the facet checkbox list despite TechFlow carrying it as an org-level role (facet still sourced from the static assignable-role list, not actual held roles -- Story EPIC-5239-05 AC-1 regression, the exact gap this case exists to catch); filtering by 'Organization manager' returns zero members despite the fixture holding it via inheritance; any spot-checked facet option returns zero members (AC-2 dead-end); console GraphQL error on facet open; org-level PUT replaces $ORIGINAL_ROLES instead of appending; cleanup leaves TechFlow's roles array as [] instead of the restored $ORIGINAL_ROLES","[SAVE] Restore TechFlow's org-level roles to their exact pre-test state via REST PUT {{BACK_URL}}/api/organizations: {""id"": ""@td(MULTI_ORG_TF_BR.org_techflow_id)"", ""name"": ""$ORG_NAME"", ""memberType"": ""Organization"", ""roles"": $ORIGINAL_ROLES} -- EXACT restore of the array captured in Steps; never send roles: []
[SAVE] Delete the AGENT-TEST fixtures created in Steps via REST: DELETE {{BACK_URL}}/api/customer/organization-memberships?ids=$MEMBERSHIP_ID; DELETE {{BACK_URL}}/api/platform/security/users?names=AGENT-TEST-mbr031-$TS_SUFFIX@yopmail.com; DELETE {{BACK_URL}}/api/members?ids=$MEMBER_ID","VCST-5239; Story EPIC-5239-05 AC-1/AC-2; testing-checklist.md AC9 (org-level-role facet variant, flagged as a distinct GAP from the column-merge cases)","Semi-Automated"
"B2C-MBR-032","Members List Roles Column Renders an Explicit Empty State for a Member With Zero Roles From Every Source","B2C Features > Members > Roles Display > Zero-Roles Negative","Medium","BL-B2B-005","ECL-2.3","[PRE:CLEAR_SESSION]
[PRE:SIGNIN_AS:BUILDRIGHT_ADMIN]
BuildRight org admin logged in. Closes a GAP flagged during test review: every other Roles-column case (B2C-MBR-001/024/026/029) exercises at least one role source; none proves the column degrades gracefully when a member has NO role from any tier (no global role, no org-level inherited role, no membership role) -- a plausible implementation bug is an undefined/blank/erroring render rather than a deliberate empty-state marker. BuildRight (not TechFlow) is used specifically because its org-level Roles are confirmed empty as of 2026-07-09 (TechFlow currently carries residual org-level roles from other in-progress fixtures) -- Steps still capture $ORIGINAL_ROLES defensively rather than assuming zero, so this case degrades gracefully (and says so in its own Assertions) if that changes. A fresh AGENT-TEST BuildRight member is created in Steps with NO membership role (empty roles array) and NO global role.","url={{FRONT_URL}},org_user=@td(BUILDRIGHT_ADMIN.email),org_password=@td(BUILDRIGHT_ADMIN.password),org_id=@td(ORG_BUILDRIGHT.platform_id),new_member_password={{DEFAULT_TEST_PASSWORD}}","[SETUP] Generate timestamp suffix: mbr032-{epoch_ms} -- capture as $TS_SUFFIX
[SETUP] via REST POST {{BACK_URL}}/api/members: {""firstName"": ""AGENT-TEST"", ""lastName"": ""ZeroRoles032"", ""memberType"": ""Contact""} -- capture response id as $MEMBER_ID
[ASSERT] [STATUS] 200/201 on member creation; $MEMBER_ID is a non-empty GUID
[SETUP] via REST POST {{BACK_URL}}/api/platform/security/users/create: {""userName"": ""AGENT-TEST-mbr032-$TS_SUFFIX@yopmail.com"", ""email"": ""AGENT-TEST-mbr032-$TS_SUFFIX@yopmail.com"", ""userType"": ""Customer"", ""storeId"": ""B2B-store"", ""memberId"": ""$MEMBER_ID"", ""emailConfirmed"": true, ""password"": ""{{DEFAULT_TEST_PASSWORD}}""} -- capture response id as $USER_ID
[ASSERT] [STATUS] 200/201 on account creation; $USER_ID is a non-empty GUID; response roles[] is empty (no global role assigned)
[SETUP] via REST POST {{BACK_URL}}/api/customer/organization-memberships: {""userId"": ""$USER_ID"", ""organizationId"": ""@td(ORG_BUILDRIGHT.platform_id)"", ""organizationName"": ""BuildRight"", ""roles"": []} -- capture response id as $MEMBERSHIP_ID (deliberately empty roles array)
[ASSERT] [STATUS] 200/201 on membership creation; $MEMBERSHIP_ID is a non-empty GUID; response roles[] is empty
[HTTP GET] {{BACK_URL}}/api/organizations/@td(ORG_BUILDRIGHT.platform_id) -- capture response roles array as $ORIGINAL_ROLES
[ASSERT] [STATUS] 200; note whether $ORIGINAL_ROLES is empty (expected as of 2026-07-09) -- if non-empty, this run's member will show those org-level role names instead of a true zero-roles state, but the no-blank/no-error assertion below still applies either way
[NAV] Navigate to {{FRONT_URL}}/company/members (already signed in as BuildRight admin)
[ASSERT] Locate the AGENT-TEST-ZeroRoles032 member row","[DOM] IF $ORIGINAL_ROLES was empty: Role column for this row shows a deliberate empty-state marker (e.g. an em-dash '—' or explicit 'No roles' text) -- NOT a raw empty cell with no marker
[DOM] IF $ORIGINAL_ROLES was non-empty: Role column shows exactly those org-level role names (still not blank/error) -- the case still confirms graceful rendering even though the pure zero-roles scenario didn't hold this run
[STATE] Role column never renders the literal string 'undefined', 'null', or an empty/broken cell with zero characters and no marker","[API] POST /api/customer/organization-memberships/search for $USER_ID confirms roles=[] on the membership record, and the account's own roles[] is empty -- both zero, isolating whatever the column shows to the org-level tier only","Role column is completely empty (zero characters, no dash/marker) for this member; Role column renders 'undefined' or 'null' as literal text; console error/warning tied to rendering this row's Role cell; row itself fails to render (member missing from the list entirely)","[SAVE] Delete the AGENT-TEST fixtures created in Steps via REST: DELETE {{BACK_URL}}/api/customer/organization-memberships?ids=$MEMBERSHIP_ID; DELETE {{BACK_URL}}/api/platform/security/users?names=AGENT-TEST-mbr032-$TS_SUFFIX@yopmail.com; DELETE {{BACK_URL}}/api/members?ids=$MEMBER_ID","VCST-5239; testing-checklist.md (zero-roles negative flagged during review, not a numbered AC); ECL-2.3 | Deprecated 2026-07-30 (restored from deletion, retired not erased per the never-delete-without-confirmation rule). Assertion 1 (a deliberate em-dash / ""No roles"" marker in an empty Roles cell) was refuted live — the cell renders completely blank — but it is ungroundable: no BL-UI invariant covers table empty-cell markers (BL-UI-001..007 are layout/spacing/touch-target), the case admits it is ""not a numbered AC"", and its Edge_Case_Refs ECL-2.3 was a wrong reference (that is Pricing Timing). RE-SCOPE TRIGGER: a vc-frontend VcTable empty-cell convention or a design-system rule to cite.","Deprecated"
"B2C-MBR-033","[VCST-5281] Pending Invite Lifecycle — Widget Visible, Reject, Refused Re-Access, Re-Invite, Accept, Org-2 Access Works","B2C Features > Members > Org Invite Lifecycle > [JOURNEY]","Critical","BL-B2B-009; BL-AUTH-012; BL-AUTH-013; BL-B2B-005","ECL-3.1; ECL-10.2","[PRE:CLEAR_SESSION]
A fresh AGENT-TEST- member already has an ACTIVE membership in TechFlow (Org-1) — created in Steps via REST. This same member has NO prior membership in BuildRight (Org-2). BUILDRIGHT_ADMIN is org-maintainer in BuildRight and can invite. testing-checklist.md conditions #12,13,14,16,17,18,19,21,22,23 (VCST-5281 /qa-test run, 2026-07-29). Fixture email carries a per-run $TS_SUFFIX so a prior failed cleanup can never cause a collision.","front_url={{FRONT_URL}}, back_url={{BACK_URL}}, admin_email=@td(BUILDRIGHT_ADMIN.email), admin_password=@td(BUILDRIGHT_ADMIN.password), org2_id=@td(ORG_BUILDRIGHT.platform_id), org1_id=@td(MULTI_ORG_TF_BR.org_techflow_id), invitee_password={{DEFAULT_TEST_PASSWORD}}","--- SCREEN: Fixture Setup (REST) ---
[SETUP] Generate timestamp suffix: mbr033-{epoch_ms} — capture as $TS_SUFFIX
[SETUP] via REST POST {{BACK_URL}}/api/members: {""firstName"": ""AGENT-TEST"", ""lastName"": ""InviteLifecycle033"", ""memberType"": ""Contact""} — capture response id as $MEMBER_ID
[ASSERT] [STATUS] 200/201; $MEMBER_ID is a non-empty GUID
[SETUP] via REST POST {{BACK_URL}}/api/platform/security/users/create: {""userName"": ""AGENT-TEST-mbr033-$TS_SUFFIX@yopmail.com"", ""email"": ""AGENT-TEST-mbr033-$TS_SUFFIX@yopmail.com"", ""userType"": ""Customer"", ""storeId"": ""B2B-store"", ""memberId"": ""$MEMBER_ID"", ""emailConfirmed"": true, ""password"": ""{{DEFAULT_TEST_PASSWORD}}""} — capture response id as $USER_ID
[ASSERT] [STATUS] 200/201; $USER_ID is a non-empty GUID
[SETUP] via REST POST {{BACK_URL}}/api/customer/organization-memberships: {""userId"": ""$USER_ID"", ""organizationId"": ""@td(MULTI_ORG_TF_BR.org_techflow_id)"", ""organizationName"": ""TechFlow"", ""roles"": [{""roleId"": ""org-employee"", ""roleName"": ""Organization employee""}]} — capture response id as $ORG1_MEMBERSHIP_ID
[ASSERT] [STATUS] 200/201 on Org-1 (TechFlow) membership creation
--- SCREEN: BuildRight Admin Sends Org-2 Invite ---
[NAV] {{FRONT_URL}}/sign-in
[ACT] fill [data-test-id=""email-input""] with @td(BUILDRIGHT_ADMIN.email)
[ACT] fill [data-test-id=""password-input""] with @td(BUILDRIGHT_ADMIN.password)
[ACT] click [data-test-id=""login-button""]
[WAIT] header shows BuildRight org name
[NAV] {{FRONT_URL}}/company/members
[WAIT] members list loads
[ACT] click 'Invite members' button
[WAIT] 'Invite member' dialog opens
[ACT] fill invite email textbox with AGENT-TEST-mbr033-$TS_SUFFIX@yopmail.com
[ACT] select role: Organization employee
[ACT] click 'Send'
[WAIT] success toast; dialog closes
[ASSERT] AGENT-TEST-InviteLifecycle033 row visible in BuildRight roster with an 'Invited' status badge (condition #9/#22 — admin-side visibility)
--- SCREEN: Invitee Dashboard — Pending Invites Widget ---
[PRE:CLEAR_SESSION]
[NAV] {{FRONT_URL}}/sign-in
[ACT] fill [data-test-id=""email-input""] with AGENT-TEST-mbr033-$TS_SUFFIX@yopmail.com
[ACT] fill [data-test-id=""password-input""] with {{DEFAULT_TEST_PASSWORD}}
[ACT] click [data-test-id=""login-button""]
[WAIT] storefront session established (TechFlow context — the invitee's existing Org-1 membership)
[NAV] {{FRONT_URL}}/account/dashboard
[WAIT] dashboard loads
[ASSERT] 'Organization invitations' widget visible, listing BuildRight (condition #12 — me.contact.organizations(statuses:['Invited']))
--- SCREEN: Decline the Invite ---
[ACT] click the 'Decline' button for the BuildRight invite row
[WAIT] widget updates
[ASSERT] success toast 'Invitation declined' shown; BuildRight row removed from the widget (condition #13/#14)
--- SCREEN: Refused Re-Access After Rejection ---
[ACT] attempt to open the org switcher / navigate toward a BuildRight-scoped URL (e.g. re-attempt sign-in selecting BuildRight, or switch org if a switcher entry still exists)
[WAIT] response settles
[ASSERT] BuildRight access is refused (Rejected is a Blocking status) and the flow redirects back to sign-in / an accessible Approved context, never landing inside BuildRight (condition #16/#17)
[ACT] sign in again with the same credentials
[ASSERT] re-authentication lands in the Approved TechFlow (Org-1) context, never BuildRight (condition #18)
--- SCREEN: Re-Invite After Rejected (Reinvitable) ---
[PRE:CLEAR_SESSION]
[NAV] {{FRONT_URL}}/sign-in
[ACT] fill [data-test-id=""email-input""] with @td(BUILDRIGHT_ADMIN.email)
[ACT] fill [data-test-id=""password-input""] with @td(BUILDRIGHT_ADMIN.password)
[ACT] click [data-test-id=""login-button""]
[WAIT] header shows BuildRight org name
[NAV] {{FRONT_URL}}/company/members
[ACT] locate the AGENT-TEST-InviteLifecycle033 row (status 'Rejected' or equivalent)
[ACT] open that row's Actions menu
[ACT] click 'Resend invite' (per testing-checklist.md condition #19/#20 — Rejected is Reinvitable)
[WAIT] success toast 'Invite resent'
[ASSERT] roster row shows 'Invited' status again (condition #22)
--- SCREEN: Invitee Accepts the Re-Sent Invite ---
[PRE:CLEAR_SESSION]
[NAV] {{FRONT_URL}}/sign-in
[ACT] fill [data-test-id=""email-input""] with AGENT-TEST-mbr033-$TS_SUFFIX@yopmail.com
[ACT] fill [data-test-id=""password-input""] with {{DEFAULT_TEST_PASSWORD}}
[ACT] click [data-test-id=""login-button""]
[WAIT] storefront session established
[NAV] {{FRONT_URL}}/account/dashboard
[ASSERT] 'Organization invitations' widget lists BuildRight again (condition #21 — widget re-appears after re-invite)
[ACT] click the 'Accept' button for the BuildRight invite row
[WAIT] widget updates
[ASSERT] success toast 'Invitation accepted' shown; BuildRight row removed from the widget
[ACT] open the org switcher / navigate to BuildRight context
[ASSERT] BuildRight sign-in/access now succeeds (condition #23 — acceptOrganizationInvite made Org-2 Approved)","[DOM] BuildRight admin roster shows 'Invited' badge immediately after invite {OBSERVED}
[DOM] Invitee dashboard 'Organization invitations' widget lists the BuildRight invite by org name {DOC}
[DOM] Decline shows toast reading 'Invitation declined' (locales/en.json shared.account.pending_invites_widget.invite_rejected) {DOC}
[STATE] After Decline: BuildRight access is refused (Rejected ∈ BlockingStatuses) {BL}
[STATE] Refusal flow redirects to a re-authenticatable state, never landing signed-in inside BuildRight {SPEC}
[STATE] Re-auth after rejection lands in the Approved TechFlow context, not BuildRight {SPEC}
[DOM] After BUILDRIGHT_ADMIN resends the invite, roster shows 'Invited' again {OBSERVED}
[DOM] Widget shows a 'BuildRight' invite row again after resend {SPEC}
[DOM] Accept shows toast reading 'Invitation accepted' (locales/en.json shared.account.pending_invites_widget.invite_accepted) {DOC}
[STATE] After Accept: BuildRight access succeeds (myStatusInOrganization = Approved) {BL}","[API] rejectOrganizationInvite mutation errors[] empty
[API] resendOrganizationInvite mutation succeeded=true, errors[] empty
[API] acceptOrganizationInvite mutation errors[] empty
[API] GetPendingOrganizationInvites (me.contact.organizations(statuses:['Invited'])) reflects each transition — present after invite/re-invite, absent after reject/accept
[CONSOLE] no uncaught JS errors during any step
[NETWORK] no 4xx/5xx on any invite/reject/resend/accept request","Widget never lists the BuildRight invite (condition #12 regression); Decline/Accept buttons missing or disabled; toast absent after Decline/Accept; refused BuildRight access instead lands the user signed-in inside BuildRight (Rejected status not enforced — BL-AUTH-013 violation); re-invite after Rejected is itself refused (Reinvitable rule broken); widget does not re-list after resend; Accept does not restore BuildRight access","[SAVE] Ensure BuildRight membership for AGENT-TEST-mbr033-$TS_SUFFIX@yopmail.com ends in a clean state (Approved or removed) via REST POST {{BACK_URL}}/api/customer/organization-memberships/search {userId:$USER_ID} → resolve membership id → DELETE if still present
[SAVE] DELETE {{BACK_URL}}/api/customer/organization-memberships?ids=$ORG1_MEMBERSHIP_ID
[SAVE] DELETE {{BACK_URL}}/api/platform/security/users?names=AGENT-TEST-mbr033-$TS_SUFFIX@yopmail.com; DELETE {{BACK_URL}}/api/members?ids=$MEMBER_ID","VCST-5281; testing-checklist.md conditions #12,13,14,16,17,18,19,21,22,23; Technique: State Transition (invite>invited>rejected>refused>reinvited>accepted)","Draft"
"B2C-MBR-034","Deleted Member Is Absent From Every Organization's Member List (Condition #38)","B2C Features > Members > Deletion","High","BL-B2B-008","","[PRE:CLEAR_SESSION]
[PRE:SIGNIN_AS:TECHFLOW_ADMIN]
A fresh AGENT-TEST- member holds ACTIVE memberships in BOTH TechFlow and BuildRight, created in Steps via REST. testing-checklist.md condition #37/#38 (VCST-5281): deleting the underlying platform user/member MUST remove ALL org memberships, not just one, and the deleted user must be absent from every org's storefront roster.","front_url={{FRONT_URL}}, org_admin={{ORG_USER_EMAIL}}, org_password={{ORG_USER_PASSWORD}}, buildright_admin_email=@td(BUILDRIGHT_ADMIN.email), buildright_admin_password=@td(BUILDRIGHT_ADMIN.password)","[SETUP] Generate timestamp suffix: mbr034-{epoch_ms} — capture as $TS_SUFFIX
[SETUP] via REST POST {{BACK_URL}}/api/members: {""firstName"": ""AGENT-TEST"", ""lastName"": ""DeleteAllOrgs034"", ""memberType"": ""Contact""} — capture response id as $MEMBER_ID
[ASSERT] [STATUS] 200/201; $MEMBER_ID is a non-empty GUID
[SETUP] via REST POST {{BACK_URL}}/api/platform/security/users/create: {""userName"": ""AGENT-TEST-mbr034-$TS_SUFFIX@yopmail.com"", ""email"": ""AGENT-TEST-mbr034-$TS_SUFFIX@yopmail.com"", ""userType"": ""Customer"", ""storeId"": ""B2B-store"", ""memberId"": ""$MEMBER_ID"", ""emailConfirmed"": true, ""password"": ""{{DEFAULT_TEST_PASSWORD}}""} — capture response id as $USER_ID
[ASSERT] [STATUS] 200/201; $USER_ID is a non-empty GUID
[SETUP] via REST POST {{BACK_URL}}/api/customer/organization-memberships: {""userId"": ""$USER_ID"", ""organizationId"": ""@td(MULTI_ORG_TF_BR.org_techflow_id)"", ""organizationName"": ""TechFlow"", ""roles"": [{""roleId"": ""org-employee"", ""roleName"": ""Organization employee""}]} — capture response id as $TF_MEMBERSHIP_ID
[ASSERT] [STATUS] 200/201 on TechFlow membership
[SETUP] via REST POST {{BACK_URL}}/api/customer/organization-memberships: {""userId"": ""$USER_ID"", ""organizationId"": ""@td(ORG_BUILDRIGHT.platform_id)"", ""organizationName"": ""BuildRight"", ""roles"": [{""roleId"": ""org-employee"", ""roleName"": ""Organization employee""}]} — capture response id as $BR_MEMBERSHIP_ID
[ASSERT] [STATUS] 200/201 on BuildRight membership
[NAV] {{FRONT_URL}}/sign-in
[ACT] fill [data-test-id=""email-input""] with {{ORG_USER_EMAIL}}
[ACT] fill [data-test-id=""password-input""] with {{ORG_USER_PASSWORD}}
[ACT] click [data-test-id=""login-button""]
[WAIT] header shows TechFlow org name
[NAV] {{FRONT_URL}}/company/members
[ASSERT] AGENT-TEST-DeleteAllOrgs034 row visible in TechFlow roster before deletion
[SETUP] via REST DELETE {{BACK_URL}}/api/members?ids=$MEMBER_ID (delete the underlying contact/user)
[ASSERT] [STATUS] 200/204 on delete
[NAV] {{FRONT_URL}}/company/members
[WAIT] roster reloads
[ASSERT] AGENT-TEST-DeleteAllOrgs034 row is ABSENT from the TechFlow roster
[PRE:CLEAR_SESSION]
[NAV] {{FRONT_URL}}/sign-in
[ACT] fill [data-test-id=""email-input""] with @td(BUILDRIGHT_ADMIN.email)
[ACT] fill [data-test-id=""password-input""] with @td(BUILDRIGHT_ADMIN.password)
[ACT] click [data-test-id=""login-button""]
[WAIT] header shows BuildRight org name
[NAV] {{FRONT_URL}}/company/members
[WAIT] roster loads
[ASSERT] AGENT-TEST-DeleteAllOrgs034 row is ABSENT from the BuildRight roster too","[STATE] Before deletion: member row visible in TechFlow roster {OBSERVED}
[DOM] After deletion: member row absent from the TechFlow roster {BL}
[DOM] After deletion: member row absent from the BuildRight roster as well {BL}
[STATE] Deleting the member removes ALL its org memberships, not just the one belonging to the org the operator happened to view it from {SPEC}","[API] POST /api/customer/organization-memberships/search {userId:$USER_ID} after deletion returns zero results across every org (no orphaned membership rows)
[CONSOLE] no uncaught JS errors on either roster reload
[NETWORK] no 4xx/5xx on either /company/members load after deletion","Deleted member still visible in TechFlow roster after delete; deleted member still visible in BuildRight roster (only one org's membership was cleaned up — condition #37/#38 regression); orphaned membership row returned by organization-memberships/search after member delete","[SAVE] If deletion did not complete, remove the AGENT-TEST fixture memberships and account via REST: DELETE {{BACK_URL}}/api/customer/organization-memberships?ids=$TF_MEMBERSHIP_ID; DELETE {{BACK_URL}}/api/customer/organization-memberships?ids=$BR_MEMBERSHIP_ID; DELETE {{BACK_URL}}/api/platform/security/users?names=AGENT-TEST-mbr034-$TS_SUFFIX@yopmail.com; DELETE {{BACK_URL}}/api/members?ids=$MEMBER_ID","VCST-5281; testing-checklist.md condition #38","Draft"
"B2C-MBR-035","Status Badge and Status Facet Disagree for a Contact With Blocking Global Status and No Membership Override","B2C Features > Members > Status Display > [Regression]","Critical","BL-B2B-005","ECL-3.2","[PRE:CLEAR_SESSION]
[PRE:SIGNIN_AS:TECHFLOW_ADMIN]
Reviewer finding B on vc-frontend#2399 (members.vue:getDisplayStatus / the roleIds/statuses facet wiring): a member whose GLOBAL contact.Status is a blocking value (e.g. 'Locked') and who has NO per-membership status override resolves EffectiveStatus = contact.Status, so members.vue renders the red 'Blocked' badge via getDisplayStatus(contact) = contact.isLockedInOrganization ? Locked : (contact.statusInOrganization ?? contact.status). But the server-side status FACET (roleIds/statuses filter on getOrganizationContactsQuery) matches 'Blocked' against IsCurrentlyLocked membership rows only, and 'Active' requires effective status = Approved — this contact satisfies NEITHER filter server-side, so it is unreachable by any status facet despite the badge visibly reading 'Blocked'. A fresh AGENT-TEST- TechFlow member is created in Steps with global contact status forced to a blocking value and no membership-level lock/status override.","front_url={{FRONT_URL}}, org_user={{ORG_USER_EMAIL}}, org_password={{ORG_USER_PASSWORD}}, org_id=@td(MULTI_ORG_TF_BR.org_techflow_id), new_member_password={{DEFAULT_TEST_PASSWORD}}","[SETUP] Generate timestamp suffix: mbr035-{epoch_ms} — capture as $TS_SUFFIX
[SETUP] via REST POST {{BACK_URL}}/api/members: {""firstName"": ""AGENT-TEST"", ""lastName"": ""BadgeFacetGap035"", ""memberType"": ""Contact"", ""status"": ""Locked""} — capture response id as $MEMBER_ID (global contact status forced to a BlockingStatuses value with NO membership-level lock)
[ASSERT] [STATUS] 200/201; $MEMBER_ID is a non-empty GUID; verify response reflects status=Locked (if the create payload silently drops it, PATCH the same field via PUT {{BACK_URL}}/api/members and re-assert)
[SETUP] via REST POST {{BACK_URL}}/api/platform/security/users/create: {""userName"": ""AGENT-TEST-mbr035-$TS_SUFFIX@yopmail.com"", ""email"": ""AGENT-TEST-mbr035-$TS_SUFFIX@yopmail.com"", ""userType"": ""Customer"", ""storeId"": ""B2B-store"", ""memberId"": ""$MEMBER_ID"", ""emailConfirmed"": true, ""password"": ""{{DEFAULT_TEST_PASSWORD}}""} — capture response id as $USER_ID
[ASSERT] [STATUS] 200/201; $USER_ID is a non-empty GUID
[SETUP] via REST POST {{BACK_URL}}/api/customer/organization-memberships: {""userId"": ""$USER_ID"", ""organizationId"": ""@td(MULTI_ORG_TF_BR.org_techflow_id)"", ""organizationName"": ""TechFlow"", ""roles"": [{""roleId"": ""org-employee"", ""roleName"": ""Organization employee""}]} — capture response id as $MEMBERSHIP_ID (deliberately NO status/lock override on the membership itself — status ""blocking"" must come only from the global contact)
[ASSERT] [STATUS] 200/201 on membership creation; membership isLockedInOrganization=false
--- SCREEN: Badge Renders Blocked ---
[NAV] {{FRONT_URL}}/company/members (already signed in as TechFlow admin)
[ACT] locate the AGENT-TEST-BadgeFacetGap035 row
[ASSERT] status badge for this row reads 'Blocked' (getDisplayStatus resolves via contact.status fallback since isLockedInOrganization=false and statusInOrganization is unset)
--- SCREEN: Blocked Facet Does NOT Find It ---
[ACT] click 'Filters'
[WAIT] 'Members filters' panel opens
[ACT] tick the 'Blocked' status option
[ACT] click 'Apply'
[WAIT] roster updates
[ASSERT] AGENT-TEST-BadgeFacetGap035 is ABSENT from the Blocked-filtered roster (server-side Blocked facet checks IsCurrentlyLocked membership rows only — this contact has none)
--- SCREEN: Active Facet Does NOT Find It Either ---
[ACT] clear the Blocked filter
[ACT] tick the 'Active' status option
[ACT] click 'Apply'
[WAIT] roster updates
[ASSERT] AGENT-TEST-BadgeFacetGap035 is ALSO absent from the Active-filtered roster (effective status ≠ Approved)
[ACT] clear all status filters","[DOM] Row badge reads 'Blocked' for a contact with global Locked status and no membership override {OBSERVED}
[STATE] The SAME row is unreachable via the 'Blocked' status facet {SPEC}
[STATE] The SAME row is unreachable via the 'Active' status facet either {SPEC}
[STATE] Badge and facet disagree — a visibly-Blocked member cannot be found by any status filter (members.vue getDisplayStatus vs the server-side statuses facet source different data) {SPEC}","[API] getOrganizationContactsQuery(statuses:['Blocked']) response errors[] is empty and items does NOT include this member's id, confirming the facet/badge mismatch is a data-shape issue, not a query failure
[API] getOrganizationContactsQuery(statuses:['Active']) response errors[] is empty and items also excludes this member's id
[CONSOLE] no uncaught JS errors during badge render or facet filtering","Badge does not read 'Blocked' for this fixture (setup did not reproduce the global-Locked-no-override condition — reconfirm $MEMBER_ID status live before failing); member IS found by the Blocked facet (facet source was fixed to match effective status, not IsCurrentlyLocked — treat as a PASS-worthy fix, not a defect); member IS found by the Active facet (same)","[SAVE] Delete the AGENT-TEST fixtures created in Steps via REST: DELETE {{BACK_URL}}/api/customer/organization-memberships?ids=$MEMBERSHIP_ID; DELETE {{BACK_URL}}/api/platform/security/users?names=AGENT-TEST-mbr035-$TS_SUFFIX@yopmail.com; DELETE {{BACK_URL}}/api/members?ids=$MEMBER_ID","VCST-5281; PR review finding B on vc-frontend#2399 (members.vue getDisplayStatus)","Draft"
"B2C-MBR-036","Revoke Invite — Modal Stays Open and Error Toast Shown When the Mutation Fails","B2C Features > Members > Invite Management > [Regression]","High","BL-B2B-009","","[PRE:CLEAR_SESSION]
[PRE:SIGNIN_AS:TECHFLOW_ADMIN]
Reviewer finding C on vc-frontend#2399 members.vue openRevokeInviteModal: on a revokeInvite() failure the onConfirm handler catches the error, shows an error toast, and returns WITHOUT calling closeRevokeInviteModal() — so a correct implementation keeps the confirmation modal open on failure. This case forces the underlying revokeOrganizationInvite mutation to fail server-side (the invite is already gone by the time the UI confirms) and asserts the modal does not silently close. A fresh AGENT-TEST- TechFlow invite is created in Steps.","front_url={{FRONT_URL}}, back_url={{BACK_URL}}, org_user={{ORG_USER_EMAIL}}, org_password={{ORG_USER_PASSWORD}}","[SETUP] Generate timestamp suffix: mbr036-{epoch_ms} — capture as $TS_SUFFIX
[NAV] {{FRONT_URL}}/sign-in
[ACT] fill [data-test-id=""email-input""] with {{ORG_USER_EMAIL}}
[ACT] fill [data-test-id=""password-input""] with {{ORG_USER_PASSWORD}}
[ACT] click [data-test-id=""login-button""]
[WAIT] header shows TechFlow org name
[NAV] {{FRONT_URL}}/company/members
[ACT] click 'Invite members' button
[WAIT] 'Invite member' dialog opens
[ACT] fill invite email textbox with AGENT-TEST-mbr036-$TS_SUFFIX@yopmail.com
[ACT] select role: Organization employee
[ACT] click 'Send'
[WAIT] success toast; AGENT-TEST-mbr036-$TS_SUFFIX row appears with 'Invited' status
[ACT] open that row's Actions menu
[ACT] click 'Revoke invite'
[WAIT] 'Revoke invite' confirmation modal opens (title 'Revoke invite'; text 'Are you sure you want to revoke the invite sent to <email>?')
[SETUP] BEFORE clicking Confirm in the UI, invalidate the invite server-side out-of-band via REST so the pending UI mutation fails: resolve the invited member's id via POST {{BACK_URL}}/api/customer/organization-memberships/search {organizationId omitted — filter client-side by organizationId=@td(MULTI_ORG_TF_BR.org_techflow_id)} and DELETE {{BACK_URL}}/api/customer/organization-memberships?ids=<resolved id> (removes the invite the UI is about to revoke, forcing the confirmed mutation to fail — memberId no longer resolvable)
[ACT] click 'Confirm' / the danger-variant confirm button in the still-open modal
[WAIT] mutation response settles","[DOM] Error toast reads 'Failed to revoke the invitation.' (locales/en.json common.messages.invite_revoke_failed) {DOC}
[STATE] The confirmation modal remains open after the failed mutation — it is NOT auto-dismissed (members.vue openRevokeInviteModal returns before calling closeRevokeInviteModal() on catch) {DOC}
[DOM] The invite row for AGENT-TEST-mbr036-$TS_SUFFIX@yopmail.com is still visible in the roster with an 'Invited' badge, unchanged, not silently removed {SPEC}","[API] revokeOrganizationInvite mutation for the already-deleted membership returns errors[] non-empty (or throws) — the negative path is genuinely exercised
[CONSOLE] no unhandled JS errors from the failed mutation","Modal closes immediately after clicking Confirm despite the mutation failing (VcConfirmationModal auto-closes on any settled onConfirm promise, regardless of internal catch — the regression this case exists to catch); no error toast shown; roster row silently disappears despite the revoke having failed server-side","[SAVE] Confirm no AGENT-TEST-mbr036-$TS_SUFFIX@yopmail.com fixtures remain: DELETE {{BACK_URL}}/api/platform/security/users?names=AGENT-TEST-mbr036-$TS_SUFFIX@yopmail.com if a user account was created by the invite flow","VCST-5281; PR review finding C on vc-frontend#2399 (members.vue openRevokeInviteModal)","Draft"
"B2C-MBR-037","Revoke and Resend Invite Both Show Consistent Success and Failure Toasts","B2C Features > Members > Invite Management","Medium","BL-B2B-009","","[PRE:CLEAR_SESSION]
[PRE:SIGNIN_AS:TECHFLOW_ADMIN]
Reviewer finding D on vc-frontend#2399 useOrganizationContacts.ts/members.vue: prior to this PR, revokeInvite showed its own success toast while leaving errors to the caller, and resendInvite showed neither — inconsistent notification ownership across the two invite-management actions. This PR moves all toast responsibility to the members.vue call sites (openRevokeInviteModal, handleResendInvite) for BOTH success and failure. This case confirms the fix: both paths show a toast on success AND on failure. A fresh AGENT-TEST- TechFlow invite is created in Steps.","front_url={{FRONT_URL}}, org_user={{ORG_USER_EMAIL}}, org_password={{ORG_USER_PASSWORD}}","[SETUP] Generate timestamp suffix: mbr037-{epoch_ms} — capture as $TS_SUFFIX
[NAV] {{FRONT_URL}}/sign-in
[ACT] fill [data-test-id=""email-input""] with {{ORG_USER_EMAIL}}
[ACT] fill [data-test-id=""password-input""] with {{ORG_USER_PASSWORD}}
[ACT] click [data-test-id=""login-button""]
[WAIT] header shows TechFlow org name
[NAV] {{FRONT_URL}}/company/members
[ACT] click 'Invite members' button
[WAIT] 'Invite member' dialog opens
[ACT] fill invite email textbox with AGENT-TEST-mbr037-$TS_SUFFIX@yopmail.com
[ACT] select role: Organization employee
[ACT] click 'Send'
[WAIT] AGENT-TEST-mbr037-$TS_SUFFIX row appears with 'Invited' status
--- SCREEN: Resend — Success Toast ---
[ACT] open the row's Actions menu
[ACT] click 'Resend invite'
[WAIT] response settles
[ASSERT] success toast reads 'Invite resent' (locales/en.json pages.company.members.notifications.invite_resent)
--- SCREEN: Revoke — Success Toast ---
[ACT] open the row's Actions menu
[ACT] click 'Revoke invite'
[WAIT] 'Revoke invite' confirmation modal opens
[ACT] click the danger-variant confirm button
[WAIT] response settles
[ASSERT] success toast reads 'Invite revoked' (locales/en.json pages.company.members.notifications.invite_revoked); row removed from roster","[DOM] Resend shows a success toast reading 'Invite resent' {DOC}
[DOM] Revoke shows a success toast reading 'Invite revoked' {DOC}
[STATE] Both invite-management actions surface user-visible feedback on success — no silent success for either path (fixes reviewer finding D) {SPEC}","[API] resendOrganizationInvite mutation succeeded=true, errors[] empty
[API] revokeOrganizationInvite mutation errors[] empty
[CONSOLE] no uncaught JS errors during resend or revoke","Resend completes with NO toast shown (silent success — finding D regression); revoke completes with no toast; toast text does not match the exact i18n string; row not removed from roster after a successful revoke","[SAVE] Confirm no AGENT-TEST-mbr037-$TS_SUFFIX@yopmail.com fixtures remain: DELETE {{BACK_URL}}/api/platform/security/users?names=AGENT-TEST-mbr037-$TS_SUFFIX@yopmail.com if a user account was created by the invite flow","VCST-5281; PR review finding D on vc-frontend#2399 (useOrganizationContacts.ts / members.vue)","Draft"
B2C-MBR-038,Multi-Org Invite — First-Time BuildRight Invite of an Approved TechFlow-Only Member Leaves TechFlow Access and the Account Dashboard Reachable,B2C Features > Multi-Org Access > [JOURNEY],Critical,"BL-B2B-009, BL-B2B-008, BL-AUTH-013","ECL-14.3, ECL-4.1","[PRE:CLEAR_SESSION]
1. Fixture @td(ORG_TF_ONLY_INVITEE.email) holds EXACTLY ONE membership — TechFlow (@td(ORG_TF_ONLY_INVITEE.org_techflow_id), org-employee), effective status Approved, unlocked. THE ABSENCE OF A BUILDRIGHT MEMBERSHIP IS LOAD-BEARING: the trigger is a genuine first-time invite, and per the status oracle an already-Invited membership is not re-invitable (ReinvitableStatuses = Rejected, Deleted), only resendable.
2. FRONTEND LANE fixture — @td(MULTI_ORG_TF_BR.email) belongs to the backend lane and must not be bound here.
3. Inviter: @td(BUILDRIGHT_ADMIN.email) holds an org-maintainer membership in BuildRight (@td(ORG_BUILDRIGHT.platform_id)).
4. READ-ONLY for this case (a write silently changes another lane's outcome): Organization.Roles, organization status, the store settings Customer.ContactDefaultStatus / Customer.OrganizationDefaultStatus, and the OrganizationRolesWhitelist / MembershipRolesWhitelist module settings. Snapshot Organization.Roles at the moment of use; never write it.
5. Build under test: VirtoCommerce.Customer 3.1021.0-pr-312-2605 or later (the build that introduces OrganizationAccessResolver and makes OrganizationIdClaimProvider delegate to it).
6. DISCRIMINATION REQUIREMENT (Step-4 gate finding, 2026-08-03) — the INVERSE of the other cases: this P0 reproduced because contact.currentOrganizationId was NULL, so resolution fell to contact.organizations and picked the newly invited BLOCKING org. A pin naming healthy TechFlow would shield the trigger and the case would pass on a broken build. So the pin is explicitly CLEARED in Steps and the post-invite organizations order is read back; if the blocking BuildRight association is not what an unfiltered resolver would pick first, the pin is set to it explicitly so the trigger is still exercised.
7. contact.currentOrganizationId IS writable and resettable via PUT {{BACK_URL}}/api/contacts (HTTP 204) — restoring it is this case's own responsibility.","front_url={{FRONT_URL}}, back_url={{BACK_URL}}, invitee_email=@td(ORG_TF_ONLY_INVITEE.email), invitee_password=@td(ORG_TF_ONLY_INVITEE.password), invitee_user_id=@td(ORG_TF_ONLY_INVITEE.userId), inviter_email=@td(BUILDRIGHT_ADMIN.email), inviter_password=@td(BUILDRIGHT_ADMIN.password), techflow_name=@td(ORG_TECHFLOW.name), buildright_name=@td(ORG_BUILDRIGHT.name)","[SETUP] GET {{BACK_URL}}/api/members/@td(ORG_TF_ONLY_INVITEE.id) and record the whole contact body as $CONTACT_BASELINE, including currentOrganizationId and the organizations array
[SETUP] DISCRIMINATION CLEAR — PUT {{BACK_URL}}/api/contacts with $CONTACT_BASELINE merged so contact.currentOrganizationId is NULL (expect HTTP 204), reproducing the exact unpinned state the P0 needs
[SETUP] GET {{BACK_URL}}/api/members/@td(ORG_TF_ONLY_INVITEE.id) again and CONFIRM currentOrganizationId is null — a leftover pin on healthy TechFlow would shield the invite trigger and make this case pass on a broken build
--- SCREEN: Storefront sign-in (pre-invite baseline) ---
[NAV] {{FRONT_URL}}/sign-in
[ACT] fill 'Email': @td(ORG_TF_ONLY_INVITEE.email)
[ACT] fill 'Password': @td(ORG_TF_ONLY_INVITEE.password)
[ACT] click 'Sign in'
[WAIT] the top header shows the organization name @td(ORG_TECHFLOW.name)
[ASSERT] the landing route is not /403 — the TechFlow-only member has healthy access before any invite
[ACT] click the user name in the top header to open the account-menu popup
[WAIT] the account-menu popup shows 'Logout'
[ACT] click 'Logout'
[WAIT] the top header shows 'Sign in'
--- SCREEN: BuildRight company members (the inviter) ---
[NAV] {{FRONT_URL}}/sign-in
[ACT] fill 'Email': @td(BUILDRIGHT_ADMIN.email)
[ACT] fill 'Password': @td(BUILDRIGHT_ADMIN.password)
[ACT] click 'Sign in'
[WAIT] the top header shows the organization name @td(ORG_BUILDRIGHT.name)
[NAV] {{FRONT_URL}}/company/members
[WAIT] the members grid renders with an 'Invite members' control
[ACT] click 'Invite members'
[WAIT] the invite dialog is open with an email input
[ACT] fill 'Email': @td(ORG_TF_ONLY_INVITEE.email)
[ACT] click 'Send invitation'
[WAIT] a confirmation notification is visible in the dialog or as a toast
[ASSERT] the invitee now appears in the BuildRight roster with an Invited-state badge
[ACT] click the user name in the top header to open the account-menu popup
[WAIT] the account-menu popup shows 'Logout'
[ACT] click 'Logout'
[WAIT] the top header shows 'Sign in'
[SETUP] GET {{BACK_URL}}/api/members/@td(ORG_TF_ONLY_INVITEE.id) and record the post-invite contact.organizations array ORDER as $ORG_ORDER, confirming currentOrganizationId is still null
[SETUP] if the newly invited BuildRight association is NOT the entry an unfiltered resolver would select first in $ORG_ORDER, PUT {{BACK_URL}}/api/contacts setting contact.currentOrganizationId = @td(ORG_BUILDRIGHT.platform_id) so the blocking org is what resolution lands on and the trigger is genuinely exercised
--- SCREEN: Storefront re-sign-in (the P0 trigger) ---
[NAV] {{FRONT_URL}}/sign-in
[ACT] fill 'Email': @td(ORG_TF_ONLY_INVITEE.email)
[ACT] fill 'Password': @td(ORG_TF_ONLY_INVITEE.password)
[ACT] click 'Sign in'
[WAIT] navigation settles on a storefront route
[ASSERT] the landing route is not /403
--- SCREEN: Account dashboard (pending-invites widget) ---
[NAV] {{FRONT_URL}}/account/dashboard
[WAIT] the dashboard renders its widget list","[STATE] after the BuildRight invite, sign-in with @td(ORG_TF_ONLY_INVITEE.email) still yields a session and the landing route is not /403 {SPEC} (VCST-5281 AC3 and the 2605501d fall-through)
[DOM] the top header shows an organization name and the account-menu popup is present — the storefront is not in the denied state {OBSERVED} (pre-fix this landed on '/403 Access denied' with the same credentials, BUG-invite-to-second-org-locks-out-entire-storefront-VCST-5281)
[NAV] {{FRONT_URL}}/account/dashboard renders the dashboard widget list rather than redirecting to /403 — the only route hosting the pending-invites widget is reachable {SPEC} (VCST-5281 AC2 — the invite must stay acceptable through a UI path)
[DOM] a pending-invitation entry naming @td(ORG_BUILDRIGHT.name) is visible in the dashboard widget list {SPEC} (VCST-5281 AC2)
[STATE] the invitee's TechFlow membership is untouched by the BuildRight-scoped invite — effective status still Approved and role still org-employee {BL} (BL-B2B-008, BL-B2B-009)
[STATE] the discrimination premise held: at re-sign-in the session resolved toward the BLOCKING newly invited BuildRight association (currentOrganizationId null with BuildRight first in $ORG_ORDER, or explicitly pinned to it) — so an unfiltered pre-fix resolver would have pinned the blocked org and produced the /403 brick {OBSERVED} (root cause recorded in BUG-invite-to-second-org-locks-out-entire-storefront-VCST-5281: currentOrganizationId null plus organizations[0] = the invited org)","[API] the storefront invite mutation response errors[] is empty
[API] POST {{BACK_URL}}/api/customer/organization-memberships/search with a userId scoping filter for @td(ORG_TF_ONLY_INVITEE.userId) returns TWO rows after the invite — the TechFlow row unchanged plus a NEW BuildRight row at status Invited, which is the additive-invite contract
[API] GET {{BACK_URL}}/api/platform/security/users/@td(ORG_TF_ONLY_INVITEE.userId) shows the global roles[] unchanged by the invite
[CONSOLE] no TypeError during either sign-in or the dashboard render
[NETWORK] no 403 on any storefront route visited after the invite",Sign-in redirects to /403 after the invite; /account/dashboard redirects to /403; the account-menu popup contains only the user name and Logout with no organization section; organization-memberships search returns only one row after the invite; the TechFlow membership status changes from a BuildRight-scoped action; sign-in spinner visible >8s,"Revoke the BuildRight invitation and DELETE the BuildRight OrganizationMembership row — deletion is REQUIRED, not optional: a declined or revoked invite leaves the row in place (rejectOrganizationInvite resolves to 'Rejected' and the row PERSISTS with contact.organizations retaining the org, grounded 2026-08-03), so a status-only teardown would leave this fixture two-org and silently destroy its load-bearing single-org shape so @td(ORG_TF_ONLY_INVITEE.email) returns to EXACTLY ONE TechFlow membership (its load-bearing single-org shape), and reset contact.organizations to TechFlow only. Restore contact.currentOrganizationId from $CONTACT_BASELINE via PUT {{BACK_URL}}/api/contacts (204) and GET the contact to CONFIRM. leave the TechFlow membership at its seeded Approved baseline; sign out; if the journey aborts mid-way, still run this restore before handing the fixture on; never write Organization.Roles or organization status",VCST-5281 BUG-invite-to-second-org-locks-out-entire-storefront-VCST-5281; Promoted: VCST-5281 -> 008 (2026-08-04),Reviewed
B2C-MBR-039,Multi-Org Access Interlock — A Fall-Through Session on a Membership-Backed Contact Renders the Company Surfaces and Carries Org-Scoped Permission Claims,B2C Features > Multi-Org Access > Interlock,Critical,"BL-B2B-007, BL-B2B-005, BL-AUTH-013","ECL-14.3, ECL-4.2","[PRE:CLEAR_SESSION]
1. Fixture @td(MULTI_ORG_TF_BR_ALT.email) holds TWO memberships at the seeded baseline: TechFlow (@td(MULTI_ORG_TF_BR_ALT.org_techflow_id), org-maintainer) and BuildRight (@td(MULTI_ORG_TF_BR_ALT.org_buildright_id), org-employee). Baseline per-org OrganizationMembership.Status is Approved on both (declared explicitly) and Contact.Status is Approved, so the effective status resolves to Approved in both orgs; both are unlocked.
2. FRONTEND LANE fixture — a concurrently running backend-lane case must never bind the same alias, because an OrganizationMembership row is the mutable state this case writes.
3. READ-ONLY for this case (a write silently changes another lane's outcome): Organization.Roles, organization status, the store settings Customer.ContactDefaultStatus / Customer.OrganizationDefaultStatus, and the OrganizationRolesWhitelist / MembershipRolesWhitelist module settings. Snapshot Organization.Roles at the moment of use; never write it.
4. Build under test: VirtoCommerce.Customer 3.1021.0-pr-312-2605 or later (the build that introduces OrganizationAccessResolver and makes OrganizationIdClaimProvider delegate to it).
5. A /connect/token password grant on this environment REQUIRES storeId (camelCase) alongside the optional organization_id (snake_case); a grant without storeId returns HTTP 400 invalid_grant.
6. DISCRIMINATION REQUIREMENT (Step-4 gate finding, 2026-08-03) — this verdict is only meaningful when contact.currentOrganizationId names the org this case BLOCKS. A control token taken at an untouched fixture baseline (currentOrganizationId = a HEALTHY org, defaultOrganizationId = null) resolved that healthy org at TIER 1, and tier 1 selects the same org on the UNFILTERED pre-fix resolver too — so blocking a NON-pinned org PASSES ON A BROKEN BUILD and proves nothing. The pin is therefore set explicitly in Steps with a read-back, never inherited from the fixture baseline.
7. contact.currentOrganizationId IS writable and resettable via PUT {{BACK_URL}}/api/contacts (HTTP 204) — there is NO one-way door. Restoring it is this case's own responsibility, not a later re-seed's.
AXIS DISAMBIGUATION — three different fields are called ""status""; every step below names the one it writes and the endpoint that writes it:
  (i) ApplicationUser.Status (security account: Approved / Locked / EmailUnconfirmed / PendingApproval) — seeded from b2b/users.csv and hardcoded 'Approved' by seedMemberships. NOT written by any case here.
  (ii) Contact.Status (global member: New / Approved / Rejected / Deleted / Invited / Locked) — not seeded; written on the contact record via the member API (GET {{BACK_URL}}/api/members/<contactId>, merge, PUT {{BACK_URL}}/api/contacts).
  (iii) OrganizationMembership.Status (per-org — the field VCST-5281 adds: Invited / Approved / Rejected / Deleted) — settable at create (POST /api/customer/organization-memberships), on update (PUT /api/customer/organization-memberships/{id}, full object), AND declarable as a seeded baseline via the optional trailing membership_status column, now present on ALL THREE membership-creating sources (test-data/b2b/organization-memberships.csv — the source for these fixtures — plus test-data/b2b/users.csv and test-data/white-labeling/users.csv, so all 32 seeded memberships can declare one) (legal values Invited | Approved | Rejected | Deleted; blank ⇒ the key is omitted from the create POST and set null on the reconcile PUT, so the effective status inherits the contact's — still the case for all six existing rows MOM-001 to MOM-006). ensureOrgMembership threads status through both create and the reconcile PUT, and npm run td:validate:b2b check [9] hard-fails an illegal status value. Every case here NEVERTHELESS drives the per-org status walk via PUT AS TEST STEPS rather than declaring a seeded baseline: a seeded BLOCKING baseline would make the positive conditions unusable, so the walk belongs in the steps.
  Effective status = ResolveEffectiveStatus(membershipStatus, memberStatus): a non-empty membership status wins, else the contact status, else 'Approved'. The lock axis is independent: IsCurrentlyLocked = IsLocked AND (LockoutEnd is null OR LockoutEnd > utcnow) — so a TEMPORARY lock is IsLocked with a FUTURE LockoutEnd, and a PERMANENT lock is IsLocked with a null LockoutEnd.
6. INTERLOCK CELL — this closes the false-PASS path where a session merely EXISTS. A session that exists but cannot reach /company/* is a FAIL of this cell, not a PASS of the fall-through cell.
7. Shape (a) of two: this contact HAS OrganizationMembership rows, so MergeRoles = (organization?.Roles ?? []) union (membership?.Roles ?? []) draws from the membership. Shape (b) — the association-only contact with no membership row — is covered separately.
8. Organization.Roles for BuildRight is EMPTY on this environment and TechFlow's is [purchasing-agent, org-employee]; snapshot both read-only at the moment of use and expect the union to come from the membership role.","front_url={{FRONT_URL}}, back_url={{BACK_URL}}, store_id=@td(MULTI_ORG_TF_BR_ALT.store_id), email=@td(MULTI_ORG_TF_BR_ALT.email), password=@td(MULTI_ORG_TF_BR_ALT.password), user_id=@td(MULTI_ORG_TF_BR_ALT.userId), techflow_membership=@td(MULTI_ORG_TF_BR_ALT.techflow_membership_id), techflow_org=@td(MULTI_ORG_TF_BR_ALT.org_techflow_id), buildright_org=@td(MULTI_ORG_TF_BR_ALT.org_buildright_id)","[SETUP] GET {{BACK_URL}}/api/members/@td(MULTI_ORG_TF_BR_ALT.id) and record the whole contact body as $CONTACT_BASELINE, including currentOrganizationId and defaultOrganizationId
[SETUP] DISCRIMINATION PIN — PUT {{BACK_URL}}/api/contacts with $CONTACT_BASELINE merged so contact.currentOrganizationId = @td(MULTI_ORG_TF_BR_ALT.org_techflow_id), the org this case then blocks — measured live, this fixture's untouched baseline is currentOrganizationId = BuildRight (HEALTHY) with defaultOrganizationId = null, which resolves BuildRight at TIER 1 on the broken build too (expect HTTP 204)
[SETUP] GET {{BACK_URL}}/api/members/@td(MULTI_ORG_TF_BR_ALT.id) again and CONFIRM currentOrganizationId reads @td(MULTI_ORG_TF_BR_ALT.org_techflow_id) — on a mismatch ABORT the case, because this fixture's untouched baseline pins a HEALTHY org and the case would then pass on a broken build
[SETUP] GET {{BACK_URL}}/api/customer/organization-memberships/@td(MULTI_ORG_TF_BR_ALT.techflow_membership_id) and record the whole body as $TF_BASELINE
[SETUP] PUT {{BACK_URL}}/api/customer/organization-memberships/@td(MULTI_ORG_TF_BR_ALT.techflow_membership_id) with $TF_BASELINE merged so the per-org OrganizationMembership.Status (axis iii) = 'Invited', so the PINNED org is now the blocking one and a fall-through to BuildRight is the only way to a usable session
[SETUP] GET the BuildRight organization record and record Organization.Roles read-only as $BR_ORG_ROLES, plus the BuildRight membership roles as $BR_MEMBERSHIP_ROLES
[NAV] {{FRONT_URL}}/sign-in
[ACT] fill 'Email': @td(MULTI_ORG_TF_BR_ALT.email)
[ACT] fill 'Password': @td(MULTI_ORG_TF_BR_ALT.password)
[ACT] click 'Sign in'
[WAIT] navigation settles on a storefront route
[NAV] {{FRONT_URL}}/company/members
[WAIT] the members grid or a permission-scoped message renders
[NAV] {{FRONT_URL}}/company/info
[WAIT] the company information surface renders
[HTTP] read the session access_token from the storefront session and decode it; record the organization_id claim as $ORG_CLAIM and permission[] as $PERMS
[HTTP] POST the endpoint that matches THIS RUNNER'S TOKEN ISSUER — {{FRONT_URL}}/graphql for a BROWSER-SESSION runner (storefront-issued token), {{BACK_URL}}/graphql for a SCRIPT or BEARER runner (backend-issued token, iss = the platform host) — with the SPA's OWN operation GetMe: me { id memberId userName permissions isAdministrator lockedState contact { organizationId organizations { totalCount } } } — and record user.permissions as $PAGE_PERMS plus user.lockedState and user.contact.organizations.totalCount
[HTTP] if a genuinely PAGE-SCOPED field is needed (slugInfo, store, whiteLabelingSettings), use pageContext(storeId: ..., cultureName: {{CULTURE_NAME}}) instead — it REQUIRES at least storeId or it returns a NULL_REFERENCE resolver error inside HTTP 200. NOTE the storefront does NOT call pageContext on this build (its real operations are GetMe and GetPendingOrganizationInvites), so pageContext is not 'the storefront's own operation'
[HTTP] ENDPOINT/ISSUER RULE — each endpoint honours ONLY the token its own side minted, so the projection is valid ONLY when endpoint and token issuer MATCH. A mismatch silently answers as Anonymous with permissions [] and contact null inside HTTP 200 and errors null, fabricating a BUG-A divergence in whichever direction it is hit
[HTTP] POSITIVE CONTROL before ANY token-versus-projection comparison — assert user.userName is NOT 'Anonymous' AND user.contact is NOT null. If the control fails, this endpoint does not honour this token's issuer: the projection is INVALID and MUST NOT be compared against the token claim
[TEARDOWN] PUT {{BACK_URL}}/api/customer/organization-memberships/@td(MULTI_ORG_TF_BR_ALT.techflow_membership_id) restoring $TF_BASELINE verbatim
[TEARDOWN] PUT {{BACK_URL}}/api/contacts restoring $CONTACT_BASELINE currentOrganizationId and defaultOrganizationId, then GET {{BACK_URL}}/api/members/@td(MULTI_ORG_TF_BR_ALT.id) to CONFIRM the pin matches the recorded baseline","[NAV] {{FRONT_URL}}/company/members renders the org-scoped members surface and does not redirect to /403 {SPEC} (VCST-5281 AC3 — a fall-through session must be usable, not merely non-null)
[NAV] {{FRONT_URL}}/company/info renders the company information surface and does not redirect to /403 — a SECOND org-scoped route, so the interlock is not resting on one surface {DOC} (.claude/knowledge/domain/sitemap.md Corporate group lists exactly two org routes, /company/info and /company/members; /company/dashboard does NOT exist and only redirects to /account/dashboard, so the previous assertion was unsatisfiable)
[STATE] $ORG_CLAIM equals @td(MULTI_ORG_TF_BR_ALT.org_buildright_id) and $PERMS is non-empty — the session carries org-scoped permission claims, not merely a non-null organization_id {BL} (BL-B2B-007)
[MATH] $PERMS = the permission set derived from the deduped union $BR_ORG_ROLES union $BR_MEMBERSHIP_ROLES, which on this environment reduces to the org-employee membership role because $BR_ORG_ROLES is empty {BL} (BL-B2B-005 MergeRoles)
[DOM] the GetMe projection field 'user.permissions' is present and $PAGE_PERMS equals $PERMS for the resolved org — pageContext must match the decoded token {BL} (BL-B2B-007)
[STATE] the discrimination premise held: at sign-in contact.currentOrganizationId named @td(MULTI_ORG_TF_BR_ALT.org_techflow_id), the BLOCKED org, so an unfiltered pre-fix resolver would have pinned a blocking org and produced the denied state — this is what makes the PASS attributable to the fix rather than to the fixture's healthy baseline {OBSERVED} (Step-4 gate control token, 2026-08-03: the untouched baseline resolves BuildRight at tier 1 on both builds)","[API] the pageContext response errors[] is empty and user.contact.organizations resolves the fallen-through org (organizations lives on ContactType, so it is reached via user.contact, never directly on the UserType that me returns)
[API] POST {{BACK_URL}}/api/customer/organization-memberships/search with a userId scoping filter shows TechFlow at status Invited during the case and the seeded baseline after teardown
[CONSOLE] no TypeError on the /company/members or /company/info render
[NETWORK] no 403 on /company/members or /company/info
[API] RECONCILED (2026-08-03, both lanes): once GENUINELY authenticated, GetMe on the storefront endpoint and pageContext on the platform endpoint agree EXACTLY — same permissions count, same lockedState, same organizations.totalCount. They never diverge; every apparent divergence traced to an UNAUTHENTICATED fallthrough caused by an endpoint/issuer mismatch, so treat a divergence as a PROBE defect until the positive control is shown to pass","user.userName is 'Anonymous' or user.contact is null while the caller believes it is authenticated — the endpoint does not honour this token's issuer, so the projection is INVALID and MUST NOT be compared against the token claim; a projection compared against a token claim across an ENDPOINT/ISSUER MISMATCH (browser session against {{BACK_URL}}, or script bearer against {{FRONT_URL}}) returns permissions [] and contact null inside HTTP 200 with errors null, fabricating a BUG-A divergence in either direction; A session exists but /company/members or /company/info returns 403; $PERMS empty while $ORG_CLAIM is non-null (the exact false-PASS this cell exists to catch); $PAGE_PERMS diverges from $PERMS; teardown leaves the TechFlow membership blocking; render spinner visible >8s","Restore $TF_BASELINE verbatim so the TechFlow membership returns to its seeded status. Restore contact.currentOrganizationId and contact.defaultOrganizationId from $CONTACT_BASELINE via PUT {{BACK_URL}}/api/contacts (204) and GET {{BACK_URL}}/api/members/@td(MULTI_ORG_TF_BR_ALT.id) to CONFIRM the pin is back to its recorded baseline — it is writable and resettable, so putting it back is this case's own responsibility. Sign out; do NOT write Organization.Roles for either org — a write here silently changes the backend lane's outcome for the same two orgs MANDATORY RESTORE (a test restores its own state — never outsource correctness to a later re-seed): restore OrganizationMembership.Status to its seeded baseline (null) and isLocked to false, then GET {{BACK_URL}}/api/customer/organization-memberships/{id} to CONFIRM the restore landed. A left-behind blocking status poisons every later positive condition with a failure that reads like a product bug. SAFETY NET ONLY, for a run that aborted before its teardown: the seeder's reuse check now compares status too, so npm run seed:b2b:memberships -- --only <token> re-converges a dirty fixture and logs the correction (e.g. [drift: status Rejected->Invited], or [drift: status Invited->null] when the declared cell is blank) — that is a recovery path, never this case's primary mechanism.",VCST-5281 BUG-multiorg-no-self-recovery-when-pinned-org-blocked-VCST-5281; Promoted: VCST-5281 -> 008 (2026-08-04),Reviewed
B2C-MBR-040,Multi-Org Access Interlock — An Association-Only Contact With No Membership Row Collapses Org Permissions to Organization.Roles,B2C Features > Multi-Org Access > Interlock,High,"BL-B2B-005, BL-B2B-007",ECL-14.3,"[PRE:CLEAR_SESSION]
1. Fixture @td(ORG_ASSOC_ONLY_NO_GLOBAL.email) is an Approved contact associated with BOTH TechFlow (@td(ORG_ASSOC_ONLY_NO_GLOBAL.org_techflow_id)) and BuildRight (@td(ORG_ASSOC_ONLY_NO_GLOBAL.org_buildright_id)) through contact.organizations ONLY.
2. BOTH defining properties are LOAD-BEARING — bind any other fixture and the assertions below become unevaluable:
  (a) ZERO OrganizationMembership rows — the D14 association-only shape, so the BL-B2B-007 union has no membership term to draw on;
  (b) EMPTY global ApplicationUser.Roles — this zeroes the union's THIRD term, which is the only thing that makes the org-level term measurable.
  THE TRAP THAT COST THIS CELL A CYCLE: {{MULTI_ORG_USER_EMAIL}} satisfies (a) but NOT (b) — its global org-maintainer role yields an INVARIANT 11 permissions across every org claim, masking the org-level term completely. Do not substitute it, and do not substitute a membership-backed fixture.
3. With no membership row and no global role, the BL-B2B-007 union collapses to the ORGANIZATION's own roles, so Organization.Roles is the single deciding variable.
4. Organization.Roles is READ-ONLY and must be snapshotted at the moment of use. On this environment TechFlow = [purchasing-agent, org-employee] and BuildRight = EMPTY.
5. Per DV-022 this fixture must NOT be used for any per-org membership mutation (lock, unlock, role change) — there is no membership row to act on.
6. Build under test: VirtoCommerce.Customer 3.1021.0-pr-312-2605 or later (the build that introduces OrganizationAccessResolver and makes OrganizationIdClaimProvider delegate to it).
7. MEASURED BASELINE (live, 2026-08-03, seeding lane — expected values, not guesses): TechFlow-scoped token = 2 permission claims (storefront:organization:view and storefront:user:view); BuildRight-scoped token = 0 permissions, with the permission claim ABSENT from the JWT rather than present-and-empty; unscoped token = 0, confirming the global term is genuinely zero.
8. This cell no longer shares a fixture with B2C-MBR-041, so the two have no ordering relationship: B2C-MBR-041 keeps {{MULTI_ORG_USER_EMAIL}} for its Contact.Status walk while this cell owns @td(ORG_ASSOC_ONLY_NO_GLOBAL.email) exclusively.","front_url={{FRONT_URL}}, back_url={{BACK_URL}}, store_id=@td(ORG_ASSOC_ONLY_NO_GLOBAL.store_id), email=@td(ORG_ASSOC_ONLY_NO_GLOBAL.email), password=@td(ORG_ASSOC_ONLY_NO_GLOBAL.password), user_id=@td(ORG_ASSOC_ONLY_NO_GLOBAL.userId), contact_id=@td(ORG_ASSOC_ONLY_NO_GLOBAL.contactId), techflow_org=@td(ORG_ASSOC_ONLY_NO_GLOBAL.org_techflow_id), buildright_org=@td(ORG_ASSOC_ONLY_NO_GLOBAL.org_buildright_id)","[SETUP] GET {{BACK_URL}}/api/members/@td(ORG_ASSOC_ONLY_NO_GLOBAL.contactId) and record contact.organizations plus contact.status
[SETUP] for each org in that list, GET the organization record and record Organization.Roles read-only as $ORG_ROLES_SNAPSHOT
[SETUP] GET {{BACK_URL}}/api/platform/security/users/@td(ORG_ASSOC_ONLY_NO_GLOBAL.userId) and record its GLOBAL roles[] read-only as $GLOBAL_ROLES — the third term of the BL-B2B-007 union, expected EMPTY and held constant across every probe below
[AUTH] POST {{BACK_URL}}/connect/token grant_type=password username=@td(ORG_ASSOC_ONLY_NO_GLOBAL.email) password=@td(ORG_ASSOC_ONLY_NO_GLOBAL.password) storeId=@td(ORG_ASSOC_ONLY_NO_GLOBAL.store_id) with NO organization_id
[HTTP] decode the access_token and record the organization_id claim as $ORG_CLAIM plus its permission claim as $PERMS, noting whether the claim is ABSENT or present
[AUTH] POST {{BACK_URL}}/connect/token grant_type=password username=@td(ORG_ASSOC_ONLY_NO_GLOBAL.email) password=@td(ORG_ASSOC_ONLY_NO_GLOBAL.password) storeId=@td(ORG_ASSOC_ONLY_NO_GLOBAL.store_id) organization_id=@td(ORG_ASSOC_ONLY_NO_GLOBAL.org_techflow_id) and record the permission claim as $PERMS_TECHFLOW — TechFlow carries NON-EMPTY Organization.Roles
[AUTH] POST {{BACK_URL}}/connect/token grant_type=password username=@td(ORG_ASSOC_ONLY_NO_GLOBAL.email) password=@td(ORG_ASSOC_ONLY_NO_GLOBAL.password) storeId=@td(ORG_ASSOC_ONLY_NO_GLOBAL.store_id) organization_id=@td(ORG_ASSOC_ONLY_NO_GLOBAL.org_buildright_id) and record the permission claim as $PERMS_BUILDRIGHT, recording explicitly whether the claim is ABSENT or present-and-empty — BuildRight carries an EMPTY Organization.Roles
[HTTP] POST the endpoint that matches THIS RUNNER'S TOKEN ISSUER — {{FRONT_URL}}/graphql for a BROWSER-SESSION runner (storefront-issued token), {{BACK_URL}}/graphql for a SCRIPT or BEARER runner (backend-issued token, iss = the platform host) — with the SPA's OWN operation GetMe: me { id memberId userName permissions isAdministrator lockedState contact { organizationId organizations { totalCount } } } — and record user.permissions as $PC_PERMS plus user.contact.organizations.totalCount as $PC_ORG_COUNT
[HTTP] if a genuinely PAGE-SCOPED field is needed (slugInfo, store, whiteLabelingSettings), use pageContext(storeId: ..., cultureName: {{CULTURE_NAME}}) instead — it REQUIRES at least storeId or it returns a NULL_REFERENCE resolver error inside HTTP 200. NOTE the storefront does NOT call pageContext on this build (its real operations are GetMe and GetPendingOrganizationInvites), so pageContext is not 'the storefront's own operation'
[HTTP] ENDPOINT/ISSUER RULE — each endpoint honours ONLY the token its own side minted, so the projection is valid ONLY when endpoint and token issuer MATCH. A mismatch silently answers as Anonymous with permissions [] and contact null inside HTTP 200 and errors null, fabricating a BUG-A divergence in whichever direction it is hit
[HTTP] POSITIVE CONTROL before ANY token-versus-projection comparison — assert user.userName is NOT 'Anonymous' AND user.contact is NOT null. If the control fails, this endpoint does not honour this token's issuer: the projection is INVALID and MUST NOT be compared against the token claim
[HTTP] POST the endpoint that matches THIS RUNNER'S TOKEN ISSUER — {{FRONT_URL}}/graphql for a BROWSER-SESSION runner (storefront-issued token), {{BACK_URL}}/graphql for a SCRIPT or BEARER runner (backend-issued token, iss = the platform host) with the storefront's own GetPendingOrganizationInvites shape — me { contact { organizations(statuses: [""Invited""]) { items { id name myStatusInOrganization } totalCount } } } — and record each org's myStatusInOrganization as $EFFECTIVE_STATUS. The EXPLICIT statuses filter is required to surface blocked orgs at all (see the FILTER SEMANTICS note in Cross_Layer_Checks). This is the SERVER-COMPUTED effective status, ResolveEffectiveStatus(membership.Status, contact.Status), so it corroborates directly what the token refusal codes only imply
[HTTP] note that me { contact { organizations } } is VALID (organizations lives on ContactType); only me { organizations } is the schema error
[NAV] {{FRONT_URL}}/sign-in
[ACT] fill 'Email': @td(ORG_ASSOC_ONLY_NO_GLOBAL.email)
[ACT] fill 'Password': @td(ORG_ASSOC_ONLY_NO_GLOBAL.password)
[ACT] click 'Sign in'
[WAIT] navigation settles on a storefront route
[NAV] {{FRONT_URL}}/company/members
[WAIT] the members grid or a permission-scoped message renders","[STATE] the grant is not refused and $ORG_CLAIM names one of the orgs in contact.organizations {SPEC} (VCST-5281 AC3 — an Approved association-only contact still resolves an org)
[MATH] $PERMS = the permission set derived from the deduped THREE-term union BL-B2B-007 mandates — (org-level Organization.Roles for the org named by $ORG_CLAIM, from $ORG_ROLES_SNAPSHOT) union (that org's OrganizationMembership.Roles, EMPTY for this association-only contact) union ($GLOBAL_ROLES, EMPTY for this fixture) — so on this fixture the ORG-LEVEL term is the only surviving contributor {BL} (BL-B2B-007 — the union is org-level, membership and global)
[MATH] count($PERMS_TECHFLOW) = 2 — the DEDUPED union of TechFlow's two org-level roles, NOT one permission per role: purchasing-agent and org-employee each grant exactly storefront:organization:view and storefront:user:view, so two roles contribute two DISTINCT permissions, never four {DOC} (test-data/b2b/roles.csv — both role rows carry an identical permissions list)
[STATE] $PERMS_BUILDRIGHT is ZERO permissions, satisfied EITHER by the permission claim being ABSENT from the JWT or by it being present-and-empty; the observed shape is ABSENT, so an assertion demanding an empty array would FAIL on correct behaviour {OBSERVED} (live measurement 2026-08-03, seeding lane: the BuildRight-scoped token omits the permission claim entirely)
[MATH] the org-level term is observable as an ORDERING, not a fixed delta: count($PERMS_TECHFLOW) > count($PERMS_BUILDRIGHT) AND count($PERMS_BUILDRIGHT) = 0 — measured 2 versus 0 with the global term at zero {OBSERVED} (live measurement 2026-08-03, seeding lane; supersedes the earlier 11-to-12 figure, which was a different account's global-role baseline and never applied to this fixture)
[STATE] REGRESSION GUARD — on this fixture (zero membership rows, zero global roles), if count($PERMS_TECHFLOW) is NOT strictly greater than count($PERMS_BUILDRIGHT), OR $PERMS_BUILDRIGHT is non-zero, then the org-level Organization.Roles term has stopped contributing to the org-scoped JWT: RAISE it as a BL-B2B-007 / VCST-5239 regression and do NOT dismiss it as fixture noise. The counts DID differ on this build (2 versus 0), so the term is flowing and there is no regression to report here {OBSERVED} (live measurement 2026-08-03, seeding lane)
[NAV] {{FRONT_URL}}/company/members either renders the org surface or returns a permission-scoped denial consistent with $ORG_ROLES_SNAPSHOT for the resolved org — an EMPTY Organization.Roles yielding zero org permissions is the environment baseline, not a product defect {OBSERVED} (BuildRight Organization.Roles captured empty read-only on this environment 2026-08-03)
[BODY] token/projection parity by CARDINALITY, not by shape: count(decoded token permission claim) = count(the GetMe projection's user.permissions) for the same resolved org, treating an ABSENT token claim as zero — the storefront normalizes an absent claim to [], so the two legitimately differ in SHAPE while agreeing in COUNT, and that is CORRECT behaviour, not a divergence {OBSERVED} (2026-08-03 on @td(ORG_ASSOC_ONLY_NO_GLOBAL.email): token permission claim ABSENT while the GetMe projection's user.permissions = [], both zero)
[BODY] only a COUNT mismatch is a defect — notably a non-empty token permission claim beside an empty or absent projection, which is the VCST-5028 BUG-A divergence (correct org-scoped JWT, projection returned empty, maintainer actions hidden) {BL} (BL-B2B-005 names the GetMe projection's user.permissions as the data path permission-gated features read; BL-B2B-007 requires it to equal the active-org JWT)
[STATE] signing in creates NO OrganizationMembership row for this contact — the association-only shape survives the session {BL} (BL-B2B-009)
[DOM] the top header shows an organization name and the account-menu popup is present {OBSERVED} (this fixture's password grant and both org-scoped grants all returned HTTP 200 on the 2026-08-03 seeding-lane verification, 11 of 11 checks)
[BODY] CORROBORATING RECORD (not a pass or fail): $EFFECTIVE_STATUS per org from myStatusInOrganization agrees with the status this case set through the membership API, confirming ResolveEffectiveStatus resolved the intended value server-side {OBSERVED} (2026-08-03: myStatusInOrganization returns the effective per-org status, membership.Status falling back to contact.Status)","[API] POST {{BACK_URL}}/api/customer/organization-memberships/search with a userId scoping filter for @td(ORG_ASSOC_ONLY_NO_GLOBAL.userId) returns ZERO rows before and after the case — the association-only shape is the premise of every assertion above
[API] GET {{BACK_URL}}/api/platform/security/users/@td(ORG_ASSOC_ONLY_NO_GLOBAL.userId) shows global roles[] EMPTY at the end of the case, confirming the third union term stayed at zero throughout
[API] the pageContext response errors[] is empty and user.contact.organizations.totalCount matches the recorded contact.organizations count (2 for this fixture) — organizations lives on ContactType, so it is reached via user.contact, never directly on the UserType that me returns
[CONSOLE] no TypeError on the /company/members render
[NETWORK] record the /company/members status verbatim rather than treating a permission-scoped 403 as an automatic failure
[API] PREFERRED PER-ORG ORACLE for any future status case: me { contact { organizations { items { myStatusInOrganization } } } } returns the server-computed effective status per org, which is strictly better than inferring it from a token refusal code — record $EFFECTIVE_STATUS alongside the code rather than in place of it
[API] RECONCILED (2026-08-03, both lanes): once GENUINELY authenticated, GetMe on the storefront endpoint and pageContext on the platform endpoint agree EXACTLY — same permissions count, same lockedState, same organizations.totalCount. They never diverge; every apparent divergence traced to an UNAUTHENTICATED fallthrough caused by an endpoint/issuer mismatch, so treat a divergence as a PROBE defect until the positive control is shown to pass","user.userName is 'Anonymous' or user.contact is null while the caller believes it is authenticated — the endpoint does not honour this token's issuer, so the projection is INVALID and MUST NOT be compared against the token claim; a projection compared against a token claim across an ENDPOINT/ISSUER MISMATCH (browser session against {{BACK_URL}}, or script bearer against {{FRONT_URL}}) returns permissions [] and contact null inside HTTP 200 with errors null, fabricating a BUG-A divergence in either direction; The bound fixture carries a non-empty global roles[] or any OrganizationMembership row — the org-level term is then masked and every count assertion is unevaluable, so ABORT rather than report a number; The grant is refused for an Approved association-only contact; count($PERMS_TECHFLOW) is 4 rather than 2 (the deduped union was miscounted as one permission per role); an assertion demands permission:[] for BuildRight and fails on the correct ABSENT-claim shape; $PERMS contains a permission not derivable from $ORG_ROLES_SNAPSHOT (cross-org leak); a membership row appears after sign-in; Organization.Roles differs from the snapshot at the end of the case (another lane wrote it); render spinner visible >8s","Sign out; discard all three tokens; write nothing — this cell is READ-ONLY apart from the session itself. Organization.Roles must be left exactly as snapshotted, and the fixture's two defining properties (zero membership rows, empty global roles) must be intact at exit: re-read both and confirm, because a stray membership row or global role silently disarms this cell's regression guard for every later run.",VCST-5281 VCST-5496; Promoted: VCST-5281 -> 008 (2026-08-04),Reviewed
B2C-MBR-041,Multi-Org Access — A Global Blocking Contact Status With No Membership Row Is Denied Every Org Grant,B2C Features > Multi-Org Access > Blocking Status,Critical,"BL-AUTH-013, BL-B2B-009","ECL-14.3, ECL-10.2","[PRE:CLEAR_SESSION]
1. Fixture {{MULTI_ORG_USER_EMAIL}} is an Approved contact with MANY contact.organizations associations and ZERO OrganizationMembership rows — the shape where no per-org override can rescue a blocking global status (the documented 104-account at-risk class).
2. Staging is performed by editing the INDIVIDUAL contact record only (GET the contact, merge status, PUT it back). The store-level defaults Customer.ContactDefaultStatus and Customer.OrganizationDefaultStatus must NOT be moved — a store default would change every other fixture's baseline on this environment.
3. Organization.Roles, organization status, and the OrganizationRolesWhitelist / MembershipRolesWhitelist module settings are READ-ONLY.
4. This cell writes a blocking status onto a widely shared fixture, so it must be scheduled so that no other case is mid-flight on {{MULTI_ORG_USER_EMAIL}}, and it must restore the contact before handing the fixture on.
4. Build under test: VirtoCommerce.Customer 3.1021.0-pr-312-2605 or later (the build that introduces OrganizationAccessResolver and makes OrganizationIdClaimProvider delegate to it).","back_url={{BACK_URL}}, front_url={{FRONT_URL}}, store_id={{STORE_ID}}, email={{MULTI_ORG_USER_EMAIL}}, password={{MULTI_ORG_USER_PASSWORD}}","[SETUP] GET {{BACK_URL}}/api/members for the contact behind {{MULTI_ORG_USER_EMAIL}} and record the whole contact body as $CONTACT_BASELINE, including its original status and organizations array
[SETUP] PUT {{BACK_URL}}/api/contacts with $CONTACT_BASELINE merged so the GLOBAL Contact.Status (axis ii) = 'Rejected' — written on the individual member/contact record, never the security account and never a store-level default
[AUTH] POST {{BACK_URL}}/connect/token grant_type=password username={{MULTI_ORG_USER_EMAIL}} password={{MULTI_ORG_USER_PASSWORD}} storeId={{STORE_ID}} organization_id set to the first org in the recorded organizations array; record the response body as $EXPLICIT_1
[AUTH] POST {{BACK_URL}}/connect/token grant_type=password username={{MULTI_ORG_USER_EMAIL}} password={{MULTI_ORG_USER_PASSWORD}} storeId={{STORE_ID}} organization_id set to a DIFFERENT org from that array; record the response body as $EXPLICIT_2
[HTTP] POST {{BACK_URL}}/api/customer/organization-memberships/search with a userId scoping filter and record the row count
[TEARDOWN] PUT {{BACK_URL}}/api/contacts restoring $CONTACT_BASELINE verbatim, then GET the same contact via {{BACK_URL}}/api/members to confirm Contact.Status is back to the recorded original","[STATUS] $EXPLICIT_1 is HTTP 400 with error = 'invalid_grant' — a blocking global contact status denies org access when no membership override exists {SPEC} (vc-module-customer#312 ResolveEffectiveStatus falls back to contact.Status when membership.Status is Approved at the seeded baseline; Rejected is in BlockingStatuses)
[STATUS] $EXPLICIT_2 is also HTTP 400 — the denial spans EVERY associated org, not just one {SPEC} (VCST-5281 AC4 — the pre-existing-contact breaking change)
[BODY] the returned code is the org-scoped rejected-class code recorded verbatim, and is NOT a global lockout code {BL} (BL-AUTH-013)
[BODY] the membership search returns ZERO rows, confirming no per-org override path exists for this contact shape {SPEC} (VCST-5281 AC4 — 104 of the 105 at-risk accounts have no membership row, so the override remedy is unavailable)
[BODY] after teardown, the contact's status matches the recorded original and a fresh grant for the same org returns HTTP 200 {BL} (BL-AUTH-012 — the block was status-driven, not a global lockout)","[ADMIN] the contact blade shows the global status Rejected while the setup is active and the recorded original after teardown
[API] GET {{BACK_URL}}/api/platform/security/users for this contact shows the global locked flag false throughout — a blocking status is not a lockout
[NETWORK] no 5xx on /connect/token, /api/members, or /api/contacts","A grant returns HTTP 200 while the global status is blocking and no override exists; the two org probes disagree (one denied, one allowed) with no membership row to explain it; PUT /api/contacts drops other contact fields during the merge; the teardown GET shows a status other than the recorded original; grant latency >5s","Restore $CONTACT_BASELINE verbatim and re-read the contact to confirm its original status — leaving this widely shared fixture blocked would break unrelated suites; discard all tokens; never move Customer.ContactDefaultStatus or Customer.OrganizationDefaultStatus MANDATORY RESTORE (contact axis): no seeder manages Contact.Status at all, so a left-behind blocking Contact.Status is never healed automatically — PUT the recorded baseline back and GET the contact to CONFIRM the original value landed before the fixture is handed on.",VCST-5281 VCST-5496; Promoted: VCST-5281 -> 008 (2026-08-04),Reviewed
