"ID","Title","Section","Priority","Business_Rule","Edge_Case_Refs","Preconditions","Test_Data","Steps","Assertions","Cross_Layer_Checks","Failure_Signals","Cleanup","References","Automation_Status"
"ORGROLE-001","Organization roles whitelist filters the org-level 'Change roles' select2 picker (CONFIRMED WORKING -- verify via removal, not addition)","Org Roles > Organization Whitelist > Dropdown Filter","High","BL-B2B-011","","Admin logged into {{BACK_URL}}. VCST-5239 (customer#304) ships Customer|Roles settings Customer.OrganizationRolesWhitelist / Customer.MembershipRolesWhitelist (ValueType=ShortText, IsDictionary=true; whitelist content lives in allowedValues, NOT value). Whitelist entries are SELECTED from the live platform roles list (GET /api/platform/security/roles/search) -- never free-text dictionary entry. VERIFIED LIVE (2026-07-09, live re-verification corrected a stale earlier read): the org-level 'Change roles' role picker DOES filter by the Organization whitelist. Picker options = (assignable roles INTERSECT whitelist) MINUS roles already assigned to that org -- so testing by ADDING a whitelisted role to an org with none yet assigned looks unfiltered (nothing to subtract) and is further confounded by the VCST-5441 clear-persist bug (ORGROLE-005). The CORRECT falsification is to REMOVE a role that is CURRENTLY VISIBLE in the picker from the whitelist and confirm it disappears. The picker is a select2 control -- open and read it via CDP (Chrome DevTools MCP); a synthetic click that never dispatches a real pointer event into the select2 search area will fail to open the dropdown and produce a false 'unfiltered/all roles' read (this is what produced the earlier incorrect DRAFT/FAIL status on this case). Settings changes require a cache-reset + full page reload (ignoreCache navigation, not an in-SPA route change) before the picker reflects them. A throwaway AGENT-TEST organization is created in Steps so the shared TechFlow/BuildRight fixtures are never touched.","back_url={{BACK_URL}}; org_whitelist_initial=Organization employee,Organization maintainer; org_whitelist_after_removal=Organization employee","[AUTH role=ADMIN_DEFAULT]
[REST-OP set_org_whitelist]
POST {{BACK_URL}}/api/platform/settings
Content-Type: application/json
Body: [{""name"": ""Customer.OrganizationRolesWhitelist"", ""value"": null, ""allowedValues"": [""Organization employee"", ""Organization maintainer""], ""isDictionary"": true}]
[REST-EXEC set_org_whitelist]
[GQL-OP create_org]
mutation CreateOrganization($input: InputCreateOrganizationType!) {
  createOrganization(command: $input) { id name }
}
[GQL-VARS create_org] {""input"": {""name"": ""AGENT-TEST-OrgRole-001-{{TIMESTAMP}}""}}
[GQL-EXEC create_org]
[GQL-CAPTURE create_org.data.createOrganization.id → ORG_ID]
[NAV] Navigate to {{BACK_URL}} Customer module > Contacts using Chrome DevTools MCP (CDP) -- do not use a synthetic-click-only browser session for this case
[NAV] Full page reload with cache disabled/ignored (cache-reset) so the SPA re-reads the whitelist setting just written
[ACT] Locate the AGENT-TEST-OrgRole-001 organization row in the grid and select its row checkbox
[ACT] Click the 'Change roles' toolbar button
[WAIT] Change roles blade opens showing the Roles select2 picker
[ACT] Via CDP, click into the select2 picker's search area to open its dropdown (confirm the dropdown actually rendered before proceeding)
[ASSERT] Read the full set of role options rendered in the open dropdown -- record as BASELINE_OPTIONS
[AUTH role=ADMIN_DEFAULT]
[REST-OP remove_from_whitelist]
POST {{BACK_URL}}/api/platform/settings
Content-Type: application/json
Body: [{""name"": ""Customer.OrganizationRolesWhitelist"", ""value"": null, ""allowedValues"": [""Organization employee""], ""isDictionary"": true}]
[REST-EXEC remove_from_whitelist]
[NAV] Full page reload with cache disabled/ignored again so the picker's cached role list is invalidated
[ACT] Reopen the 'Change roles' select2 picker for the same AGENT-TEST-OrgRole-001 organization row via CDP
[ASSERT] Read the dropdown options again -- record as AFTER_REMOVAL_OPTIONS","[ERRORS label=create_org] errors[] empty
[BLADE] BASELINE_OPTIONS == {Organization employee, Organization maintainer} -- exactly the whitelist, nothing more
[BLADE] AFTER_REMOVAL_OPTIONS == {Organization employee} only -- 'Organization maintainer' (just removed from the whitelist) is now ABSENT
[STATE] The removal is reflected only after the cache-reset + full reload, not from an in-SPA navigation alone","[API] GET {{BACK_URL}}/api/platform/settings/Customer.OrganizationRolesWhitelist -- allowedValues matches the whitelist body just POSTed at each stage (BASELINE then AFTER_REMOVAL), confirming the picker tracks the live setting","AFTER_REMOVAL_OPTIONS still contains 'Organization maintainer' after a genuine cache-reset+reload (stale-cache or filter-not-honored regression); BASELINE_OPTIONS contains a role outside the whitelist (filter genuinely broken); testing by ADDITION ALONE and seeing many roles is NOT valid evidence of a broken filter -- it is confounded by the picker's own (assignable ∩ whitelist) minus already-assigned subtraction and by the VCST-5441 clear-persist bug; a synthetic click that fails to actually open the select2 dropdown will also misleadingly read as 'unfiltered' -- always confirm the dropdown rendered before reading its options","[AUTH role=ADMIN_DEFAULT]
[REST DELETE /api/members?ids={{ORG_ID}}]","VCST-5239; customer#304; Story EPIC-5239-01 AC-1","Semi-Automated"
"ORGROLE-002","Organization whitelist restricted to a single role -- picker shows exactly one option, no allow-all fallback (CONFIRMED WORKING -- verify via removal)","Org Roles > Organization Whitelist > Boundary","Medium","BL-B2B-011","","Admin logged into {{BACK_URL}}. Same confirmed-working mechanism as ORGROLE-001 (Story EPIC-5239-01 AC-4) -- boundary case exercised via the same removal-based method (start with 2 whitelisted roles neither yet assigned to the org, remove one, cache-reset + full reload, reopen the select2 picker via CDP). Throwaway AGENT-TEST organization created in Steps.","back_url={{BACK_URL}}; org_whitelist_initial=Organization maintainer,Organization employee; org_whitelist_after_removal=Organization maintainer","[AUTH role=ADMIN_DEFAULT]
[REST-OP set_org_whitelist_two]
POST {{BACK_URL}}/api/platform/settings
Content-Type: application/json
Body: [{""name"": ""Customer.OrganizationRolesWhitelist"", ""value"": null, ""allowedValues"": [""Organization maintainer"", ""Organization employee""], ""isDictionary"": true}]
[REST-EXEC set_org_whitelist_two]
[GQL-OP create_org]
mutation CreateOrganization($input: InputCreateOrganizationType!) {
  createOrganization(command: $input) { id name }
}
[GQL-VARS create_org] {""input"": {""name"": ""AGENT-TEST-OrgRole-002-{{TIMESTAMP}}""}}
[GQL-EXEC create_org]
[GQL-CAPTURE create_org.data.createOrganization.id → ORG_ID]
[NAV] Navigate to {{BACK_URL}} Customer module > Contacts via CDP; full page reload with cache disabled/ignored
[ACT] Locate the AGENT-TEST-OrgRole-002 organization row and select its row checkbox
[ACT] Click the 'Change roles' toolbar button
[ACT] Via CDP, click into the select2 picker's search area to open its dropdown
[ASSERT] Count the role options rendered -- record as BASELINE_COUNT
[AUTH role=ADMIN_DEFAULT]
[REST-OP narrow_whitelist_to_one]
POST {{BACK_URL}}/api/platform/settings
Content-Type: application/json
Body: [{""name"": ""Customer.OrganizationRolesWhitelist"", ""value"": null, ""allowedValues"": [""Organization maintainer""], ""isDictionary"": true}]
[REST-EXEC narrow_whitelist_to_one]
[NAV] Full page reload with cache disabled/ignored
[ACT] Reopen the 'Change roles' select2 picker for the same org via CDP
[ASSERT] Count and read the role options again -- record as AFTER_NARROW_OPTIONS","[ERRORS label=create_org] errors[] empty
[COUNT] BASELINE_COUNT = 2
[BLADE] AFTER_NARROW_OPTIONS shows EXACTLY ONE option: 'Organization employee' is now absent, only 'Organization maintainer' remains
[STATE] No implicit 'none'/wildcard entry is present that would silently allow assigning any role","[API] GET {{BACK_URL}}/api/platform/settings/Customer.OrganizationRolesWhitelist -- allowedValues == [""Organization maintainer""] (length 1) after the narrowing POST","AFTER_NARROW_OPTIONS still shows 2 options post cache-reset+reload (single-role boundary not honored); AFTER_NARROW_OPTIONS shows zero options (over-restriction, distinct from the empty-whitelist case in ORGROLE-003)","[AUTH role=ADMIN_DEFAULT]
[REST DELETE /api/members?ids={{ORG_ID}}]","VCST-5239; customer#304; Story EPIC-5239-01 AC-4","Semi-Automated"
"ORGROLE-003","Organization whitelist EMPTY = no restriction -- picker shows ALL platform roles (by design, source-grounded)","Org Roles > Organization Whitelist > Adversarial","High","BL-B2B-011","","Admin logged into {{BACK_URL}}. EXPECTATION CORRECTED 2026-07-15 (was: empty whitelist must lock out to zero options -- that assumption came from ba-report-2026-07-09.md Open Question #2 and was NEVER source-verified). SOURCE OF TRUTH: vc-module-customer Scripts/services/rolesPickerService.js applies the whitelist filter ONLY inside `if (whitelist.length) { ...filter... }` -- when the whitelist is EMPTY the filter block is skipped and the full roles list is returned. So an empty Organization whitelist means NO RESTRICTION -> the org-level 'Roles' picker (organization-detail.js, whitelistSettingId 'Customer.OrganizationRolesWhitelist') offers ALL platform roles. This is BY DESIGN, not a fallback bug. Confirmed live 2026-07-15 during VCST-5441 verification (Platform 3.1044.0-pr-3076-3479): empty whitelist -> all ~42 roles; a 2-entry whitelist -> picker narrows to exactly those (ORGROLE-001/002). ORGROLE-001/002 already prove the filter IS active when the whitelist is non-empty, so this case only pins the empty = no-restriction direction as a regression guard. Use CDP (not a synthetic click) to open the select2 picker, and a cache-reset + full page reload after writing the empty whitelist, per the interaction-method correction in ORGROLE-001. Throwaway AGENT-TEST organization created in Steps. SCOPE NOTE (BL-B2B-011, amended 2026-09-19): this case exercises the GLOBAL tenant scope only, via the legacy v1 `/api/platform/settings` surface where the selected whitelist set is read/written through `allowedValues` -- on that surface empty-whitelist-means-all-roles is fully determined, not a coincidence of environment state. It does NOT generalize to STORE tenant scope: at STORE scope an empty override is skipped and the picker falls through to whatever the GLOBAL whitelist currently holds -- a second hop that only reads as 'all roles' because GLOBAL happens to be empty here (see ORGROLE-020, which reads the GLOBAL value live rather than assuming it).","back_url={{BACK_URL}}","[AUTH role=ADMIN_DEFAULT]
[REST-OP clear_org_whitelist]
POST {{BACK_URL}}/api/platform/settings
Content-Type: application/json
Body: [{""name"": ""Customer.OrganizationRolesWhitelist"", ""value"": null, ""allowedValues"": [], ""isDictionary"": true}]
[REST-EXEC clear_org_whitelist]
[GQL-OP create_org]
mutation CreateOrganization($input: InputCreateOrganizationType!) {
  createOrganization(command: $input) { id name }
}
[GQL-VARS create_org] {""input"": {""name"": ""AGENT-TEST-OrgRole-003-{{TIMESTAMP}}""}}
[GQL-EXEC create_org]
[GQL-CAPTURE create_org.data.createOrganization.id → ORG_ID]
[NAV] Navigate to {{BACK_URL}} Customer module > Contacts via CDP; full page reload with cache disabled/ignored so the empty whitelist is definitely current
[ACT] Locate the AGENT-TEST-OrgRole-003 organization row and select its row checkbox
[ACT] Click the 'Change roles' toolbar button
[ACT] Via CDP, click into the select2 picker's search area to attempt to open its dropdown
[ASSERT] Read the full set of role options rendered in the open dropdown","[ERRORS label=create_org] errors[] empty
[BLADE] Selector shows ALL platform roles (empty whitelist = no filter applied) -- matches rolesPickerService's `if (whitelist.length)` gate skipping the filter when the list is empty
[STATE] Selector does NOT lock out / show zero options when the whitelist is empty; empty = no restriction, by design (ORGROLE-001/002 prove the filter IS applied once the whitelist is non-empty)","[API] GET {{BACK_URL}}/api/platform/settings/Customer.OrganizationRolesWhitelist -- allowedValues == [] (length 0), confirms the empty state the picker reflects as no-restriction","Picker shows ZERO options / a 'configure the whitelist' lock-out message with an EMPTY whitelist (would be a REGRESSION -- contradicts the shipped rolesPickerService.js design where empty = no filter = all roles); a NON-EMPTY whitelist fails to narrow the picker to its entries (filter genuinely broken -- verify by removal per ORGROLE-001); do not conflate a synthetic-click failure to open the dropdown with a genuine result -- confirm the dropdown container actually rendered","[AUTH role=ADMIN_DEFAULT]
[REST DELETE /api/members?ids={{ORG_ID}}]","VCST-5239; customer#304; Story EPIC-5239-01 AC-3 (expectation CORRECTED 2026-07-15 vs vc-module-customer Scripts/services/rolesPickerService.js + VCST-5441 live verification)","Semi-Automated"
"ORGROLE-004","Organization and Membership whitelists each persist a role subset SELECTED from the roles list, after reload and independently of each other","Org Roles > Whitelist Persistence > Round Trip","High","BL-B2B-005","","Admin logged into {{BACK_URL}}. CONFIRMED LIVE (ba-report-2026-07-09.md PP1): both whitelists already save and round-trip correctly in the ADD direction -- only the clear-to-empty direction is broken (see ORGROLE-005 / VCST-5441). Each whitelist entry is added by SELECTING a real role from the roles list (a role picker sourced live from GET /api/platform/security/roles/search) inside the Settings blade -- never by typing an arbitrary free-text dictionary string. This case exercises that UI selection flow directly (not a REST bypass) so the real add-mechanism is what's under test; use CDP for the select2 interaction and a cache-reset + full page reload before the persistence check, per the interaction-method correction in ORGROLE-001.","back_url={{BACK_URL}}; org_subset=Organization employee,Organization maintainer; membership_subset=Purchasing agent","[AUTH role=ADMIN_DEFAULT]
[NAV] Navigate to {{BACK_URL}} > Settings > Customer module > Roles via CDP
[BLADE] Roles settings blade opens showing the 'Organization roles whitelist' and 'Membership roles whitelist' role-picker fields
[ACT] Open 'Organization roles whitelist'; via CDP, select role 'Organization employee' from the roles list, then select role 'Organization maintainer' from the roles list (both chosen from the live platform roles list, not typed)
[ACT] Open 'Membership roles whitelist'; via CDP, select role 'Purchasing agent' from the roles list
[ACT] Click Save
[WAIT] Save completes; success toast shown
[NAV] Full page reload with cache disabled/ignored (cache-reset)
[ACT] Reopen both whitelist editors and read their contents","[BLADE] 'Organization roles whitelist' shows exactly {Organization employee, Organization maintainer} after reload
[BLADE] 'Membership roles whitelist' shows exactly {Purchasing agent} after reload -- unaffected by the Organization whitelist's value","[API] GET .../settings/Customer.OrganizationRolesWhitelist -- allowedValues == [""Organization employee"",""Organization maintainer""]
[API] GET .../settings/Customer.MembershipRolesWhitelist -- allowedValues == [""Purchasing agent""]","Either field resets to empty after reload (general persistence regression, distinct from the clear-specific VCST-5441 bug); one whitelist's values leak into the other field (cross-contamination between the two independent settings); the roles-list picker offers free-text entry instead of a constrained selection from real platform roles; NOTE: since VCST-5441 was fixed (2026-07-15, see ORGROLE-005) this case's Cleanup (resetting both whitelists to empty via REST) now genuinely persists -- the whitelists are left empty, no longer the former no-op","[AUTH role=ADMIN_DEFAULT]
[REST-OP clear_org_wl2] POST {{BACK_URL}}/api/platform/settings
Content-Type: application/json
Body: [{""name"": ""Customer.OrganizationRolesWhitelist"", ""value"": null, ""allowedValues"": [], ""isDictionary"": true}]
[REST-EXEC clear_org_wl2]
[REST-OP clear_membership_wl2] POST {{BACK_URL}}/api/platform/settings
Content-Type: application/json
Body: [{""name"": ""Customer.MembershipRolesWhitelist"", ""value"": null, ""allowedValues"": [], ""isDictionary"": true}]
[REST-EXEC clear_membership_wl2]","VCST-5239; customer#304; Story EPIC-5239-01 DoD (both whitelists tested independently)","Semi-Automated"
"ORGROLE-005","Clearing either Roles whitelist to empty must persist after reload (VCST-5441 regression guard)","Org Roles > Whitelist Persistence > Clear-to-Empty","Critical","BL-B2B-005","","Admin logged into {{BACK_URL}}. VCST-5441 FIXED and verified 2026-07-15 (Platform 3.1044.0-pr-3076-3479, vc-platform PR #3076 -- SettingsManager.SaveObjectSettingsAsync now treats a non-null empty allowedValues as a value for dictionary settings). Formerly: deleting all entries from either Customer|Roles whitelist and Saving reported 204 but the removed entries REAPPEARED after reload. This case is the regression guard and now PASSES (verified at both REST -- POST allowedValues:[] -> 204 -> GET returns [] -- and Admin SPA -- delete-all + Save + full reload -> editor grid stays empty). The seed entries below are the API-equivalent of selecting those same roles from the live roles-list picker and clicking Save (the picker is a role SELECTOR, not free-text dictionary entry -- see ORGROLE-004); the clear itself IS exercised via the UI (deselecting/removing the picker's existing tags), with a cache-reset + full page reload before reading the result, per the interaction-method correction in ORGROLE-001.","back_url={{BACK_URL}}; org_subset=Organization employee,Organization maintainer; membership_subset=Organization employee","[AUTH role=ADMIN_DEFAULT]
[REST-OP seed_org_wl]
POST {{BACK_URL}}/api/platform/settings
Content-Type: application/json
Body: [{""name"": ""Customer.OrganizationRolesWhitelist"", ""value"": null, ""allowedValues"": [""Organization employee"", ""Organization maintainer""], ""isDictionary"": true}]
[REST-EXEC seed_org_wl]
[REST-OP seed_membership_wl]
POST {{BACK_URL}}/api/platform/settings
Content-Type: application/json
Body: [{""name"": ""Customer.MembershipRolesWhitelist"", ""value"": null, ""allowedValues"": [""Organization employee""], ""isDictionary"": true}]
[REST-EXEC seed_membership_wl]
[NAV] Navigate to {{BACK_URL}} > Settings > Customer module > Roles via CDP; full page reload with cache disabled/ignored so the seeded values are current
[BLADE] Roles settings blade opens; both whitelist role-picker fields show the seeded selected roles
[ACT] Open 'Organization roles whitelist'; via CDP, deselect/remove every currently-selected role tag until the picker is empty
[ACT] Open 'Membership roles whitelist'; via CDP, deselect/remove every currently-selected role tag until the picker is empty
[ACT] Click Save
[WAIT] Save completes; success toast shown
[NAV] Full page reload with cache disabled/ignored (cache-reset) and reopen each whitelist editor","[BLADE] 'Organization roles whitelist' shows ZERO selected roles after reload -- the cleared state persisted, no previously-removed role reappears
[BLADE] 'Membership roles whitelist' shows ZERO selected roles after reload -- the cleared state persisted, no previously-removed role reappears","[API] GET .../settings/Customer.OrganizationRolesWhitelist -- allowedValues == [] (length 0)
[API] GET .../settings/Customer.MembershipRolesWhitelist -- allowedValues == [] (length 0)","The removed role tags REAPPEAR in the picker immediately after Save or after a genuine cache-reset+reload -- this is the VCST-5441 signature (fixed 2026-07-15; a re-appearance now means the fix has regressed); Save reports success (204/toast) despite the clear being a silent no-op","No cleanup required -- Steps already leave both whitelists in the cleared (empty) state, which is the neutral reset state for this feature group","VCST-5239; VCST-5441; customer#304; boundary complement to ORGROLE-004 (clear-persist direction)","Semi-Automated"
"ORGROLE-006","Membership roles whitelist filters the per-member role editor select2 (Organization memberships widget) -- same widget family as ORGROLE-001, filtering-works status NOT independently confirmed at this level","Org Roles > Membership Whitelist > Dropdown Filter","High","BL-B2B-011","","Admin logged into {{BACK_URL}}. The org-level 'Change roles' picker's whitelist filter is CONFIRMED WORKING (ORGROLE-001/002, corrected 2026-07-09). The per-member role editor in the Organization memberships widget renders via the SAME AngularJS ui-select/select2 widget class used platform-wide (confirmed by identical 'Select box focus' markup on unrelated fields, e.g. a contact's Status dropdown) -- consistent with being the same control family, but its OWN filtering behavior against the Membership whitelist was NOT independently re-verified live this session (distinct setting, distinct consumer code path from the org-level picker). Authored against EXPECTED behavior (Story EPIC-5239-01 AC-2); status stays unverified/Draft pending a dedicated live check. Use CDP (not a synthetic click) to open the select2, remove-a-visible-role to falsify (not add), and a cache-reset + full page reload after any whitelist change -- the same interaction-method fixes as ORGROLE-001. Throwaway AGENT-TEST org + member + membership created in Steps.","back_url={{BACK_URL}}; membership_whitelist_initial=Organization employee,Organization maintainer,Purchasing agent; membership_whitelist_after_removal=Organization employee,Purchasing agent; password={{DEFAULT_TEST_PASSWORD}}","[AUTH role=ADMIN_DEFAULT]
[REST-OP set_membership_wl]
POST {{BACK_URL}}/api/platform/settings
Content-Type: application/json
Body: [{""name"": ""Customer.MembershipRolesWhitelist"", ""value"": null, ""allowedValues"": [""Organization employee"", ""Organization maintainer"", ""Purchasing agent""], ""isDictionary"": true}]
[REST-EXEC set_membership_wl]
[GQL-OP create_org]
mutation CreateOrganization($input: InputCreateOrganizationType!) {
  createOrganization(command: $input) { id name }
}
[GQL-VARS create_org] {""input"": {""name"": ""AGENT-TEST-OrgRole-006-{{TIMESTAMP}}""}}
[GQL-EXEC create_org]
[GQL-CAPTURE create_org.data.createOrganization.id → ORG_ID]
[REST-OP create_member]
POST {{BACK_URL}}/api/members
Content-Type: application/json
Body: {""firstName"": ""AGENT-TEST"", ""lastName"": ""OrgRole006"", ""memberType"": ""Contact""}
[REST-EXEC create_member]
[REST-CAPTURE create_member.body.id → MEMBER_ID]
[REST-OP create_account]
POST {{BACK_URL}}/api/platform/security/users/create
Content-Type: application/json
Body: {""userName"": ""AGENT-TEST-orgrole006@yopmail.com"", ""email"": ""AGENT-TEST-orgrole006@yopmail.com"", ""userType"": ""Customer"", ""storeId"": ""B2B-store"", ""memberId"": ""{{MEMBER_ID}}"", ""emailConfirmed"": true, ""password"": ""{{DEFAULT_TEST_PASSWORD}}""}
[REST-EXEC create_account]
[REST-OP get_user_id]
GET {{BACK_URL}}/api/platform/security/users/AGENT-TEST-orgrole006@yopmail.com
[REST-EXEC get_user_id]
[REST-CAPTURE get_user_id.body.id → USER_ID]
[REST-OP create_membership]
POST {{BACK_URL}}/api/customer/organization-memberships
Content-Type: application/json
Body: {""userId"": ""{{USER_ID}}"", ""organizationId"": ""{{ORG_ID}}"", ""organizationName"": ""AGENT-TEST-OrgRole-006"", ""roles"": [{""roleId"": ""org-employee"", ""roleName"": ""Organization employee""}]}
[REST-EXEC create_membership]
[REST-CAPTURE create_membership.body.id → MEMBERSHIP_ID]
[NAV] Navigate to {{BACK_URL}} Customer module > Contacts via CDP; full page reload with cache disabled/ignored
[ACT] Search for and open the AGENT-TEST-OrgRole006 contact blade
[ACT] Locate the Organization memberships widget; via CDP, click into the role editor select2 for the AGENT-TEST-OrgRole-006 membership row to open its dropdown
[ASSERT] Read the role options rendered in the editor -- record as BASELINE_OPTIONS
[AUTH role=ADMIN_DEFAULT]
[REST-OP narrow_membership_wl]
POST {{BACK_URL}}/api/platform/settings
Content-Type: application/json
Body: [{""name"": ""Customer.MembershipRolesWhitelist"", ""value"": null, ""allowedValues"": [""Organization employee"", ""Purchasing agent""], ""isDictionary"": true}]
[REST-EXEC narrow_membership_wl]
[NAV] Full page reload with cache disabled/ignored
[ACT] Reopen the AGENT-TEST-OrgRole006 contact blade; via CDP, reopen the role editor select2 for the same membership row
[ASSERT] Read the role options again -- record as AFTER_REMOVAL_OPTIONS","[ERRORS label=create_org] errors[] empty
[BLADE] BASELINE_OPTIONS == {Organization employee, Organization maintainer, Purchasing agent} -- exactly the Membership whitelist
[BLADE] AFTER_REMOVAL_OPTIONS == {Organization employee, Purchasing agent} -- 'Organization maintainer' (just removed from the whitelist) is now ABSENT","[API] GET .../settings/Customer.MembershipRolesWhitelist -- allowedValues matches the whitelist body just POSTed at each stage","AFTER_REMOVAL_OPTIONS still contains 'Organization maintainer' after a genuine cache-reset+reload (stale-cache or filter-not-honored); BASELINE_OPTIONS contains a role outside the whitelist; testing by ADDITION alone (as opposed to removal of a currently-visible option) is confounded exactly as documented in ORGROLE-001 and must not be used to conclude 'unfiltered'; evidence in reports/bugs/BUG-VCST-5239-whitelist-storefront-dropdown-unfiltered.md documents the STOREFRONT twin of this dropdown as unfiltered -- that finding is about a different (storefront, not Admin SPA) consumer and does not by itself confirm or refute this Admin-SPA membership-level picker","[AUTH role=ADMIN_DEFAULT]
[REST DELETE /api/customer/organization-memberships?ids={{MEMBERSHIP_ID}}]
[REST DELETE /api/platform/security/users?names=AGENT-TEST-orgrole006@yopmail.com]
[REST DELETE /api/members?ids={{MEMBER_ID}}]
[REST DELETE /api/members?ids={{ORG_ID}}]","VCST-5239; customer#304; Story EPIC-5239-01 AC-2","Draft"
"ORGROLE-007","Organization and Membership whitelists filter their own select2 only -- changing one does not alter the other","Org Roles > Whitelist Independence","Medium","BL-B2B-011","","Admin logged into {{BACK_URL}}. Verifies the two whitelist settings are independent objects, not a shared list (Story EPIC-5239-01 AC-2 second clause). Authored against EXPECTED behavior; this cross-setting independence was NOT independently re-verified live this session (distinct from the org-level picker filter confirmed in ORGROLE-001/002) -- status stays unverified/Draft pending a dedicated live check. Same interaction-method corrections as ORGROLE-001/006 apply: CDP to open each select2, cache-reset + full page reload after each settings write. Throwaway AGENT-TEST org + member + membership created in Steps.","back_url={{BACK_URL}}; org_wl=Organization maintainer; membership_wl_v1=Organization employee; membership_wl_v2=Purchasing agent; password={{DEFAULT_TEST_PASSWORD}}","[AUTH role=ADMIN_DEFAULT]
[REST-OP set_org_wl]
POST {{BACK_URL}}/api/platform/settings
Content-Type: application/json
Body: [{""name"": ""Customer.OrganizationRolesWhitelist"", ""value"": null, ""allowedValues"": [""Organization maintainer""], ""isDictionary"": true}]
[REST-EXEC set_org_wl]
[REST-OP set_membership_wl_v1]
POST {{BACK_URL}}/api/platform/settings
Content-Type: application/json
Body: [{""name"": ""Customer.MembershipRolesWhitelist"", ""value"": null, ""allowedValues"": [""Organization employee""], ""isDictionary"": true}]
[REST-EXEC set_membership_wl_v1]
[GQL-OP create_org]
mutation CreateOrganization($input: InputCreateOrganizationType!) {
  createOrganization(command: $input) { id name }
}
[GQL-VARS create_org] {""input"": {""name"": ""AGENT-TEST-OrgRole-007-{{TIMESTAMP}}""}}
[GQL-EXEC create_org]
[GQL-CAPTURE create_org.data.createOrganization.id → ORG_ID]
[REST-OP create_member]
POST {{BACK_URL}}/api/members
Content-Type: application/json
Body: {""firstName"": ""AGENT-TEST"", ""lastName"": ""OrgRole007"", ""memberType"": ""Contact""}
[REST-EXEC create_member]
[REST-CAPTURE create_member.body.id → MEMBER_ID]
[REST-OP create_account]
POST {{BACK_URL}}/api/platform/security/users/create
Content-Type: application/json
Body: {""userName"": ""AGENT-TEST-orgrole007@yopmail.com"", ""email"": ""AGENT-TEST-orgrole007@yopmail.com"", ""userType"": ""Customer"", ""storeId"": ""B2B-store"", ""memberId"": ""{{MEMBER_ID}}"", ""emailConfirmed"": true, ""password"": ""{{DEFAULT_TEST_PASSWORD}}""}
[REST-EXEC create_account]
[REST-OP get_user_id]
GET {{BACK_URL}}/api/platform/security/users/AGENT-TEST-orgrole007@yopmail.com
[REST-EXEC get_user_id]
[REST-CAPTURE get_user_id.body.id → USER_ID]
[REST-OP create_membership]
POST {{BACK_URL}}/api/customer/organization-memberships
Content-Type: application/json
Body: {""userId"": ""{{USER_ID}}"", ""organizationId"": ""{{ORG_ID}}"", ""organizationName"": ""AGENT-TEST-OrgRole-007"", ""roles"": [{""roleId"": ""org-employee"", ""roleName"": ""Organization employee""}]}
[REST-EXEC create_membership]
[REST-CAPTURE create_membership.body.id → MEMBERSHIP_ID]
[NAV] Navigate to {{BACK_URL}} Customer module > Contacts via CDP; full page reload with cache disabled/ignored
[ACT] Open the AGENT-TEST-OrgRole007 contact blade; via CDP, open the Organization memberships widget's role editor select2 for the membership row
[ASSERT] Read the role editor options -- expect exactly {Organization employee} (Membership whitelist v1)
[AUTH role=ADMIN_DEFAULT]
[REST-OP set_org_wl_v2]
POST {{BACK_URL}}/api/platform/settings
Content-Type: application/json
Body: [{""name"": ""Customer.OrganizationRolesWhitelist"", ""value"": null, ""allowedValues"": [""Organization employee"", ""Organization maintainer"", ""Purchasing agent""], ""isDictionary"": true}]
[REST-EXEC set_org_wl_v2]
[NAV] Full page reload with cache disabled/ignored
[ACT] Reopen the AGENT-TEST-OrgRole007 contact blade; via CDP, reopen the role editor select2 for the same membership row
[ASSERT] Read the role editor options again after the Organization whitelist changed","[ERRORS label=create_org] errors[] empty
[BLADE] Membership-level role editor options == {Organization employee} both BEFORE and AFTER the Organization whitelist was widened -- unaffected by the other setting
[STATE] The Organization whitelist change never appears as an option source in the membership-level editor","[API] GET .../settings/Customer.MembershipRolesWhitelist -- allowedValues unchanged == [""Organization employee""] across the whole case, confirming no cross-write between the two settings","Membership-level dropdown option set changes after the Organization whitelist is edited (cross-contamination between two settings that should be independent); membership dropdown reflects the Organization whitelist's roles instead of its own","[AUTH role=ADMIN_DEFAULT]
[REST DELETE /api/customer/organization-memberships?ids={{MEMBERSHIP_ID}}]
[REST DELETE /api/platform/security/users?names=AGENT-TEST-orgrole007@yopmail.com]
[REST DELETE /api/members?ids={{MEMBER_ID}}]
[REST DELETE /api/members?ids={{ORG_ID}}]","VCST-5239; customer#304; Story EPIC-5239-01 AC-2","Draft"
"ORGROLE-008","Membership whitelist restricted to a single role -- per-member select2 shows exactly one option","Org Roles > Membership Whitelist > Boundary","Medium","BL-B2B-011","","Admin logged into {{BACK_URL}}. Boundary twin of ORGROLE-002 for the Membership-level surface (Story EPIC-5239-01 DoD: both whitelists tested independently). Authored against EXPECTED behavior; this specific single-role Membership-level boundary was NOT independently re-verified live this session (same gap as ORGROLE-006/007 for this widget family) -- status stays unverified/Draft pending a dedicated live check. Same CDP + cache-reset + full page reload interaction-method corrections as ORGROLE-001/006 apply. Throwaway AGENT-TEST org + member + membership created in Steps.","back_url={{BACK_URL}}; membership_whitelist_single=Organization employee; password={{DEFAULT_TEST_PASSWORD}}","[AUTH role=ADMIN_DEFAULT]
[REST-OP set_membership_wl_single]
POST {{BACK_URL}}/api/platform/settings
Content-Type: application/json
Body: [{""name"": ""Customer.MembershipRolesWhitelist"", ""value"": null, ""allowedValues"": [""Organization employee""], ""isDictionary"": true}]
[REST-EXEC set_membership_wl_single]
[GQL-OP create_org]
mutation CreateOrganization($input: InputCreateOrganizationType!) {
  createOrganization(command: $input) { id name }
}
[GQL-VARS create_org] {""input"": {""name"": ""AGENT-TEST-OrgRole-008-{{TIMESTAMP}}""}}
[GQL-EXEC create_org]
[GQL-CAPTURE create_org.data.createOrganization.id → ORG_ID]
[REST-OP create_member]
POST {{BACK_URL}}/api/members
Content-Type: application/json
Body: {""firstName"": ""AGENT-TEST"", ""lastName"": ""OrgRole008"", ""memberType"": ""Contact""}
[REST-EXEC create_member]
[REST-CAPTURE create_member.body.id → MEMBER_ID]
[REST-OP create_account]
POST {{BACK_URL}}/api/platform/security/users/create
Content-Type: application/json
Body: {""userName"": ""AGENT-TEST-orgrole008@yopmail.com"", ""email"": ""AGENT-TEST-orgrole008@yopmail.com"", ""userType"": ""Customer"", ""storeId"": ""B2B-store"", ""memberId"": ""{{MEMBER_ID}}"", ""emailConfirmed"": true, ""password"": ""{{DEFAULT_TEST_PASSWORD}}""}
[REST-EXEC create_account]
[REST-OP get_user_id]
GET {{BACK_URL}}/api/platform/security/users/AGENT-TEST-orgrole008@yopmail.com
[REST-EXEC get_user_id]
[REST-CAPTURE get_user_id.body.id → USER_ID]
[REST-OP create_membership]
POST {{BACK_URL}}/api/customer/organization-memberships
Content-Type: application/json
Body: {""userId"": ""{{USER_ID}}"", ""organizationId"": ""{{ORG_ID}}"", ""organizationName"": ""AGENT-TEST-OrgRole-008"", ""roles"": [{""roleId"": ""org-employee"", ""roleName"": ""Organization employee""}]}
[REST-EXEC create_membership]
[REST-CAPTURE create_membership.body.id → MEMBERSHIP_ID]
[NAV] Navigate to {{BACK_URL}} Customer module > Contacts via CDP; full page reload with cache disabled/ignored
[ACT] Open the AGENT-TEST-OrgRole008 contact blade; via CDP, open the role editor select2 for the membership row
[ASSERT] Count the role options rendered in the editor","[ERRORS label=create_org] errors[] empty
[BLADE] Role editor shows EXACTLY ONE option: 'Organization employee'
[STATE] No implicit 'none'/wildcard entry present","[API] GET .../settings/Customer.MembershipRolesWhitelist -- allowedValues == [""Organization employee""] (length 1)","Editor shows more than one option with a single-role whitelist configured; editor shows zero options","[AUTH role=ADMIN_DEFAULT]
[REST DELETE /api/customer/organization-memberships?ids={{MEMBERSHIP_ID}}]
[REST DELETE /api/platform/security/users?names=AGENT-TEST-orgrole008@yopmail.com]
[REST DELETE /api/members?ids={{MEMBER_ID}}]
[REST DELETE /api/members?ids={{ORG_ID}}]","VCST-5239; customer#304; Story EPIC-5239-01 DoD","Draft"
"ORGROLE-018","Membership whitelist EMPTY = no restriction -- per-member role editor shows ALL platform roles (by design, source-grounded)","Org Roles > Membership Whitelist > Adversarial","High","BL-B2B-011","","Admin logged into {{BACK_URL}}. Membership-level twin of ORGROLE-003 (previously NO case covered the empty Membership whitelist). SOURCE OF TRUTH: the per-member role editor (vc-module-customer Scripts/blades/organization-membership-detail.js) builds its options through the SAME virtoCommerce.customerModule.rolesPickerService as the org-level picker, with whitelistSettingId 'Customer.MembershipRolesWhitelist'. That service filters ONLY inside `if (whitelist.length) { ...filter... }` -- so an EMPTY Membership whitelist skips the filter and the editor offers ALL platform roles (NO restriction), by design, not a fallback bug. This is the same mechanism confirmed live for the org-level picker on 2026-07-15 during VCST-5441 verification (Platform 3.1044.0-pr-3076-3479); ORGROLE-006/008 prove the Membership filter narrows the editor once the whitelist is non-empty. Status Draft -- source-grounded, the empty Membership direction not independently re-verified live this session. Use CDP (not a synthetic click) to open the select2, cache-reset + full page reload after writing the empty whitelist. Throwaway AGENT-TEST org + member + membership created in Steps. SCOPE NOTE (BL-B2B-011, amended 2026-09-19): this case exercises the GLOBAL tenant scope only, via the legacy v1 `/api/platform/settings` surface (`allowedValues` carries the selected set on that surface) -- empty-whitelist-means-all-roles is fully determined at GLOBAL scope, not a coincidence. It does NOT generalize to STORE tenant scope, where an empty override is skipped and the picker falls through to whatever GLOBAL currently holds instead of meaning all roles outright (see ORGROLE-019/ORGROLE-020, the STORE-scope override and fallback twins, which read the GLOBAL value live rather than assuming it).","back_url={{BACK_URL}}; password={{DEFAULT_TEST_PASSWORD}}","[AUTH role=ADMIN_DEFAULT]
[REST-OP clear_membership_wl]
POST {{BACK_URL}}/api/platform/settings
Content-Type: application/json
Body: [{""name"": ""Customer.MembershipRolesWhitelist"", ""value"": null, ""allowedValues"": [], ""isDictionary"": true}]
[REST-EXEC clear_membership_wl]
[GQL-OP create_org]
mutation CreateOrganization($input: InputCreateOrganizationType!) {
  createOrganization(command: $input) { id name }
}
[GQL-VARS create_org] {""input"": {""name"": ""AGENT-TEST-OrgRole-018-{{TIMESTAMP}}""}}
[GQL-EXEC create_org]
[GQL-CAPTURE create_org.data.createOrganization.id → ORG_ID]
[REST-OP create_member]
POST {{BACK_URL}}/api/members
Content-Type: application/json
Body: {""firstName"": ""AGENT-TEST"", ""lastName"": ""OrgRole018"", ""memberType"": ""Contact""}
[REST-EXEC create_member]
[REST-CAPTURE create_member.body.id → MEMBER_ID]
[REST-OP create_account]
POST {{BACK_URL}}/api/platform/security/users/create
Content-Type: application/json
Body: {""userName"": ""AGENT-TEST-orgrole018@yopmail.com"", ""email"": ""AGENT-TEST-orgrole018@yopmail.com"", ""userType"": ""Customer"", ""storeId"": ""B2B-store"", ""memberId"": ""{{MEMBER_ID}}"", ""emailConfirmed"": true, ""password"": ""{{DEFAULT_TEST_PASSWORD}}""}
[REST-EXEC create_account]
[REST-OP get_user_id]
GET {{BACK_URL}}/api/platform/security/users/AGENT-TEST-orgrole018@yopmail.com
[REST-EXEC get_user_id]
[REST-CAPTURE get_user_id.body.id → USER_ID]
[REST-OP create_membership]
POST {{BACK_URL}}/api/customer/organization-memberships
Content-Type: application/json
Body: {""userId"": ""{{USER_ID}}"", ""organizationId"": ""{{ORG_ID}}"", ""organizationName"": ""AGENT-TEST-OrgRole-018"", ""roles"": [{""roleId"": ""org-employee"", ""roleName"": ""Organization employee""}]}
[REST-EXEC create_membership]
[REST-CAPTURE create_membership.body.id → MEMBERSHIP_ID]
[NAV] Navigate to {{BACK_URL}} Customer module > Contacts via CDP; full page reload with cache disabled/ignored so the empty Membership whitelist is current
[ACT] Open the AGENT-TEST-OrgRole018 contact blade; via CDP, open the role editor select2 for the membership row (confirm the dropdown rendered)
[ASSERT] Read the full set of role options rendered in the editor","[ERRORS label=create_org] errors[] empty
[BLADE] Role editor shows MANY roles -- the full platform roles list (take=20 page), NOT filtered; includes roles never intended as membership roles (e.g. 'Store administrator'), confirming empty whitelist = no filter applied
[STATE] Editor does NOT show zero options / a lock-out message with an empty Membership whitelist; empty = no restriction, by design (ORGROLE-006/008 prove the filter IS applied once the whitelist is non-empty)","[API] GET {{BACK_URL}}/api/platform/settings/Customer.MembershipRolesWhitelist -- allowedValues == [] (length 0), the empty state the editor reflects as no-restriction","Editor shows ZERO options or a 'configure the whitelist' lock-out message with an EMPTY Membership whitelist (would be a REGRESSION -- contradicts rolesPickerService.js `if (whitelist.length)` design); editor is narrowed to a subset despite the whitelist being empty (filter wrongly treating empty as a restriction); do not conflate a synthetic-click failure to open the select2 with a genuine result -- confirm the dropdown rendered","[AUTH role=ADMIN_DEFAULT]
[REST DELETE /api/customer/organization-memberships?ids={{MEMBERSHIP_ID}}]
[REST DELETE /api/platform/security/users?names=AGENT-TEST-orgrole018@yopmail.com]
[REST DELETE /api/members?ids={{MEMBER_ID}}]
[REST DELETE /api/members?ids={{ORG_ID}}]","VCST-5239; customer#304; Story EPIC-5239-01 AC-3 (membership twin of ORGROLE-003); vc-module-customer Scripts/blades/organization-membership-detail.js + services/rolesPickerService.js","Draft"
"ORGROLE-009","Direct REST PUT /api/organizations bypass with a non-whitelisted org-level role is rejected server-side","Org Roles > Server-Side Enforcement > Organization Whitelist","Critical","BL-B2B-011","","Runner-native. Backend report finding F1 (ba-report-2026-07-09.md): profile-experience-api#137 and the REST organizations endpoint currently carry ZERO whitelist references -- server-side enforcement does not exist yet (BL-B2B-011 explicitly documents the whitelist as NOT a permission boundary today). This case is authored against the EXPECTED post-fix behavior (Story EPIC-5239-03 AC-1, the P0 fix -- 'ship first') and CURRENTLY FAILS. Throwaway AGENT-TEST organization created in Steps so no shared fixture is touched by the direct PUT.","back_url={{BACK_URL}}; excluded_role_id=org-manager; excluded_role_name=Organization manager","[AUTH role=ADMIN_DEFAULT]
[REST-OP set_org_wl]
POST {{BACK_URL}}/api/platform/settings
Content-Type: application/json
Body: [{""name"": ""Customer.OrganizationRolesWhitelist"", ""value"": null, ""allowedValues"": [""Organization employee"", ""Organization maintainer""], ""isDictionary"": true}]
[REST-EXEC set_org_wl]
[GQL-OP create_org]
mutation CreateOrganization($input: InputCreateOrganizationType!) {
  createOrganization(command: $input) { id name }
}
[GQL-VARS create_org] {""input"": {""name"": ""AGENT-TEST-OrgRole-009-{{TIMESTAMP}}""}}
[GQL-EXEC create_org]
[GQL-CAPTURE create_org.data.createOrganization.id → ORG_ID]
[GQL-CAPTURE create_org.data.createOrganization.name → ORG_NAME]
[REST-OP bypass_put]
PUT {{BACK_URL}}/api/organizations
Content-Type: application/json
Body: {""id"": ""{{ORG_ID}}"", ""name"": ""{{ORG_NAME}}"", ""memberType"": ""Organization"", ""roles"": [{""organizationId"": ""{{ORG_ID}}"", ""roleId"": ""org-manager"", ""roleName"": ""Organization manager""}]}
[REST-EXEC bypass_put]
[REST-OP verify_org]
GET {{BACK_URL}}/api/organizations/{{ORG_ID}}
[REST-EXEC verify_org]","[ERRORS label=bypass_put] errors[] non-empty
[COUNT label=verify_org] body.roles[?roleId=org-manager].length = 0","[API] Whitelisted role assignment still succeeds via the same PUT path -- see ORGROLE-011 (no-over-blocking twin)","bypass_put returns HTTP 204 with errors[] empty -- the CONFIRMED current behavior (backend report F1, no server check exists); verify_org shows the excluded role persisted in the organization's roles array despite the assignment attempt being non-whitelisted","[AUTH role=ADMIN_DEFAULT]
[REST DELETE /api/members?ids={{ORG_ID}}]","VCST-5239; Story EPIC-5239-03 AC-1; profile-experience-api#137 (zero whitelist refs per backend finding F1)","Draft"
"ORGROLE-010","Direct REST bypass of the membership whitelist (PUT organization-memberships) is rejected server-side","Org Roles > Server-Side Enforcement > Membership Whitelist","Critical","BL-B2B-011","","Runner-native. Same F1 finding as ORGROLE-009, applied to the membership-level surface (Story EPIC-5239-03 AC-2). CURRENTLY FAILS -- authored against the EXPECTED post-fix behavior. Throwaway AGENT-TEST org + member + membership created in Steps. CORRECTED 2026-07-09 (live-verified): the GraphQL changeOrganizationContactRole mutation resolves its organization context from the CALLER's own JWT organization_id claim, not from an explicit argument -- an ADMIN_DEFAULT-authenticated call (no organization_id claim) fails with a generic 'OrganizationIdRequired' error unrelated to whitelist enforcement (would make this case pass for the wrong reason); a maintainer-scoped alias (TECHFLOW_ADMIN / MULTI_ORG_TF_BR_MAINTAINER) instead hits the separate, already-tracked VCST-5028 Finding #1 authorization bug (Forbidden) -- out of scope to re-litigate here. `PUT {{BACK_URL}}/api/customer/organization-memberships/{id}` (live-verified 2026-07-09: HTTP 200, no whitelist check, role persists) exercises the SAME membership-role-write surface with an ADMIN_DEFAULT token and no org-context ambiguity, so this case now bypasses via that REST endpoint instead of the GraphQL mutation.","back_url={{BACK_URL}}; excluded_role_id=org-manager; password={{DEFAULT_TEST_PASSWORD}}","[AUTH role=ADMIN_DEFAULT]
[REST-OP set_membership_wl]
POST {{BACK_URL}}/api/platform/settings
Content-Type: application/json
Body: [{""name"": ""Customer.MembershipRolesWhitelist"", ""value"": null, ""allowedValues"": [""Organization employee"", ""Organization maintainer""], ""isDictionary"": true}]
[REST-EXEC set_membership_wl]
[GQL-OP create_org]
mutation CreateOrganization($input: InputCreateOrganizationType!) {
  createOrganization(command: $input) { id name }
}
[GQL-VARS create_org] {""input"": {""name"": ""AGENT-TEST-OrgRole-010-{{TIMESTAMP}}""}}
[GQL-EXEC create_org]
[GQL-CAPTURE create_org.data.createOrganization.id → ORG_ID]
[REST-OP create_member]
POST {{BACK_URL}}/api/members
Content-Type: application/json
Body: {""firstName"": ""AGENT-TEST"", ""lastName"": ""OrgRole010"", ""memberType"": ""Contact""}
[REST-EXEC create_member]
[REST-CAPTURE create_member.body.id → MEMBER_ID]
[REST-OP create_account]
POST {{BACK_URL}}/api/platform/security/users/create
Content-Type: application/json
Body: {""userName"": ""AGENT-TEST-orgrole010@yopmail.com"", ""email"": ""AGENT-TEST-orgrole010@yopmail.com"", ""userType"": ""Customer"", ""storeId"": ""B2B-store"", ""memberId"": ""{{MEMBER_ID}}"", ""emailConfirmed"": true, ""password"": ""{{DEFAULT_TEST_PASSWORD}}""}
[REST-EXEC create_account]
[REST-OP get_user_id]
GET {{BACK_URL}}/api/platform/security/users/AGENT-TEST-orgrole010@yopmail.com
[REST-EXEC get_user_id]
[REST-CAPTURE get_user_id.body.id → USER_ID]
[REST-OP create_membership]
POST {{BACK_URL}}/api/customer/organization-memberships
Content-Type: application/json
Body: {""userId"": ""{{USER_ID}}"", ""organizationId"": ""{{ORG_ID}}"", ""organizationName"": ""AGENT-TEST-OrgRole-010"", ""roles"": [{""roleId"": ""org-employee"", ""roleName"": ""Organization employee""}]}
[REST-EXEC create_membership]
[REST-CAPTURE create_membership.body.id → MEMBERSHIP_ID]
[REST-OP bypass_membership_put]
PUT {{BACK_URL}}/api/customer/organization-memberships/{{MEMBERSHIP_ID}}
Content-Type: application/json
Body: {""id"": ""{{MEMBERSHIP_ID}}"", ""userId"": ""{{USER_ID}}"", ""organizationId"": ""{{ORG_ID}}"", ""organizationName"": ""AGENT-TEST-OrgRole-010"", ""roles"": [{""roleId"": ""org-manager"", ""roleName"": ""Organization manager""}]}
[REST-EXEC bypass_membership_put]
[REST-OP verify_unchanged]
POST {{BACK_URL}}/api/customer/organization-memberships/search
Content-Type: application/json
Body: {""userId"": ""{{USER_ID}}""}
[REST-EXEC verify_unchanged]","[ERRORS label=create_org] errors[] empty
[STATUS label=bypass_membership_put] non-2xx (rejected)
[COUNT label=verify_unchanged] body.results[?organizationId={{ORG_ID}}].roles[?roleId=org-manager].length = 0
[DATA label=verify_unchanged] body.results[?organizationId={{ORG_ID}}].roles[0].roleId = org-employee","[API] Whitelisted role assignment via the same REST path still succeeds -- see ORGROLE-011","bypass_membership_put returns HTTP 200 with the role persisted -- the CONFIRMED current behavior (F1, no whitelist check on this write path, live-verified 2026-07-09); verify_unchanged shows roleId=org-manager persisted despite the non-whitelisted attempt","[AUTH role=ADMIN_DEFAULT]
[REST DELETE /api/customer/organization-memberships?ids={{MEMBERSHIP_ID}}]
[REST DELETE /api/platform/security/users?names=AGENT-TEST-orgrole010@yopmail.com]
[REST DELETE /api/members?ids={{MEMBER_ID}}]
[REST DELETE /api/members?ids={{ORG_ID}}]","VCST-5239; Story EPIC-5239-03 AC-2; profile-experience-api#137 (F1)","Draft"
"ORGROLE-011","A WHITELISTED membership role via the same direct REST path still succeeds -- no over-blocking once server enforcement ships","Org Roles > Server-Side Enforcement > No Over-Blocking","High","BL-B2B-011","","Runner-native. Story EPIC-5239-03 AC-3 -- the positive twin of ORGROLE-010: server enforcement (once shipped) must not reject a WHITELISTED role. This case is TRUE today (nothing blocks anything yet) and must remain TRUE after the fix -- it is the guard that keeps ORGROLE-009/010 from becoming an over-block regression. Throwaway AGENT-TEST org + member + membership created in Steps. CORRECTED 2026-07-09 (same live finding as ORGROLE-010): uses the REST `PUT {{BACK_URL}}/api/customer/organization-memberships/{id}` write path (ADMIN_DEFAULT, live-verified 2026-07-09) instead of the GraphQL changeOrganizationContactRole mutation, which fails with a caller-org-context error (or the separate VCST-5028 Forbidden bug on a maintainer-scoped alias) unrelated to whitelist enforcement -- see ORGROLE-010's note for the full explanation.","back_url={{BACK_URL}}; whitelisted_role_id=org-maintainer; password={{DEFAULT_TEST_PASSWORD}}","[AUTH role=ADMIN_DEFAULT]
[REST-OP set_membership_wl]
POST {{BACK_URL}}/api/platform/settings
Content-Type: application/json
Body: [{""name"": ""Customer.MembershipRolesWhitelist"", ""value"": null, ""allowedValues"": [""Organization employee"", ""Organization maintainer""], ""isDictionary"": true}]
[REST-EXEC set_membership_wl]
[GQL-OP create_org]
mutation CreateOrganization($input: InputCreateOrganizationType!) {
  createOrganization(command: $input) { id name }
}
[GQL-VARS create_org] {""input"": {""name"": ""AGENT-TEST-OrgRole-011-{{TIMESTAMP}}""}}
[GQL-EXEC create_org]
[GQL-CAPTURE create_org.data.createOrganization.id → ORG_ID]
[REST-OP create_member]
POST {{BACK_URL}}/api/members
Content-Type: application/json
Body: {""firstName"": ""AGENT-TEST"", ""lastName"": ""OrgRole011"", ""memberType"": ""Contact""}
[REST-EXEC create_member]
[REST-CAPTURE create_member.body.id → MEMBER_ID]
[REST-OP create_account]
POST {{BACK_URL}}/api/platform/security/users/create
Content-Type: application/json
Body: {""userName"": ""AGENT-TEST-orgrole011@yopmail.com"", ""email"": ""AGENT-TEST-orgrole011@yopmail.com"", ""userType"": ""Customer"", ""storeId"": ""B2B-store"", ""memberId"": ""{{MEMBER_ID}}"", ""emailConfirmed"": true, ""password"": ""{{DEFAULT_TEST_PASSWORD}}""}
[REST-EXEC create_account]
[REST-OP get_user_id]
GET {{BACK_URL}}/api/platform/security/users/AGENT-TEST-orgrole011@yopmail.com
[REST-EXEC get_user_id]
[REST-CAPTURE get_user_id.body.id → USER_ID]
[REST-OP create_membership]
POST {{BACK_URL}}/api/customer/organization-memberships
Content-Type: application/json
Body: {""userId"": ""{{USER_ID}}"", ""organizationId"": ""{{ORG_ID}}"", ""organizationName"": ""AGENT-TEST-OrgRole-011"", ""roles"": [{""roleId"": ""org-employee"", ""roleName"": ""Organization employee""}]}
[REST-EXEC create_membership]
[REST-CAPTURE create_membership.body.id → MEMBERSHIP_ID]
[REST-OP whitelisted_membership_put]
PUT {{BACK_URL}}/api/customer/organization-memberships/{{MEMBERSHIP_ID}}
Content-Type: application/json
Body: {""id"": ""{{MEMBERSHIP_ID}}"", ""userId"": ""{{USER_ID}}"", ""organizationId"": ""{{ORG_ID}}"", ""organizationName"": ""AGENT-TEST-OrgRole-011"", ""roles"": [{""roleId"": ""org-maintainer"", ""roleName"": ""Organization maintainer""}]}
[REST-EXEC whitelisted_membership_put]
[REST-OP verify_changed]
POST {{BACK_URL}}/api/customer/organization-memberships/search
Content-Type: application/json
Body: {""userId"": ""{{USER_ID}}""}
[REST-EXEC verify_changed]","[ERRORS label=create_org] errors[] empty
[STATUS label=whitelisted_membership_put] 200
[DATA label=verify_changed] body.results[?organizationId={{ORG_ID}}].roles[0].roleId = org-maintainer","[API] The same {{MEMBERSHIP_ID}} round-trips via GET {{BACK_URL}}/api/customer/organization-memberships/search -- confirms whitelisted_membership_put's 200 reflects a real persisted write, not a false-positive status code","whitelisted_membership_put returns non-2xx for a WHITELISTED role (over-blocking regression once enforcement ships); role not persisted despite a 200 response","[AUTH role=ADMIN_DEFAULT]
[REST DELETE /api/customer/organization-memberships?ids={{MEMBERSHIP_ID}}]
[REST DELETE /api/platform/security/users?names=AGENT-TEST-orgrole011@yopmail.com]
[REST DELETE /api/members?ids={{MEMBER_ID}}]
[REST DELETE /api/members?ids={{ORG_ID}}]","VCST-5239; Story EPIC-5239-03 AC-3","Draft"
"ORGROLE-012","Whitelist tightened after an org-level role was already assigned -- existing assignment is not purged, but re-assigning it to a different org is rejected","Org Roles > Server-Side Enforcement > Retroactive Tightening","Medium","BL-B2B-011","","Runner-native. Story EPIC-5239-03 AC-4 (state-transition / retroactive-whitelist edge case flagged in tests/Sprint-current/VCST-5239/testing-checklist.md AC12). The 'not purged' half is TRUE today (nothing purges anything, no enforcement exists); the 're-assign rejected' half CURRENTLY FAILS (F1 -- no server check). Two throwaway organizations created in Steps for isolation.","back_url={{BACK_URL}}; role_id=org-manager; role_name=Organization manager","[AUTH role=ADMIN_DEFAULT]
[REST-OP set_org_wl_permissive]
POST {{BACK_URL}}/api/platform/settings
Content-Type: application/json
Body: [{""name"": ""Customer.OrganizationRolesWhitelist"", ""value"": null, ""allowedValues"": [""Organization employee"", ""Organization maintainer"", ""Organization manager""], ""isDictionary"": true}]
[REST-EXEC set_org_wl_permissive]
[GQL-OP create_org_a]
mutation CreateOrganization($input: InputCreateOrganizationType!) {
  createOrganization(command: $input) { id name }
}
[GQL-VARS create_org_a] {""input"": {""name"": ""AGENT-TEST-OrgRole-012A-{{TIMESTAMP}}""}}
[GQL-EXEC create_org_a]
[GQL-CAPTURE create_org_a.data.createOrganization.id → ORG_A_ID]
[GQL-CAPTURE create_org_a.data.createOrganization.name → ORG_A_NAME]
[REST-OP assign_role_org_a]
PUT {{BACK_URL}}/api/organizations
Content-Type: application/json
Body: {""id"": ""{{ORG_A_ID}}"", ""name"": ""{{ORG_A_NAME}}"", ""memberType"": ""Organization"", ""roles"": [{""organizationId"": ""{{ORG_A_ID}}"", ""roleId"": ""org-manager"", ""roleName"": ""Organization manager""}]}
[REST-EXEC assign_role_org_a]
[REST-OP verify_assigned]
GET {{BACK_URL}}/api/organizations/{{ORG_A_ID}}
[REST-EXEC verify_assigned]
[REST-OP tighten_org_wl]
POST {{BACK_URL}}/api/platform/settings
Content-Type: application/json
Body: [{""name"": ""Customer.OrganizationRolesWhitelist"", ""value"": null, ""allowedValues"": [""Organization employee"", ""Organization maintainer""], ""isDictionary"": true}]
[REST-EXEC tighten_org_wl]
[REST-OP verify_not_purged]
GET {{BACK_URL}}/api/organizations/{{ORG_A_ID}}
[REST-EXEC verify_not_purged]
[GQL-OP create_org_b]
mutation CreateOrganization($input: InputCreateOrganizationType!) {
  createOrganization(command: $input) { id name }
}
[GQL-VARS create_org_b] {""input"": {""name"": ""AGENT-TEST-OrgRole-012B-{{TIMESTAMP}}""}}
[GQL-EXEC create_org_b]
[GQL-CAPTURE create_org_b.data.createOrganization.id → ORG_B_ID]
[GQL-CAPTURE create_org_b.data.createOrganization.name → ORG_B_NAME]
[REST-OP reassign_role_org_b]
PUT {{BACK_URL}}/api/organizations
Content-Type: application/json
Body: {""id"": ""{{ORG_B_ID}}"", ""name"": ""{{ORG_B_NAME}}"", ""memberType"": ""Organization"", ""roles"": [{""organizationId"": ""{{ORG_B_ID}}"", ""roleId"": ""org-manager"", ""roleName"": ""Organization manager""}]}
[REST-EXEC reassign_role_org_b]
[REST-OP verify_org_b]
GET {{BACK_URL}}/api/organizations/{{ORG_B_ID}}
[REST-EXEC verify_org_b]","[COUNT label=verify_not_purged] body.roles[?roleId=org-manager].length = 1
[ERRORS label=reassign_role_org_b] errors[] non-empty
[COUNT label=verify_org_b] body.roles[?roleId=org-manager].length = 0","","verify_not_purged shows the pre-existing role silently stripped when the whitelist tightened (a retroactive-purge regression, worse than the acceptance criterion); reassign_role_org_b succeeds (errors[] empty) -- the CONFIRMED current behavior (F1, no server check) for the fresh assignment on org B post-tightening","[AUTH role=ADMIN_DEFAULT]
[REST DELETE /api/members?ids={{ORG_A_ID}}]
[REST DELETE /api/members?ids={{ORG_B_ID}}]","VCST-5239; Story EPIC-5239-03 AC-4; testing-checklist.md AC12","Draft"
"ORGROLE-013","Org-level role lifecycle: assigning it grants ALL org members no per-member action; removing it revokes from all members simultaneously","Org Roles > Organization-Level Inheritance > Lifecycle","High","BL-B2B-005","","Runner-native. CONFIRMED WORKING LIVE (ba-report-2026-07-09.md flow-2 'functional AC3/AC7', Executive Summary: 'inheritance reaches all members'). Regression guard for the already-shipped org-level role mechanic -- Organization.Roles (OrganizationRoleEntity, PUT /api/organizations) is inherited by every member with zero per-member assignment. NOTE: rolesInOrganization/isLockedInOrganization resolve from the CALLING user's own token -- they cannot be queried for another member by an admin caller (live-verified), so this case authenticates AS two real TechFlow members (TECHFLOW_ADMIN, MULTI_ORG_TF_BR) rather than dynamically-created throwaway accounts, which the runner's [AUTH role=] alias mechanism cannot target mid-case. PUT /api/organizations fully replaces the entity (live-verified) -- Steps always resend id+name+memberType, name captured via GET rather than hardcoded. This case also removes a pre-existing orphaned test role ('AGENT-TEST-orglevel-5239') found on TechFlow from an earlier exploratory session; see suite authoring notes. Uses org-employee (not org-maintainer) as the org-level test role because both probe accounts (TECHFLOW_ADMIN, MULTI_ORG_TF_BR) already hold 'Organization maintainer' via their own persistent membership role in TechFlow -- reusing that role would make the assign/remove assertions pass or fail independent of the org-level grant itself. Steps assert the org's pre-existing roles[] count is zero (ORIGINAL_ROLES_COUNT guard) before mutating, so Cleanup's final roles: [] reset is a verified restore, not a blind assumption. NOT SAFE TO RUN IN PARALLEL WITH ORGROLE-014 -- both mutate Organization.Roles on the same shared TechFlow fixture (@td(MULTI_ORG_TF_BR.org_techflow_id)).","back_url={{BACK_URL}}; org_id=@td(MULTI_ORG_TF_BR.org_techflow_id); org_level_role_id=org-employee","[AUTH role=ADMIN_DEFAULT]
[REST-OP get_org]
GET {{BACK_URL}}/api/organizations/@td(MULTI_ORG_TF_BR.org_techflow_id)
[REST-EXEC get_org]
[REST-CAPTURE get_org.body.name → ORG_NAME]
[REST-CAPTURE get_org.body.roles.length → ORIGINAL_ROLES_COUNT]
[REST-OP assign_org_role]
PUT {{BACK_URL}}/api/organizations
Content-Type: application/json
Body: {""id"": ""@td(MULTI_ORG_TF_BR.org_techflow_id)"", ""name"": ""{{ORG_NAME}}"", ""memberType"": ""Organization"", ""roles"": [{""organizationId"": ""@td(MULTI_ORG_TF_BR.org_techflow_id)"", ""roleId"": ""org-employee"", ""roleName"": ""Organization employee""}]}
[REST-EXEC assign_org_role]
[AUTH role=TECHFLOW_ADMIN]
[GQL-OP me_after_assign_1]
query { me { contact { id rolesInOrganization { id name } } } }
[GQL-EXEC me_after_assign_1]
[AUTH role=MULTI_ORG_TF_BR]
[GQL-OP me_after_assign_2]
query { me { contact { id rolesInOrganization { id name } } } }
[GQL-EXEC me_after_assign_2]
[AUTH role=ADMIN_DEFAULT]
[REST-OP verify_membership_untouched]
POST {{BACK_URL}}/api/customer/organization-memberships/search
Content-Type: application/json
Body: {""organizationId"": ""@td(MULTI_ORG_TF_BR.org_techflow_id)"", ""userId"": ""@td(MULTI_ORG_TF_BR.userId)""}
[REST-EXEC verify_membership_untouched]
[REST-OP remove_org_role]
PUT {{BACK_URL}}/api/organizations
Content-Type: application/json
Body: {""id"": ""@td(MULTI_ORG_TF_BR.org_techflow_id)"", ""name"": ""{{ORG_NAME}}"", ""memberType"": ""Organization"", ""roles"": []}
[REST-EXEC remove_org_role]
[AUTH role=TECHFLOW_ADMIN]
[GQL-OP me_after_remove_1]
query { me { contact { id rolesInOrganization { id name } } } }
[GQL-EXEC me_after_remove_1]
[AUTH role=MULTI_ORG_TF_BR]
[GQL-OP me_after_remove_2]
query { me { contact { id rolesInOrganization { id name } } } }
[GQL-EXEC me_after_remove_2]","[COUNT label=get_org] body.roles.length = 0
[COUNT label=me_after_assign_1] data.me.contact.rolesInOrganization[?id=org-employee].length = 1
[COUNT label=me_after_assign_2] data.me.contact.rolesInOrganization[?id=org-employee].length = 1
[DATA label=verify_membership_untouched] body.results[?organizationId=@td(MULTI_ORG_TF_BR.org_techflow_id)].roles[0].roleId = @td(MULTI_ORG_TF_BR.techflow_role)
[COUNT label=me_after_remove_1] data.me.contact.rolesInOrganization[?id=org-employee].length = 0
[COUNT label=me_after_remove_2] data.me.contact.rolesInOrganization[?id=org-employee].length = 0","[API] verify_membership_untouched proves MULTI_ORG_TF_BR's own OrganizationMembership.roles never changed (still their pre-existing techflow_role) while rolesInOrganization gained org-employee -- the grant is org-level/inherited, not a per-member write (BL-B2B-005)","TECHFLOW_ADMIN or MULTI_ORG_TF_BR does NOT show org-employee in rolesInOrganization after the org-level assignment (inheritance broken -- P0 regression on already-shipped BL-B2B-005 mechanics); role still present for either member after removal (revoke did not propagate); ORIGINAL_ROLES_COUNT != 0 at the initial GET (TechFlow's org-level roles[] baseline is not empty -- Cleanup's final roles: [] reset would not be a true restore; investigate before trusting this case's Cleanup)","[AUTH role=ADMIN_DEFAULT]
[REST-OP restore_org_final]
PUT {{BACK_URL}}/api/organizations
Content-Type: application/json
Body: {""id"": ""@td(MULTI_ORG_TF_BR.org_techflow_id)"", ""name"": ""{{ORG_NAME}}"", ""memberType"": ""Organization"", ""roles"": []}
[REST-EXEC restore_org_final]","VCST-5239; ba-report-2026-07-09.md flow-2 (AC3/AC7 confirmed working)","Draft"
"ORGROLE-014","Org-level role assigned to one organization does not leak to another; global ApplicationUser roles and lockout stay untouched","Org Roles > Organization-Level Inheritance > Isolation","High","BL-B2B-008,BL-AUTH-012","","Runner-native. CONFIRMED WORKING LIVE (ba-report-2026-07-09.md flow-8, AC10 PASS). Regression guard, analogous to the VCST-5028 ORGM-004/ORGM-006 isolation pattern but for the NEW org-level-role surface. Uses the two real, already-isolated fixture orgs (TechFlow = org A via TECHFLOW_ADMIN, BuildRight = org B via BUILDRIGHT_ADMIN) instead of dynamically-created accounts, for the same [AUTH role=] targeting reason documented in ORGROLE-013. Uses org-employee (not org-maintainer) as the org-level test role because BUILDRIGHT_ADMIN already holds 'Organization maintainer' via its own persistent membership role in BuildRight -- reusing that role would make the isolation negative-check (me_b / verify_org_b expecting zero) fail even when isolation works correctly. Steps assert TechFlow's pre-existing roles[] count is zero (ORIGINAL_ROLES_A_COUNT guard) before mutating, so Cleanup's final roles: [] reset is a verified restore, not a blind assumption. NOT SAFE TO RUN IN PARALLEL WITH ORGROLE-013 -- both mutate Organization.Roles on the same shared TechFlow fixture (@td(MULTI_ORG_TF_BR.org_techflow_id)).","back_url={{BACK_URL}}; org_a_id=@td(MULTI_ORG_TF_BR.org_techflow_id); org_b_id=@td(MULTI_ORG_TF_BR.org_buildright_id); org_level_role_id=org-employee","[AUTH role=ADMIN_DEFAULT]
[REST-OP get_org_a]
GET {{BACK_URL}}/api/organizations/@td(MULTI_ORG_TF_BR.org_techflow_id)
[REST-EXEC get_org_a]
[REST-CAPTURE get_org_a.body.name → ORG_A_NAME]
[REST-CAPTURE get_org_a.body.roles.length → ORIGINAL_ROLES_A_COUNT]
[REST-OP assign_org_role_a]
PUT {{BACK_URL}}/api/organizations
Content-Type: application/json
Body: {""id"": ""@td(MULTI_ORG_TF_BR.org_techflow_id)"", ""name"": ""{{ORG_A_NAME}}"", ""memberType"": ""Organization"", ""roles"": [{""organizationId"": ""@td(MULTI_ORG_TF_BR.org_techflow_id)"", ""roleId"": ""org-employee"", ""roleName"": ""Organization employee""}]}
[REST-EXEC assign_org_role_a]
[REST-OP verify_org_a]
GET {{BACK_URL}}/api/organizations/@td(MULTI_ORG_TF_BR.org_techflow_id)
[REST-EXEC verify_org_a]
[REST-OP verify_org_b]
GET {{BACK_URL}}/api/organizations/@td(MULTI_ORG_TF_BR.org_buildright_id)
[REST-EXEC verify_org_b]
[AUTH role=TECHFLOW_ADMIN]
[GQL-OP me_a]
query { me { contact { id rolesInOrganization { id name } } } }
[GQL-EXEC me_a]
[AUTH role=BUILDRIGHT_ADMIN]
[GQL-OP me_b]
query { me { contact { id rolesInOrganization { id name } } } }
[GQL-EXEC me_b]
[AUTH role=ADMIN_DEFAULT]
[REST-OP verify_global_a]
GET {{BACK_URL}}/api/platform/security/users/@td(TECHFLOW_ADMIN.platform_id)
[REST-EXEC verify_global_a]
[REST-OP verify_locked_a]
GET {{BACK_URL}}/api/platform/security/users/@td(TECHFLOW_ADMIN.platform_id)/locked
[REST-EXEC verify_locked_a]","[COUNT label=get_org_a] body.roles.length = 0
[COUNT label=verify_org_a] body.roles[?roleId=org-employee].length = 1
[COUNT label=verify_org_b] body.roles[?roleId=org-employee].length = 0
[COUNT label=me_a] data.me.contact.rolesInOrganization[?id=org-employee].length = 1
[COUNT label=me_b] data.me.contact.rolesInOrganization[?id=org-employee].length = 0
[COUNT label=verify_global_a] body.roles[?id=org-employee].length = 0
[DATA label=verify_locked_a] body.locked = false","[API] The org-level grant on TechFlow never appears in ApplicationUser.roles (global roles) for TECHFLOW_ADMIN -- global vs org-level roles remain distinct storage (BL-B2B-008)","verify_org_b or me_b shows the role reaching BuildRight/BUILDRIGHT_ADMIN (cross-org bleed -- P0 regression on BL-B2B-008); verify_global_a shows org-employee in the user's global roles[] (org-level role incorrectly promoted to global); verify_locked_a returns locked=true (BL-AUTH-012 violation, unrelated mechanism touched); ORIGINAL_ROLES_A_COUNT != 0 at the initial GET (TechFlow's org-level roles[] baseline is not empty -- Cleanup's final roles: [] reset would not be a true restore; investigate before trusting this case's Cleanup)","[AUTH role=ADMIN_DEFAULT]
[REST-OP restore_org_a]
PUT {{BACK_URL}}/api/organizations
Content-Type: application/json
Body: {""id"": ""@td(MULTI_ORG_TF_BR.org_techflow_id)"", ""name"": ""{{ORG_A_NAME}}"", ""memberType"": ""Organization"", ""roles"": []}
[REST-EXEC restore_org_a]","VCST-5239; ba-report-2026-07-09.md flow-8 (AC10 confirmed working)","Draft"
"ORGROLE-015","organization.contacts(roleIds:) filters by the EFFECTIVE role set (org-inherited roles included, not membership-only); omitted/empty roleIds returns the unfiltered list","Org Roles > Contacts Role Filter > AC8","High","BL-B2B-005","ECL-2.3","Runner-native. Closes testing-checklist.md AC8 (GAP -- no prior case exercised `organization.contacts(roleIds:)` at the backend/schema layer; `B2C-MBR-025` in `008-b2b-members.csv` only exercises the storefront CONSUMER of this filter). Field/arg confirmed by LIVE introspection 2026-07-09: `Organization.contacts(after, first, searchPhrase, sort, roleIds: [String])`. LIVE-VERIFIED 2026-07-09 end-to-end on a throwaway org+member: (1) filtering by the member's DIRECT membership role returns them: totalCount 1; (2) filtering by an ORG-LEVEL role the org carries (which this member does NOT hold individually, only via inheritance) ALSO returns them: totalCount 1 -- `contacts(roleIds:)` reflects the UNION/effective role set, not membership-only (BL-B2B-005), which also grounds ORGROLE-017's technique; (3) filtering by a role nobody holds returns totalCount 0; (4) omitting `roleIds` returns the full unfiltered list; (5) `roleIds: []` (empty array) ALSO returns the full unfiltered list, NOT zero -- confirms no accidental empty-set-matches-none semantics (the exact concern testing-checklist.md AC8 flags). IMPORTANT GOTCHA discovered live: creating the `OrganizationMembership` junction record via `POST /api/customer/organization-memberships` alone does NOT make `organization.contacts` see the member -- the Contact record's own `organizations` array must also include the org id (confirmed: `contacts` returned 0 until a `PUT /api/members` set it). Steps below include that link step; omitting it would make this case falsely read as 'contacts returns nothing at all', not a filter-correctness result. Throwaway AGENT-TEST org + member + membership created in Steps.","back_url={{BACK_URL}}; direct_role_id=org-employee; inherited_role_id=org-manager; dead_role_id=purchasing-agent; timestamp={{TIMESTAMP}}; account_password={{DEFAULT_TEST_PASSWORD}}","[AUTH role=ADMIN_DEFAULT]
[GQL-OP create_org]
mutation CreateOrganization($input: InputCreateOrganizationType!) {
  createOrganization(command: $input) { id name }
}
[GQL-VARS create_org] {""input"": {""name"": ""AGENT-TEST-OrgRole-015-{{TIMESTAMP}}""}}
[GQL-EXEC create_org]
[GQL-CAPTURE create_org.data.createOrganization.id → ORG_ID]
[REST-OP create_member]
POST {{BACK_URL}}/api/members
Content-Type: application/json
Body: {""firstName"": ""AGENT-TEST"", ""lastName"": ""OrgRole015"", ""memberType"": ""Contact""}
[REST-EXEC create_member]
[REST-CAPTURE create_member.body.id → MEMBER_ID]
[REST-OP link_member_to_org]
PUT {{BACK_URL}}/api/members
Content-Type: application/json
Body: {""id"": ""{{MEMBER_ID}}"", ""firstName"": ""AGENT-TEST"", ""lastName"": ""OrgRole015"", ""memberType"": ""Contact"", ""organizations"": [""{{ORG_ID}}""]}
[REST-EXEC link_member_to_org]
[REST-OP create_account]
POST {{BACK_URL}}/api/platform/security/users/create
Content-Type: application/json
Body: {""userName"": ""AGENT-TEST-orgrole015@yopmail.com"", ""email"": ""AGENT-TEST-orgrole015@yopmail.com"", ""userType"": ""Customer"", ""storeId"": ""B2B-store"", ""memberId"": ""{{MEMBER_ID}}"", ""emailConfirmed"": true, ""password"": ""{{DEFAULT_TEST_PASSWORD}}""}
[REST-EXEC create_account]
[REST-OP get_user_id]
GET {{BACK_URL}}/api/platform/security/users/AGENT-TEST-orgrole015@yopmail.com
[REST-EXEC get_user_id]
[REST-CAPTURE get_user_id.body.id → USER_ID]
[REST-OP create_membership]
POST {{BACK_URL}}/api/customer/organization-memberships
Content-Type: application/json
Body: {""userId"": ""{{USER_ID}}"", ""organizationId"": ""{{ORG_ID}}"", ""organizationName"": ""AGENT-TEST-OrgRole-015"", ""roles"": [{""roleId"": ""org-employee"", ""roleName"": ""Organization employee""}]}
[REST-EXEC create_membership]
[REST-CAPTURE create_membership.body.id → MEMBERSHIP_ID]
[REST-OP assign_org_level_role]
PUT {{BACK_URL}}/api/organizations
Content-Type: application/json
Body: {""id"": ""{{ORG_ID}}"", ""name"": ""AGENT-TEST-OrgRole-015-{{TIMESTAMP}}"", ""memberType"": ""Organization"", ""roles"": [{""organizationId"": ""{{ORG_ID}}"", ""roleId"": ""org-manager"", ""roleName"": ""Organization manager""}]}
[REST-EXEC assign_org_level_role]
[GQL-OP check_contacts_filter]
query($id: String!) {
  organization(id: $id) {
    directRole: contacts(roleIds: [""org-employee""]) { totalCount }
    inheritedRole: contacts(roleIds: [""org-manager""]) { totalCount }
    deadRole: contacts(roleIds: [""purchasing-agent""]) { totalCount }
    unfiltered: contacts { totalCount }
    emptyFilterArg: contacts(roleIds: []) { totalCount }
  }
}
[GQL-VARS check_contacts_filter] {""id"": ""{{ORG_ID}}""}
[GQL-EXEC check_contacts_filter]","[ERRORS label=create_org] errors[] empty
[ERRORS label=check_contacts_filter] errors[] empty
[COUNT label=check_contacts_filter] data.organization.directRole.totalCount = 1
[COUNT label=check_contacts_filter] data.organization.inheritedRole.totalCount = 1
[COUNT label=check_contacts_filter] data.organization.deadRole.totalCount = 0
[COUNT label=check_contacts_filter] data.organization.unfiltered.totalCount = 1
[COUNT label=check_contacts_filter] data.organization.emptyFilterArg.totalCount = 1","[API] REST GET {{BACK_URL}}/api/customer/organization-memberships/search {""userId"": ""{{USER_ID}}""} shows only the DIRECT `org-employee` role -- confirming `inheritedRole`'s totalCount=1 comes from the org-level grant, not a second direct assignment","inheritedRole.totalCount = 0 (contacts() is membership-only, does not reflect the union -- BL-B2B-005 regression); emptyFilterArg.totalCount = 0 (empty roleIds treated as match-none instead of unfiltered -- the exact AC8 concern); deadRole.totalCount != 0 (filter not applied, returns everyone regardless of roleIds)","[AUTH role=ADMIN_DEFAULT]
[REST DELETE /api/customer/organization-memberships?ids={{MEMBERSHIP_ID}}]
[REST DELETE /api/platform/security/users?names=AGENT-TEST-orgrole015@yopmail.com]
[REST DELETE /api/members?ids={{MEMBER_ID}}]
[REST DELETE /api/members?ids={{ORG_ID}}]","VCST-5239; testing-checklist.md AC8; live-verified 2026-07-09","Draft"
"ORGROLE-016","Contract guard: rolesInOrganization and isLockedInOrganization expose NO organizationId argument (org context is JWT-only, per BL-CROSS-013 proposal)","Org Roles > GraphQL Contract > AC11","Medium","","","Runner-native, pure schema introspection -- no mutation, no fixtures. Closes testing-checklist.md AC11 first bullet (GAP -- no case previously asserted this by schema shape; ORGROLE-013/014 exercise the FUNCTIONAL no-arg-resolves-correctly-from-token behavior already, but never assert the CONTRACT itself). LIVE-VERIFIED 2026-07-09 via `{ __type(name: \""ContactType\"") { fields { name args { name } } } }`: both `rolesInOrganization` and `isLockedInOrganization` currently have an EMPTY `args` array -- the `organizationId` argument VCST-5239 dropped has not been reintroduced. This is the regression guard: if a future change re-adds an explicit `organizationId` arg to either field, this case fails, flagging the exact drift-risk the bl-proposals doc's PROPOSED-BL-CROSS-013 describes (a client-supplied org id could let a caller read another org's data by spoofing it). Business_Rule intentionally left BLANK -- BL-CROSS-013 is a pending proposal awaiting human approval (bl-proposals-2026-07-09.md), not yet promoted into business-logic.md; re-point this case's Business_Rule to the final BL-CROSS-* ID once approved.","back_url={{BACK_URL}}","[GQL-OP introspect_contact_fields]
query {
  __type(name: ""ContactType"") {
    fields {
      name
      args { name }
    }
  }
}
[GQL-EXEC introspect_contact_fields]","[COUNT label=introspect_contact_fields] data.__type.fields[?name=rolesInOrganization].args.length = 0
[COUNT label=introspect_contact_fields] data.__type.fields[?name=isLockedInOrganization].args.length = 0","[API] ORGROLE-013/014's existing `rolesInOrganization` queries (already written with no `organizationId` arg) continue to resolve without `errors[]` for a multi-org actor -- confirms no stale-fixture regression per testing-checklist.md AC11 second bullet","either field's args array is non-empty (an organizationId argument was reintroduced -- reopens the cross-org spoofing risk PROPOSED-BL-CROSS-013 describes); introspection itself returns null for ContactType (type renamed/removed -- broader schema drift, investigate before assuming this specific regression)","No cleanup required -- introspection only, no state mutated","VCST-5239; testing-checklist.md AC11; bl-proposals-2026-07-09.md PROPOSED-BL-CROSS-013 (pending approval)","Automated"
"ORGROLE-017","Permission union: a member with BOTH an org-inherited role AND a distinct own membership role is discoverable under either role; changing/removing the individual role override does not strip the org-inherited grant","Org Roles > Permission Union > AC13","High","BL-B2B-005","","Runner-native. Closes testing-checklist.md AC13 (GAP -- zero direct coverage per the checklist's own note). Combines both AC13 sub-cases the BA docs flag in one lifecycle case (same assign-then-mutate-then-reassert shape as ORGROLE-013): (a) UNION -- a member holding an org-inherited role AND their own distinct membership role must be discoverable via EITHER role, not just one; (b) OVERRIDE CHANGE -- changing that member's own role does not retroactively strip the org-inherited grant (the sharp edge testing-checklist.md AC13 calls out: 'override-removal accidentally deleting the inherited base is a highly plausible implementation bug in a union-merge'). Uses the SAME `organization.contacts(roleIds:)` technique live-verified in ORGROLE-015 as the oracle -- deliberately NOT the `changeOrganizationContactRole` GraphQL mutation as the ORACLE query (that mutation is fine for the WRITE in this case since it is called via the safe REST equivalent, `PUT {{BACK_URL}}/api/customer/organization-memberships/{id}`, live-verified 2026-07-09 -- see ORGROLE-010's note for why the GraphQL mutation itself is avoided with ADMIN_DEFAULT). A fresh throwaway org+member is used (not TechFlow/MULTI_ORG_TF_BR) specifically so the member's OWN role can be safely swapped without risking a widely-shared fixture used by other suites (`027-customer-orgs-invites.csv`, `008-b2b-members.csv`) mid-run. Throwaway AGENT-TEST org + member + membership created in Steps.","back_url={{BACK_URL}}; own_role_id=purchasing-agent; own_role_id_after_swap=org-manager; inherited_role_id=org-employee; timestamp={{TIMESTAMP}}; account_password={{DEFAULT_TEST_PASSWORD}}","[AUTH role=ADMIN_DEFAULT]
[GQL-OP create_org]
mutation CreateOrganization($input: InputCreateOrganizationType!) {
  createOrganization(command: $input) { id name }
}
[GQL-VARS create_org] {""input"": {""name"": ""AGENT-TEST-OrgRole-017-{{TIMESTAMP}}""}}
[GQL-EXEC create_org]
[GQL-CAPTURE create_org.data.createOrganization.id → ORG_ID]
[REST-OP create_member]
POST {{BACK_URL}}/api/members
Content-Type: application/json
Body: {""firstName"": ""AGENT-TEST"", ""lastName"": ""OrgRole017"", ""memberType"": ""Contact""}
[REST-EXEC create_member]
[REST-CAPTURE create_member.body.id → MEMBER_ID]
[REST-OP link_member_to_org]
PUT {{BACK_URL}}/api/members
Content-Type: application/json
Body: {""id"": ""{{MEMBER_ID}}"", ""firstName"": ""AGENT-TEST"", ""lastName"": ""OrgRole017"", ""memberType"": ""Contact"", ""organizations"": [""{{ORG_ID}}""]}
[REST-EXEC link_member_to_org]
[REST-OP create_account]
POST {{BACK_URL}}/api/platform/security/users/create
Content-Type: application/json
Body: {""userName"": ""AGENT-TEST-orgrole017@yopmail.com"", ""email"": ""AGENT-TEST-orgrole017@yopmail.com"", ""userType"": ""Customer"", ""storeId"": ""B2B-store"", ""memberId"": ""{{MEMBER_ID}}"", ""emailConfirmed"": true, ""password"": ""{{DEFAULT_TEST_PASSWORD}}""}
[REST-EXEC create_account]
[REST-OP get_user_id]
GET {{BACK_URL}}/api/platform/security/users/AGENT-TEST-orgrole017@yopmail.com
[REST-EXEC get_user_id]
[REST-CAPTURE get_user_id.body.id → USER_ID]
[REST-OP create_membership]
POST {{BACK_URL}}/api/customer/organization-memberships
Content-Type: application/json
Body: {""userId"": ""{{USER_ID}}"", ""organizationId"": ""{{ORG_ID}}"", ""organizationName"": ""AGENT-TEST-OrgRole-017"", ""roles"": [{""roleId"": ""purchasing-agent"", ""roleName"": ""Purchasing agent""}]}
[REST-EXEC create_membership]
[REST-CAPTURE create_membership.body.id → MEMBERSHIP_ID]
[REST-OP assign_org_level_role]
PUT {{BACK_URL}}/api/organizations
Content-Type: application/json
Body: {""id"": ""{{ORG_ID}}"", ""name"": ""AGENT-TEST-OrgRole-017-{{TIMESTAMP}}"", ""memberType"": ""Organization"", ""roles"": [{""organizationId"": ""{{ORG_ID}}"", ""roleId"": ""org-employee"", ""roleName"": ""Organization employee""}]}
[REST-EXEC assign_org_level_role]
[GQL-OP check_union_before]
query($id: String!) {
  organization(id: $id) {
    ownRole: contacts(roleIds: [""purchasing-agent""]) { totalCount }
    inheritedRole: contacts(roleIds: [""org-employee""]) { totalCount }
  }
}
[GQL-VARS check_union_before] {""id"": ""{{ORG_ID}}""}
[GQL-EXEC check_union_before]
[REST-OP swap_own_role]
PUT {{BACK_URL}}/api/customer/organization-memberships/{{MEMBERSHIP_ID}}
Content-Type: application/json
Body: {""id"": ""{{MEMBERSHIP_ID}}"", ""userId"": ""{{USER_ID}}"", ""organizationId"": ""{{ORG_ID}}"", ""organizationName"": ""AGENT-TEST-OrgRole-017"", ""roles"": [{""roleId"": ""org-manager"", ""roleName"": ""Organization manager""}]}
[REST-EXEC swap_own_role]
[GQL-OP check_union_after]
query($id: String!) {
  organization(id: $id) {
    oldOwnRole: contacts(roleIds: [""purchasing-agent""]) { totalCount }
    newOwnRole: contacts(roleIds: [""org-manager""]) { totalCount }
    inheritedRoleRetained: contacts(roleIds: [""org-employee""]) { totalCount }
  }
}
[GQL-VARS check_union_after] {""id"": ""{{ORG_ID}}""}
[GQL-EXEC check_union_after]","[ERRORS label=create_org] errors[] empty
[ERRORS label=check_union_before] errors[] empty
[ERRORS label=check_union_after] errors[] empty
[COUNT label=check_union_before] data.organization.ownRole.totalCount = 1
[COUNT label=check_union_before] data.organization.inheritedRole.totalCount = 1
[COUNT label=check_union_after] data.organization.oldOwnRole.totalCount = 0
[COUNT label=check_union_after] data.organization.newOwnRole.totalCount = 1
[COUNT label=check_union_after] data.organization.inheritedRoleRetained.totalCount = 1","[API] REST GET {{BACK_URL}}/api/customer/organization-memberships/search {""userId"": ""{{USER_ID}}""} shows only `org-manager` on the membership record after the swap -- the org-employee grant retained above is confirmed to come from Organization.Roles (org-level), not a leftover membership entry","check_union_before.inheritedRole.totalCount = 0 (union not honored -- member with own role A cannot be found via org-inherited role B, BL-B2B-005 regression); check_union_after.inheritedRoleRetained.totalCount = 0 (the sharp edge -- changing/removing the member's own role override STRIPPED the org-inherited grant); check_union_after.oldOwnRole.totalCount != 0 (old role not actually replaced)","[AUTH role=ADMIN_DEFAULT]
[REST DELETE /api/customer/organization-memberships?ids={{MEMBERSHIP_ID}}]
[REST DELETE /api/platform/security/users?names=AGENT-TEST-orgrole017@yopmail.com]
[REST DELETE /api/members?ids={{MEMBER_ID}}]
[REST DELETE /api/members?ids={{ORG_ID}}]","VCST-5239; testing-checklist.md AC13; live-verified 2026-07-09","Draft"
ORGROLE-019,"STORE-scope Membership whitelist override narrows the picker regardless of GLOBAL, proven by removing a currently-visible role",Org Roles > Membership Whitelist > Store Scope Override,High,BL-B2B-011,,"Admin logged into {{BACK_URL}}. STORE-scope twin of ORGROLE-001, exercising the override half of BL-B2B-011's 2026-09-19 amendment. At STORE tenant scope the whitelist is read/written through the v2 tenant-values surface (GET/POST /api/platform/settings/v2/tenant/Store/{storeId}/values), where a dictionary setting's SELECTED set is the `value` field of a flat {settingName: value} map -- inverted from the legacy v1 `allowedValues` field the GLOBAL-scope cases in this suite use (ORGROLE-001/003/004/etc). Source of truth: scripts/seed-data/b2b/membership-roles-whitelist-specs.mjs + set-membership-roles-whitelist.mjs (npm run seed:membership-roles); confirmed live on vcst 2026-09-19 that the fixture alias @td(B2B_STORE_MEMBERSHIP_ROLES.seeded_values) -- Organization employee, Purchasing agent, Organization maintainer, Sales Representative, Advanced Sales Representative (the module's 3 hardcoded pool roles per ModuleConstants.cs plus 2 live-resolved sales-rep roles) -- is already applied to {{STORE_ID}}'s Customer.MembershipRolesWhitelist, and that @td(B2B_STORE_MEMBERSHIP_ROLES.narrowed_omitted_role) ('Purchasing agent') is the single pool role the narrowed variant deliberately omits -- confirmed live on vcst 2026-09-19 via POST /api/platform/security/roles/search {keyword:"""", take:20} returning 20 of 60 roles with 'Purchasing agent' at position 19, i.e. inside the picker's default un-keyworded page, so its disappearance is genuine filtering, not a paging artifact ('Organization employee' and 'Organization maintainer' are both outside that page). The seeder re-checks this property live on every apply and aborts if the role drifts out of the window, so this case no longer has to assume it. This case narrows the STORE value to @td(B2B_STORE_MEMBERSHIP_ROLES.narrowed_values) -- the seeded set minus narrowed_omitted_role -- and asserts the disappearance of @td(B2B_STORE_MEMBERSHIP_ROLES.narrowed_omitted_role), so the case and the fixture can never disagree about which role is the evidence. PICKER PAGING (live-measured 2026-09-18): the Admin SPA roles picker fetches a fixed un-keyworded page of 20 (rolesPickerService.js roles.search({take:20})); this case falsifies via a role that is visible WITHOUT typing a keyword, so its disappearance after narrowing is not confounded by paging (constraint: falsify by removing a currently-visible role, never by adding one that may not be applicable). REFRESH REQUIREMENT: Settings -> Reset cache + a FULL page reload after every settings write, or the picker serves the previous value. Use CDP (not a synthetic click) to open the select2, per the interaction-method correction in ORGROLE-001. Throwaway AGENT-TEST org + member + membership created in Steps.",back_url={{BACK_URL}}; store_id={{STORE_ID}}; password={{DEFAULT_TEST_PASSWORD}}; global_control_role=Organization maintainer,"[AUTH role=ADMIN_DEFAULT]
[REST-OP set_global_control]
POST {{BACK_URL}}/api/platform/settings
Content-Type: application/json
Body: [{""name"": ""Customer.MembershipRolesWhitelist"", ""value"": null, ""allowedValues"": [""Organization maintainer""], ""isDictionary"": true}]
[REST-EXEC set_global_control]
[GQL-OP create_org]
mutation CreateOrganization($input: InputCreateOrganizationType!) {
  createOrganization(command: $input) { id name }
}
[GQL-VARS create_org] {""input"": {""name"": ""AGENT-TEST-OrgRole-019-{{TIMESTAMP}}""}}
[GQL-EXEC create_org]
[GQL-CAPTURE create_org.data.createOrganization.id → ORG_ID]
[REST-OP create_member]
POST {{BACK_URL}}/api/members
Content-Type: application/json
Body: {""firstName"": ""AGENT-TEST"", ""lastName"": ""OrgRole019"", ""memberType"": ""Contact""}
[REST-EXEC create_member]
[REST-CAPTURE create_member.body.id → MEMBER_ID]
[REST-OP create_account]
POST {{BACK_URL}}/api/platform/security/users/create
Content-Type: application/json
Body: {""userName"": ""AGENT-TEST-orgrole019@yopmail.com"", ""email"": ""AGENT-TEST-orgrole019@yopmail.com"", ""userType"": ""Customer"", ""storeId"": ""{{STORE_ID}}"", ""memberId"": ""{{MEMBER_ID}}"", ""emailConfirmed"": true, ""password"": ""{{DEFAULT_TEST_PASSWORD}}""}
[REST-EXEC create_account]
[REST-OP get_user_id]
GET {{BACK_URL}}/api/platform/security/users/AGENT-TEST-orgrole019@yopmail.com
[REST-EXEC get_user_id]
[REST-CAPTURE get_user_id.body.id → USER_ID]
[REST-OP create_membership]
POST {{BACK_URL}}/api/customer/organization-memberships
Content-Type: application/json
Body: {""userId"": ""{{USER_ID}}"", ""organizationId"": ""{{ORG_ID}}"", ""organizationName"": ""AGENT-TEST-OrgRole-019"", ""roles"": [{""roleId"": ""org-employee"", ""roleName"": ""Organization employee""}]}
[REST-EXEC create_membership]
[REST-CAPTURE create_membership.body.id → MEMBERSHIP_ID]
[NAV] Navigate to {{BACK_URL}} Customer module > Contacts via CDP; full page reload with cache disabled/ignored (cache-reset) so the seeded STORE value and the just-written GLOBAL control are both current
[ACT] Open the AGENT-TEST-OrgRole019 contact blade; via CDP, click into the Organization memberships widget's role editor select2 for the membership row to open its dropdown (un-keyworded)
[ASSERT] Read the rendered role options -- record as BASELINE_OPTIONS
[AUTH role=ADMIN_DEFAULT]
[REST-OP narrow_store]
POST {{BACK_URL}}/api/platform/settings/v2/tenant/Store/{{STORE_ID}}/values
Content-Type: application/json
Body: {""Customer.MembershipRolesWhitelist"": @td(B2B_STORE_MEMBERSHIP_ROLES.narrowed_values)}
[REST-EXEC narrow_store]
[NAV] Full page reload with cache disabled/ignored
[ACT] Reopen the AGENT-TEST-OrgRole019 contact blade; via CDP, reopen the role editor select2 for the same membership row (un-keyworded)
[ASSERT] Read the rendered role options again -- record as AFTER_NARROW_OPTIONS","[ERRORS label=create_org] errors[] empty {OBSERVED}
[BLADE] BASELINE_OPTIONS includes 'Purchasing agent' {OBSERVED} -- proves the picker is governed by the STORE-scope override (@td(B2B_STORE_MEMBERSHIP_ROLES.seeded_values)), NOT by the GLOBAL control value just written ([Organization maintainer] alone would not include it) -- store wins regardless of global {BL}
[BLADE] BASELINE_OPTIONS also includes 'Sales Representative' {OBSERVED} -- a role outside the module's hardcoded pool, present only via the STORE override; confirms the picker reads the live STORE tenant value, not the descriptor pool's AllowedValues literal {BL}
[BLADE] AFTER_NARROW_OPTIONS does NOT include @td(B2B_STORE_MEMBERSHIP_ROLES.narrowed_omitted_role) {OBSERVED} -- narrowing the STORE value to @td(B2B_STORE_MEMBERSHIP_ROLES.narrowed_values) removed a role that was genuinely visible in BASELINE_OPTIONS, not one added speculatively {BL}
[BLADE] AFTER_NARROW_OPTIONS does not equal the GLOBAL control set ([Organization maintainer] only) either -- e.g. 'Organization employee' remains present {OBSERVED} -- confirms the picker keeps reading the STORE value throughout and never falls back to GLOBAL while STORE is non-empty, even a single-entry STORE value {BL}","[API] GET {{BACK_URL}}/api/platform/settings/v2/tenant/Store/{{STORE_ID}}/values -- the ""Customer.MembershipRolesWhitelist"" key equals @td(B2B_STORE_MEMBERSHIP_ROLES.pre_state) after narrow_store, confirming AFTER_NARROW_OPTIONS reflects the persisted STORE value rather than a stale cache",BASELINE_OPTIONS omits 'Purchasing agent' or 'Sales Representative' after a genuine cache-reset+reload (picker wrongly following the GLOBAL control value or the module's hardcoded pool instead of the STORE override -- the exact field-inversion violation BL-B2B-011's 2026-09-19 amendment describes); AFTER_NARROW_OPTIONS still contains 'Purchasing agent' (STORE-scope write not honored / stale cache); AFTER_NARROW_OPTIONS equals the GLOBAL control set alone (picker wrongly fell back to GLOBAL while STORE is still non-empty); a synthetic click that fails to open the select2 dropdown misread as a genuine narrowed result,"[AUTH role=ADMIN_DEFAULT]
[REST-OP restore_store]
POST {{BACK_URL}}/api/platform/settings/v2/tenant/Store/{{STORE_ID}}/values
Content-Type: application/json
Body: {""Customer.MembershipRolesWhitelist"": @td(B2B_STORE_MEMBERSHIP_ROLES.seeded_values_json)}
[REST-EXEC restore_store]
[REST-OP restore_global]
POST {{BACK_URL}}/api/platform/settings
Content-Type: application/json
Body: [{""name"": ""Customer.MembershipRolesWhitelist"", ""value"": null, ""allowedValues"": [], ""isDictionary"": true}]
[REST-EXEC restore_global]
[REST DELETE /api/customer/organization-memberships?ids={{MEMBERSHIP_ID}}]
[REST DELETE /api/platform/security/users?names=AGENT-TEST-orgrole019@yopmail.com]
[REST DELETE /api/members?ids={{MEMBER_ID}}]
[REST DELETE /api/members?ids={{ORG_ID}}]",VCST-5239; customer#304; BL-B2B-011 (amended 2026-09-19); Archetype:CONFIG; Technique:DT,Draft
ORGROLE-020,Empty STORE-scope Membership whitelist falls through to the live GLOBAL whitelist -- never asserted as unconditional 'all roles',Org Roles > Membership Whitelist > Store Scope Fallback,High,BL-B2B-011,,"Admin logged into {{BACK_URL}}. STORE-scope twin of ORGROLE-018, exercising the fallback half of BL-B2B-011's 2026-09-19 amendment. rolesPickerService.js gates the STORE override with `if (storeValues.length)` -- an empty/absent STORE value is falsy-length, so the override is SKIPPED and the picker falls through to the GLOBAL whitelist, a SECOND hop. On vcst this reads as 'all roles' only because GLOBAL happens to be empty ([]) at rest (see ORGROLE-018's SCOPE NOTE); a deployment with a non-empty GLOBAL whitelist would narrow instead. Per BL-B2B-011's own Violation signal, a case that asserts 'empty STORE ⇒ all roles' without independently confirming GLOBAL is also empty records a coincidence, not the mechanism -- this case therefore WRITES GLOBAL to a KNOWN, deliberately non-empty control set and READS IT BACK live in the same run (EXPECTED_GLOBAL) rather than assuming any ambient state, then asserts the picker against that captured value. Control set chosen for a three-way divergence against the B2B_STORE_MEMBERSHIP_ROLES fixture: 'Purchasing agent' (inside the picker's default un-keyworded page of 20, live-measured 2026-09-18) and 'Organization maintainer' (outside it, requires a keyword) are both in EXPECTED_GLOBAL; 'Advanced Sales Representative' (@td(B2B_STORE_MEMBERSHIP_ROLES.sales_rep_roles), STORE-fixture-only) and 'Organization employee' (module pool, STORE-fixture-only) are both NOT in EXPECTED_GLOBAL, so their absence rules out both 'still serving the stale STORE fixture' and 'empty STORE means unconditional all-roles'. Source of truth: same v1/v2 field-inversion mechanism as ORGROLE-019 -- see that case's Preconditions. REFRESH REQUIREMENT: Settings -> Reset cache + full page reload after every write. Use CDP (not a synthetic click) to open the select2. Throwaway AGENT-TEST org + member + membership created in Steps. Cleanup restores STORE to the full seeded_values set via @td(B2B_STORE_MEMBERSHIP_ROLES.seeded_values_json) and GLOBAL to empty (this suite's established neutral resting state, per ORGROLE-005).","back_url={{BACK_URL}}; store_id={{STORE_ID}}; password={{DEFAULT_TEST_PASSWORD}}; global_control_roles=Organization maintainer,Purchasing agent","[AUTH role=ADMIN_DEFAULT]
[REST-OP set_global_control]
POST {{BACK_URL}}/api/platform/settings
Content-Type: application/json
Body: [{""name"": ""Customer.MembershipRolesWhitelist"", ""value"": null, ""allowedValues"": [""Organization maintainer"", ""Purchasing agent""], ""isDictionary"": true}]
[REST-EXEC set_global_control]
[REST-OP read_global]
GET {{BACK_URL}}/api/platform/settings/Customer.MembershipRolesWhitelist
[REST-EXEC read_global]
[REST-CAPTURE read_global.body.allowedValues → EXPECTED_GLOBAL]
[REST-OP clear_store]
POST {{BACK_URL}}/api/platform/settings/v2/tenant/Store/{{STORE_ID}}/values
Content-Type: application/json
Body: {""Customer.MembershipRolesWhitelist"": []}
[REST-EXEC clear_store]
[GQL-OP create_org]
mutation CreateOrganization($input: InputCreateOrganizationType!) {
  createOrganization(command: $input) { id name }
}
[GQL-VARS create_org] {""input"": {""name"": ""AGENT-TEST-OrgRole-020-{{TIMESTAMP}}""}}
[GQL-EXEC create_org]
[GQL-CAPTURE create_org.data.createOrganization.id → ORG_ID]
[REST-OP create_member]
POST {{BACK_URL}}/api/members
Content-Type: application/json
Body: {""firstName"": ""AGENT-TEST"", ""lastName"": ""OrgRole020"", ""memberType"": ""Contact""}
[REST-EXEC create_member]
[REST-CAPTURE create_member.body.id → MEMBER_ID]
[REST-OP create_account]
POST {{BACK_URL}}/api/platform/security/users/create
Content-Type: application/json
Body: {""userName"": ""AGENT-TEST-orgrole020@yopmail.com"", ""email"": ""AGENT-TEST-orgrole020@yopmail.com"", ""userType"": ""Customer"", ""storeId"": ""{{STORE_ID}}"", ""memberId"": ""{{MEMBER_ID}}"", ""emailConfirmed"": true, ""password"": ""{{DEFAULT_TEST_PASSWORD}}""}
[REST-EXEC create_account]
[REST-OP get_user_id]
GET {{BACK_URL}}/api/platform/security/users/AGENT-TEST-orgrole020@yopmail.com
[REST-EXEC get_user_id]
[REST-CAPTURE get_user_id.body.id → USER_ID]
[REST-OP create_membership]
POST {{BACK_URL}}/api/customer/organization-memberships
Content-Type: application/json
Body: {""userId"": ""{{USER_ID}}"", ""organizationId"": ""{{ORG_ID}}"", ""organizationName"": ""AGENT-TEST-OrgRole-020"", ""roles"": [{""roleId"": ""org-manager"", ""roleName"": ""Organization manager""}]}
[REST-EXEC create_membership]
[REST-CAPTURE create_membership.body.id → MEMBERSHIP_ID]
[NAV] Navigate to {{BACK_URL}} Customer module > Contacts via CDP; full page reload with cache disabled/ignored (cache-reset) so the empty STORE value and the just-written GLOBAL control are both current
[ACT] Open the AGENT-TEST-OrgRole020 contact blade; via CDP, click into the Organization memberships widget's role editor select2 for the membership row to open its dropdown (un-keyworded)
[ASSERT] Read the rendered role options -- record as BASELINE_UNKEYWORDED_OPTIONS
[ACT] Via CDP, type keyword 'maintainer' into the select2 search box
[ASSERT] Read the filtered options -- record as KEYWORD_MAINTAINER_OPTIONS
[ACT] Clear the keyword; via CDP, type keyword 'employee' into the select2 search box
[ASSERT] Read the filtered options -- record as KEYWORD_EMPLOYEE_OPTIONS","[ERRORS label=create_org] errors[] empty {OBSERVED}
[BLADE] EXPECTED_GLOBAL == {Organization maintainer, Purchasing agent} {OBSERVED} -- read back live from read_global in this same run, never assumed {BL}
[BLADE] BASELINE_UNKEYWORDED_OPTIONS includes 'Purchasing agent' {OBSERVED} -- a member of EXPECTED_GLOBAL, confirming the picker fell through to GLOBAL rather than showing zero options {BL}
[BLADE] BASELINE_UNKEYWORDED_OPTIONS does NOT include 'Advanced Sales Representative' {OBSERVED} -- part of the STORE fixture (@td(B2B_STORE_MEMBERSHIP_ROLES.sales_rep_roles)) but not of EXPECTED_GLOBAL; its absence rules out the picker still serving the stale STORE fixture value {BL}
[BLADE] KEYWORD_MAINTAINER_OPTIONS includes 'Organization maintainer' {OBSERVED} -- the second EXPECTED_GLOBAL entry, confirmed present once the picker's default-page paging is accounted for via keyword {BL}
[BLADE] KEYWORD_EMPLOYEE_OPTIONS does NOT include 'Organization employee' {OBSERVED} -- absent from EXPECTED_GLOBAL; its absence even WITH a keyword bringing it into scope rules out paging as the explanation and isolates a genuine filter result, not an unconditional 'empty STORE = all roles' fallback {BL}","[API] GET {{BACK_URL}}/api/platform/settings/Customer.MembershipRolesWhitelist -- allowedValues == EXPECTED_GLOBAL, captured in the same run and used as the assertion target, never a hardcoded 'all roles' assumption, per BL-B2B-011's 2026-09-19 amendment
[API] GET {{BACK_URL}}/api/platform/settings/v2/tenant/Store/{{STORE_ID}}/values -- ""Customer.MembershipRolesWhitelist"" == [] (falsy-length), confirming the STORE override was genuinely empty/skipped, not merely absent from the response","BASELINE_UNKEYWORDED_OPTIONS shows ZERO options (wrongly treats STORE-empty + GLOBAL-non-empty as a lockout); BASELINE_UNKEYWORDED_OPTIONS shows the full ~60-role platform list (wrongly treats STORE-empty as unconditional no-restriction, ignoring the non-empty GLOBAL value -- the exact violation signal BL-B2B-011's amendment names: asserting empty-STORE-means-all-roles without confirming GLOBAL is also empty); 'Advanced Sales Representative' or 'Organization employee' is offered at any point (picker serving a stale STORE value, or genuinely unfiltered, instead of falling through to GLOBAL); KEYWORD_MAINTAINER_OPTIONS omits 'Organization maintainer' (GLOBAL fallback not honored / stale cache); a synthetic click that fails to open the select2 dropdown misread as a genuine result","[AUTH role=ADMIN_DEFAULT]
[REST-OP restore_store]
POST {{BACK_URL}}/api/platform/settings/v2/tenant/Store/{{STORE_ID}}/values
Content-Type: application/json
Body: {""Customer.MembershipRolesWhitelist"": @td(B2B_STORE_MEMBERSHIP_ROLES.seeded_values_json)}
[REST-EXEC restore_store]
[REST-OP restore_global]
POST {{BACK_URL}}/api/platform/settings
Content-Type: application/json
Body: [{""name"": ""Customer.MembershipRolesWhitelist"", ""value"": null, ""allowedValues"": [], ""isDictionary"": true}]
[REST-EXEC restore_global]
[REST DELETE /api/customer/organization-memberships?ids={{MEMBERSHIP_ID}}]
[REST DELETE /api/platform/security/users?names=AGENT-TEST-orgrole020@yopmail.com]
[REST DELETE /api/members?ids={{MEMBER_ID}}]
[REST DELETE /api/members?ids={{ORG_ID}}]",VCST-5239; customer#304; BL-B2B-011 (amended 2026-09-19); Archetype:FALLBACK; Technique:DT,Draft
