ID,Title,Section,Priority,Business_Rule,Edge_Case_Refs,Preconditions,Test_Data,Steps,Assertions,Cross_Layer_Checks,Failure_Signals,Cleanup,References,Automation_Status
BKRS-001,Catalog module loads under the PR platform-version requirement,Backup Restore > Deployment Gate,Critical,,ECL-14.8,Platform image tag 3.1059.0-pr-3099-da0b-vcst-5387-top-level-catalog-assets; VirtoCommerce.Catalog 3.1041.0-pr-904-ce58; VirtoCommerce.BackupRestore 3.1004.0-pr-5-2048 deployed on {{BACK_URL}},back_url={{BACK_URL}},"1. [AUTH] POST {{BACK_URL}}/connect/token as the platform admin to obtain a bearer token
2. [HTTP] GET {{BACK_URL}}/api/platform/modules with the bearer token
3. [STATUS] Read the VirtoCommerce.Catalog and VirtoCommerce.BackupRestore entries: version, isInstalled, validationErrors
4. [ADMIN] Open the Admin SPA and confirm the Catalog and Backup/Restore menu items render","{OBSERVED} VirtoCommerce.Catalog reported version 3.1042.0-pr-904-2bfa and VirtoCommerce.BackupRestore reported 3.1004.0-pr-5-2048, both isInstalled=true with errors=[] and validationErrors=[].
{OBSERVED} Both modules declare platformVersion 3.1059.0-alpha.13363-vcst-5387-top-level-catalog-assets and loaded cleanly against the deployed Platform 3.1061.0; all 91 installed modules reported no errors and none was uninstalled.",Admin SPA Catalog blade opens with no module-load error toast; /health does not report a degraded module,Module validationErrors non-empty; Admin SPA Catalog menu absent; platform log reports a required-platform-version mismatch; a module reports the pre-deploy version,none,"VCST-5387; vc-platform#3099; vc-module-catalog#904; vc-module-backup-restore#5; Verified: VCST-5387 (2026-08-19, vcptcore-qa1)",Reviewed
BKRS-002,Backup with binary data produces readable Catalog JSON and not a nested ZIP,Backup Restore > Package Shape,Critical,,,"Fixture catalog seeded per the BKRS test-data design (category, product and variation each carrying one image and one file asset); BKRS-001 passed",back_url={{BACK_URL}},"1. [ADMIN] Open Admin SPA > Settings > Backup and restore on {{BACK_URL}}
2. [ADMIN] Create a backup selecting VirtoCommerce.Catalog only with Handle binary data (Binary) ENABLED
3. [WAIT] Wait for the backup job to reach Completed and download the resulting outer ZIP
4. [FILE] Extract the outer ZIP and inspect the VirtoCommerce.Catalog.json entry","{OBSERVED} VirtoCommerce.Catalog.json is a top-level entry of 4661405 bytes beginning 0x7b22 ({""), parses as JSON, and exposes PropertyGroups/Properties/Catalogs/Categories/Products — it is not a nested ZIP.
{OBSERVED} The backup job finished Completed with errors=[]; Manifest.json records HandleBinaryData=true, PartUri=VirtoCommerce.Catalog.json and IsEncrypted=false.",Backup job status endpoint reports Completed; platform log has no export exception for the Catalog module,VirtoCommerce.Catalog.json begins with the PK signature; the entry is a nested ZIP; the job reports an export error,Delete the downloaded backup file,"VCST-5387; final-architecture comment 2026-08-11; Verified: VCST-5387 (2026-08-19, vcptcore-qa1)",Reviewed
BKRS-003,Assets stored as top-level assets/<sourceUrl> preserving hierarchy names and extensions,Backup Restore > Package Shape,Critical,,,BKRS-002 backup ZIP available,back_url={{BACK_URL}},"1. [FILE] List every entry name in the outer backup ZIP produced by BKRS-002
2. [FILE] Filter the entries whose name starts with assets/
3. [HTTP] GET the Assets API for each fixture asset to read its source blob relative URL
4. [FILE] Compare each assets/ entry path against the corresponding source blob relative URL","{OBSERVED} 1050 assets/ entries, every one a readable assets/<sourceUrl> path keeping its folder, file name and real extension (e.g. assets/catalog/AGENT-TEST-BKRS5387/category-image.png).
{OBSERVED} Entry count equals the number of distinct relative asset URLs (1050 entries, 1050 distinct references); each fixture entry matched its source byte size exactly (130718 / 77720 / 611 / 138002 / 223548 / 138420).",Each assets/ entry is non-empty and its uncompressed size matches the source blob size reported by the Assets API,No assets/ entries present; flattened or renamed entry paths; extensions stripped; entry count exceeds the distinct-URL count,none,"VCST-5387; comments 2026-08-10 and 2026-08-11; Verified: VCST-5387 (2026-08-19, vcptcore-qa1)",Reviewed
BKRS-004,No SHA256-based assets/*.bin entries are produced,Backup Restore > Package Shape,High,,,BKRS-002 backup ZIP available,back_url={{BACK_URL}},"1. [FILE] List every entry under assets/ in the BKRS-002 backup ZIP
2. [FILE] Match each entry name against the pattern assets/<64 lowercase hex characters>.bin","{OBSERVED} Zero entries match assets/<64-hex>.bin — the superseded hashed naming is not written on export.
{OBSERVED} Zero assets/ entries lack a file extension; every one carries a human-readable source path.",none,Any assets/<64-hex>.bin entry present in a freshly produced backup; an assets/ entry whose name carries no file extension,none,"VCST-5387; comment 2026-08-11 states SHA256 naming is no longer used; Verified: VCST-5387 (2026-08-19, vcptcore-qa1)",Reviewed
BKRS-005,Catalog JSON carries binaryDataReference and no inline base64 binaryData,Backup Restore > Package Shape,Critical,,,BKRS-002 backup ZIP available,back_url={{BACK_URL}},"1. [FILE] Extract VirtoCommerce.Catalog.json from the BKRS-002 backup ZIP
2. [FILE] Collect every binaryDataReference value in the JSON
3. [FILE] Search the JSON for any binaryData property carrying a non-null base64 payload
4. [FILE] Cross-check each binaryDataReference value against the assets/ entry names from BKRS-003","{OBSERVED} 1054 binaryDataReference occurrences over 1050 distinct values and ZERO non-null inline binaryData; the JSON is 4661405 bytes with binaries versus 4581109 without, i.e. binaries are not inlined.
{OBSERVED} References and entries are consistent in both directions: 0 references without a matching ZIP entry and 0 entries no reference points at.","VirtoCommerce.Catalog.json size is far smaller than the summed asset size, confirming binaries are not inlined",Inline base64 binaryData present; a binaryDataReference with no matching ZIP entry; a ZIP entry no reference points at,none,"VCST-5387; AssetBase.BinaryDataReference in vc-module-catalog#904; Verified: VCST-5387 (2026-08-19, vcptcore-qa1)",Reviewed
BKRS-006,Duplicate source URLs reuse a single ZIP entry,Backup Restore > Deduplication,High,,,Fixture includes two catalog objects referencing the SAME relative blob URL,back_url={{BACK_URL}},"1. [SETUP] Identify the two fixture objects sharing one relative asset URL
2. [ADMIN] Create a backup with Binary enabled
3. [FILE] Count the assets/ entries matching that shared source URL
4. [FILE] Read both objects binaryDataReference values in VirtoCommerce.Catalog.json","{OBSERVED} The shared URL assets/catalog/AGENT-TEST-BKRS5387/shared-image.png is written as exactly 1 ZIP entry carrying 2 references (category + variation); manual.pdf behaves the same, and the 1054-vs-1050 reference delta is exactly these two duplicates.
{OBSERVED} Both referencing objects hold the identical binaryDataReference value pointing at that single entry.","Total package size reflects one copy of the shared binary, not two",Two identical-content entries for one URL; divergent references for the same source URL,none,"VCST-5387; BackupBinaryDataWriter dedup via its _entries HashSet; Verified: VCST-5387 (2026-08-19, vcptcore-qa1)",Reviewed
BKRS-007,External absolute image URLs are left external and not copied into the package,Backup Restore > External Assets,High,,,Fixture includes one catalog object whose image uses an external absolute URL,back_url={{BACK_URL}},"1. [SETUP] Note the external absolute URL configured on the fixture object
2. [ADMIN] Create a backup with Binary enabled
3. [FILE] Read that object entry in VirtoCommerce.Catalog.json
4. [FILE] Search the assets/ entries for any entry derived from the external URL","{OBSERVED} The external image object keeps url and relativeUrl byte-identical to the original absolute URL and has NO binaryDataReference field at all.
{OBSERVED} Zero ZIP entries derive from the external URL, and no outbound request to that host appeared during the export window.",No outbound egress request to the external host appears in platform logs during the export window,External URL rewritten or relativized; an assets/ entry created for it; an outbound fetch attempted,none,"VCST-5387; external URLs remain external per comment 2026-08-11; Verified: VCST-5387 (2026-08-19, vcptcore-qa1)",Reviewed
BKRS-008,Restore recovers category product and variation images and files after source deletion,Backup Restore > Restore Fidelity,Critical,,,BKRS-002 backup ZIP available,back_url={{BACK_URL}},"1. [HTTP] GET each fixture source blob and record its size and SHA256 checksum
2. [ADMIN] Delete the source assets through Admin SPA > Assets
3. [HTTP] GET each deleted asset URL and confirm it no longer resolves
4. [ADMIN] Restore the BKRS-002 backup with Handle binary data ENABLED
5. [HTTP] GET each restored blob and recompute its size and SHA256 checksum
6. [ADMIN] Open the category, product and variation and confirm the image and file associations render","{OBSERVED} After deleting the source blobs (all confirmed HTTP 404) and restoring, every blob returned byte-identical: size and SHA256 matched the pre-delete baseline for 6/6 small fixture files, and later for 2/2 90 MiB assets.
{OBSERVED} Associations survived intact: the category kept 2 images + 1 file asset, the product 2 images (one external) + 1 asset, the variation 2 images + 1 asset.",Restored asset URLs return HTTP 200 with the correct Content-Type; Admin SPA renders each image thumbnail,Checksum or size mismatch; a restored asset URL not resolving; broken thumbnail; an association lost after restore,Re-seed the fixture assets if the restore left them inconsistent,"VCST-5387; QA step 6 of comment 2026-08-11; Verified: VCST-5387 (2026-08-19, vcptcore-qa1)",Reviewed
BKRS-009,Shared-URL objects resolve to the one restored shared blob,Backup Restore > Restore Fidelity,High,,,BKRS-006 and BKRS-008 executed,back_url={{BACK_URL}},"1. [HTTP] Resolve the asset URL of BOTH objects that shared one source URL after the BKRS-008 restore
2. [HTTP] Download the blob behind each and compare content byte-for-byte
3. [STATUS] Confirm both objects reference the same blob path","{OBSERVED} After restore both the category and the variation reference the same shared relativeUrl, and the single restored blob serves HTTP 200 at 77720 bytes.
{OBSERVED} Blob storage holds one physical file for the shared URL — the single sidecar entry was restored once and referenced twice.",Blob storage holds exactly one physical file for the shared URL after restore,Only one of the two objects resolves; divergent blob paths; one object left with a dangling URL,none,"VCST-5387; QA step 8 of comment 2026-08-11; Verified: VCST-5387 (2026-08-19, vcptcore-qa1)",Reviewed
BKRS-010,Missing physical asset is a warning and does not fail the module export,Backup Restore > Error Policy,Critical,,ECL-10.2,A fixture object whose catalog asset record points at a blob deleted from storage,back_url={{BACK_URL}},"1. [SETUP] Delete the underlying blob for one fixture asset while leaving the catalog asset record in place
2. [ADMIN] Create a backup with Binary enabled
3. [STATUS] Read the backup job status and the platform log entries for that asset
4. [FILE] Inspect the affected entity in VirtoCommerce.Catalog.json","{OBSERVED} With the datasheet.pdf blob deleted but its catalog record intact, the export finished with errors=[] and the Catalog module was not reported as errored.
{OBSERVED} The asset row was still exported but with binaryDataReference absent, and no assets/ entry was emitted for it. The WARNING log line itself is not observable from outside the cluster; the PR unit test DoExportAsync_BlobReadFailure_... asserts empty progress errors plus exactly one Warning naming the missing url.",Platform log shows a warning naming the unreadable asset with no exception stack for it,Backup job fails or flags the Catalog module as errored; the whole export aborts; the missing asset logged only at Debug or not at all,Restore the deleted blob,"VCST-5387; QA step 7 of comment 2026-08-11; Verified: VCST-5387 (2026-08-19, vcptcore-qa1)",Reviewed
BKRS-011,Catalog with no images or files still produces a valid backup with no sidecars,Backup Restore > Empty Case,Medium,,,A catalog whose entities carry zero image and zero file assets,back_url={{BACK_URL}},"1. [SETUP] Select a catalog with no asset attachments
2. [ADMIN] Create a backup with Binary enabled scoped to VirtoCommerce.Catalog
3. [FILE] List the resulting outer ZIP entries
4. [ADMIN] Restore that backup and confirm it completes","{OBSERVED} An asset-free catalog and category exported carrying 0 image and 0 asset rows and contributed no assets/ entries of their own; export errors=[].
{OBSERVED} The same package restored with errors limited to the pre-existing NFC_ product skip, so an asset-free catalog round-trips. Export is module-scoped, so the catalog cannot be exported in isolation.",none,Backup invalid or unrestorable; spurious empty assets/ entries; restore throws on the absent asset directory,none,"VCST-5387; QA step 8 of comment 2026-08-11; Verified: VCST-5387 (2026-08-19, vcptcore-qa1)",Reviewed
BKRS-012,HandleBinaryData disabled keeps Catalog export as plain JSON with no binary restored,Backup Restore > Flag Gating,Critical,,,Fixture catalog with assets present,back_url={{BACK_URL}},"1. [ADMIN] Create a backup selecting VirtoCommerce.Catalog with Handle binary data (Binary) DISABLED
2. [FILE] List the outer ZIP entries and inspect VirtoCommerce.Catalog.json
3. [SETUP] Delete one fixture source blob
4. [ADMIN] Restore that backup with Binary disabled
5. [HTTP] GET the deleted asset URL and observe whether it resolves","{OBSERVED} With HandleBinaryData=false the package holds exactly 3 entries (PlatformEntries.json, VirtoCommerce.Catalog.json, Manifest.json), zero assets/ entries, zero binaryDataReference occurrences, and 504324 bytes against 63373120 for the binary-on package.
{OBSERVED} The flag-off restore recovered 0 of 6 deleted blobs — there was physically nothing to restore, since the package carries no asset entries.",none,assets/ entries written while the flag is off; binary content restored despite the flag being off,Re-seed the deleted blob,"VCST-5387; QA step 10 of comment 2026-08-11; Verified: VCST-5387 (2026-08-19, vcptcore-qa1)",Reviewed
BKRS-013,Legacy backup with inline base64 binaryData still imports,Backup Restore > Backward Compatibility,Critical,,,"A pre-change Catalog backup taken from a build BEFORE vc-module-catalog#904, containing inline base64 BinaryData",back_url={{BACK_URL}},"1. [SETUP] Obtain a legacy plain-JSON Catalog backup containing inline base64 BinaryData
2. [ADMIN] Restore it on the PR build with Handle binary data ENABLED
3. [HTTP] GET the restored image URLs and confirm they resolve
4. [ADMIN] Confirm the restored images render in Admin SPA","{OBSERVED} A legacy plain-JSON package (3 entries, no assets/ directory, inline base64 binaryData) restored on the new build with no format-detection error.
{OBSERVED} Every blob the legacy package carried came back byte-identical by SHA256 (5 of the 5 present at the time), so the inline-base64 read path is still wired.",Restore job reports Completed with no import error for the Catalog module,Import rejects the legacy payload; images missing after restore; format-detection exception,none,"VCST-5387; QA step 9c of comment 2026-08-11; Verified: VCST-5387 (2026-08-19, vcptcore-qa1)",Reviewed
BKRS-014,Legacy nested Catalog package with SHA256 .bin references still imports,Backup Restore > Backward Compatibility,High,,,A Catalog backup produced by the interim build using assets/<sha256>.bin naming (commits 498a50ba..6df1ebfe of vc-module-catalog#904),back_url={{BACK_URL}},"1. [SETUP] Obtain a nested-package Catalog backup using SHA256 assets/*.bin references
2. [ADMIN] Restore it on the final PR build with Binary enabled
3. [HTTP] GET the restored image URLs and confirm they resolve","{OBSERVED} A nested package (package.json + catalog.json + assets/<SHA256-HEX>.bin, entries STORED) was detected as a nested format rather than plain JSON and imported.
{OBSERVED} All 6 blobs restored byte-identical from SHA256-named sidecars, with no errors beyond the pre-existing NFC_ product skip — CatalogPackageFormat.IsLegacyBinaryDataReference is exercised.",Restore job reports Completed with no import error for the Catalog module,Format detection fails; binaries not restored; the legacy SHA256 branch is unreachable,none,"VCST-5387; compatibility list in comment 2026-08-11; CatalogPackageFormat.IsLegacyBinaryDataReference; Verified: VCST-5387 (2026-08-19, vcptcore-qa1)",Reviewed
BKRS-015,Legacy nested Catalog package with readable source-path references still imports,Backup Restore > Backward Compatibility,High,,,A Catalog backup produced by the interim build using nested assets/<sourceUrl> naming (commit 79293dc7),back_url={{BACK_URL}},"1. [SETUP] Obtain a nested-package Catalog backup using readable source-path references
2. [ADMIN] Restore it on the final PR build with Binary enabled
3. [HTTP] GET the restored image URLs and confirm they resolve","{OBSERVED} A nested package using readable assets/<sourceUrl> references reached restore completion on the final build with zero format-detection errors.
{OBSERVED} All 6 blobs restored byte-identical, with no errors beyond the pre-existing NFC_ product skip.",Restore job reports Completed; restored checksums match the originals captured when that backup was produced,Nested package rejected; binaries not restored,none,"VCST-5387; compatibility list in comment 2026-08-11; Verified: VCST-5387 (2026-08-19, vcptcore-qa1)",Reviewed
BKRS-016,Unsafe binary reference paths are rejected on import,Backup Restore > Path Safety,Critical,,ECL-6.4,A crafted Catalog backup whose binaryDataReference values are unsafe package paths,back_url={{BACK_URL}},"1. [SETUP] Craft a Catalog backup whose binaryDataReference is each of: assets/../evil.txt | assets/./x.jpg | a backslash form assets\evil.jpg | evil/x.jpg with no assets/ prefix | assets/ with an empty relative path | a reference containing a control character
2. [ADMIN] Attempt to restore each crafted backup with Binary enabled
3. [STATUS] Record the error surfaced for each unsafe reference
4. [FILE] Inspect blob storage for any file written outside the intended asset root","{OBSERVED} All seven unsafe references were rejected, each error naming the offending value: assets/../evil, assets/./evil, a backslash form, a missing assets/ prefix, an empty relative path and a control character were refused as ""not a safe package path""; the percent-encoded traversal assets/a%2F..%2F..%2F was caught by a second guard reporting it does not match the destination URL.
{OBSERVED} Probing the blob tree afterwards found ZERO stray files outside the intended asset root.",Blob storage tree contains no file resulting from a traversal reference; no write lands above the asset root,A traversal reference accepted; a file written outside the asset root; a generic 500 that hides the rejection reason,Remove any file a traversal attempt wrote,"VCST-5387; BinaryDataEntryPath.Validate; CatalogPackageFormat.IsValidBinaryDataReference; Verified: VCST-5387 (2026-08-19, vcptcore-qa1)",Reviewed
BKRS-017,A reference that failed to write is not silently retried with different content,Backup Restore > Error Policy,High,,,Ability to induce a write failure on one asset entry during export,back_url={{BACK_URL}},"1. [SETUP] Induce a failure while writing one asset entry during export, for example by making the source blob unreadable mid-export
2. [SETUP] Trigger a second write attempt for the SAME reference within the same export run
3. [STATUS] Record the error raised for the second attempt
4. [FILE] Inspect the package for the content stored under that reference","{HYPOTHESIS} Does the second attempt for a previously-failed reference raise an error stating the entry could not be written earlier in this export?
{HYPOTHESIS} Is there NO entry silently written with different content under that same reference?",The failure is surfaced on the backup job rather than swallowed,Second attempt writes silently; two different contents under one reference; the failure is swallowed,none,VCST-5387; BackupBinaryDataWriter _failedEntries guard,Draft
BKRS-018,Export memory stays bounded for a large asset,Backup Restore > Memory Footprint,Critical,,ECL-10.1,A fixture asset of at least 200 MB attached to a product; a way to observe platform memory,back_url={{BACK_URL}},"1. [STATUS] Record baseline platform working-set and managed-heap before the export
2. [ADMIN] Create a backup with Binary enabled including the large asset
3. [STATUS] Sample platform memory at short intervals during the export
4. [MATH] Compare the peak memory delta against the asset size","{OBSERVED} Five back-to-back binary exports pushed 900 MiB of incompressible assets (deflate ratio 1.0003) in 3.5 minutes; the executing pod went 559 -> 559 MiB with a peak excursion of about 4 MiB, while buffering would have reached ~1.4 GiB by run 5.
{OBSERVED} No OutOfMemoryException and no container restart; the pod also fell back from its peak (563 -> 553 -> 559 MiB), showing the plateau is retained GC heap plus page cache rather than a leak.","Grafana workload vcptcore-qa1-platform, per-pod series (two replicas; a deployment average would halve the spike). 4 GiB limit at ~520-560 MiB usage, so an OOM was never the detector — the graph delta is.",Memory delta approximates or exceeds the asset size; OOM; container OOMKilled; export times out,Delete the large fixture asset,"VCST-5387; story goal of bounded predictable memory; QA step 11 of comment 2026-08-11; Verified: VCST-5387 (2026-08-19, vcptcore-qa1)",Reviewed
BKRS-019,Import memory stays bounded for a large asset,Backup Restore > Memory Footprint,Critical,,ECL-10.1,The BKRS-018 backup containing the large asset,back_url={{BACK_URL}},"1. [STATUS] Record baseline platform working-set and managed-heap before the restore
2. [ADMIN] Restore the BKRS-018 backup with Binary enabled
3. [STATUS] Sample platform memory at short intervals during the restore
4. [HTTP] GET the restored large blob and verify its SHA256 checksum","{OBSERVED} A restore streaming 180 MiB back moved the executing pod from ~511 to 544 MiB (+33 MiB) over 96 seconds — a figure that also covers writing 594 catalog entities to the database, against a 90 MiB detection threshold for a single buffered asset.
{OBSERVED} Both 90 MiB assets restored byte-identical by SHA256 after being deleted (confirmed HTTP 404 first).",Grafana per-pod series identified the executing replica by its footprint: the green pod moved +33 MiB while the other moved +3 MiB.,Memory delta approximates the asset size; OOM during restore; checksum mismatch after a streamed restore,Delete the large fixture asset,"VCST-5387; story goal of bounded predictable memory; QA step 11 of comment 2026-08-11; Verified: VCST-5387 (2026-08-19, vcptcore-qa1)",Reviewed
BKRS-020,Outer Platform backup format is unchanged for a non-participating module,Backup Restore > Contract Stability,High,,,"A module that does NOT implement the new binary-sidecar contracts, for example VirtoCommerce.Pricing",back_url={{BACK_URL}},"1. [ADMIN] Create a backup selecting VirtoCommerce.Catalog AND a non-participating module together, Binary enabled
2. [FILE] Inspect the outer ZIP structure and the non-participating module entry
3. [ADMIN] Restore the backup
4. [HTTP] Query the non-participating module data and confirm it restored correctly","{OBSERVED} Exporting VirtoCommerce.Catalog together with VirtoCommerce.Pricing produced top-level entries PlatformEntries.json, VirtoCommerce.Catalog.json, VirtoCommerce.Pricing.json and Manifest.json, with Pricing listed at 3.1006.0 under its own PartUri.
{OBSERVED} The Pricing part is plain JSON (UTF-8 BOM then {"", not a PK signature; parses to Pricelists/Assignments/Prices) and carries zero binaryDataReference — the existing IExportSupport/IImportSupport contract is untouched.",Outer manifest layout matches a pre-change backup for the non-participating module,Non-participating module entry shape changed; its restore fails; the outer manifest layout differs,none,"VCST-5387; vc-platform#3099 leaves the existing contracts unchanged; Verified: VCST-5387 (2026-08-19, vcptcore-qa1)",Reviewed
BKRS-021,Bundled BackgroundJobs migration does not regress catalog writes,Backup Restore > Bundled Scope Creep,Critical,BL-CAT-009,ECL-14.7,"vc-module-catalog#904 also lands the VCST-5490 BackgroundJobs migration in commit f0f05112: Jobs/*JobHandler, AutomaticLinksJob, LogChangesChangedEventHandler, TrackSpecialChangesEventHandler, CatalogModuleCategoriesController, and module.ignore drops Hangfire.Console.dll",back_url={{BACK_URL}},"1. [ADMIN] Create, update and delete a category in Admin SPA
2. [HTTP] Repeat category create, update and delete via the Categories API
3. [HTTP] Create and update a product, then confirm the change-log entry appears
4. [EVENT] Trigger an automatic-links recalculation and confirm the job is enqueued and completes
5. [HTTP] Perform a storefront write mutation (add to cart) and record its latency
6. [HTTP] GET {{BACK_URL}}/health and read the background-job engine state","{HYPOTHESIS} Do category and product CRUD, change logging and the automatic-links job all still succeed under the migrated background-job engine?
{HYPOTHESIS} Does the storefront write mutation return within normal latency instead of hanging about 30 seconds and failing with OPERATION_CANCELED?
{HYPOTHESIS} Does /health report an active background-job engine rather than a false green while enqueue is broken?",No partial writes after a mutation; change-log entries present; the job is dequeued and completes,Write mutation times out near 30s with OPERATION_CANCELED; partial writes; change-log entries missing; job never dequeued; a Hangfire.Console load error in the platform log,Delete the categories and products created by this case,VCST-5387; VCST-5490 scope bundled into vc-module-catalog#904; suite 095,Draft
BKRS-022,Module is installed and its Assets dependency is satisfied,Backup Restore > Module Presence,Critical,,,Platform reachable at {{BACK_URL}} with admin credentials,back_url={{BACK_URL}},"1. [AUTH] POST {{BACK_URL}}/connect/token as the platform admin
2. [HTTP] GET {{BACK_URL}}/api/platform/modules
3. [STATUS] Locate VirtoCommerce.BackupRestore and read version, isInstalled, errors, validationErrors
4. [STATUS] Locate VirtoCommerce.Assets and compare its version against the declared dependency","{OBSERVED} VirtoCommerce.BackupRestore is present at 3.1004.0-pr-5-2048 with isInstalled=true and zero errors and validationErrors.
{OBSERVED} The module declares VirtoCommerce.Assets >= 3.1005.0 in the dependencies the modules API returns, and the environment has Assets 3.1006.0 installed — the dependency is satisfied, not merely assumed.",none,Module absent from /api/platform/modules; isInstalled=false; validationErrors naming an unmet Assets dependency,none,"src: https://github.com/VirtoCommerce/vc-module-backup-restore module.manifest; Verified: VCST-5387 (2026-08-20, vcptcore-qa1)",Reviewed
BKRS-023,Backup and restore entry appears in the main menu,Backup Restore > Module Presence,High,,,BKRS-022 passed; admin holds platform:backuprestore:access,back_url={{BACK_URL}},"1. [ADMIN] Sign in to the Admin SPA at {{BACK_URL}}
2. [ADMIN] Open the main menu and locate the Backup and restore entry
3. [ADMIN] Open it and confirm the blade titled Data backup and restore renders with its Backup, Restore and Backup storage entries","{OBSERVED} The entry appears in the left menu under More > Configuration as ""Backup and restore"", with an icon, alongside Channels / Developer tools / Dynamic properties / Generic export / Modules / Security / Settings / User profile.
{OBSERVED} It opens a blade titled ""Data backup and restore"" offering exactly three actions: Backup (""Data will be saved to a file for future restoration""), Restore (""Restore data from a backup file for future use"") and Backup storage (""Review and clean up backup files in storage"").",No console error on blade open; /api/platform/modules reports the module healthy,Menu item absent; blade fails to render; storage entry missing,none,"loc: https://github.com/VirtoCommerce/vc-module-backup-restore/blob/dev/src/VirtoCommerce.BackupRestore.Web/Localizations/en.VirtoCommerce.BackupRestore.json; doc: https://docs.virtocommerce.org/platform/user-guide/backup-and-restore; Verified: VCST-5387 (2026-08-20, vcptcore-qa1, Chromium admin SPA)",Reviewed
BKRS-024,Access permission alone shows the menu but does not allow backup or restore,Backup Restore > Permissions,Critical,,,"A role granting ONLY platform:access + platform:backuprestore:access, assigned to a throwaway AGENT-TEST- user",back_url={{BACK_URL}},"1. [SETUP] Create a role with platform:access and platform:backuprestore:access only, and a user holding it
2. [AUTH] Obtain a token for that user
3. [HTTP] POST {{BACK_URL}}/api/platform/export with a valid body
4. [HTTP] POST {{BACK_URL}}/api/platform/import with a valid body
5. [ADMIN] Sign in as that user and confirm the menu entry is visible","{SPEC} The export call is refused with 403 and the import call is refused with 403 — export requires platform:backuprestore:backup and import requires platform:backuprestore:restore.
{SPEC} The menu entry is still visible, because platform:backuprestore:access is documented as ""View Backup/Restore in the main menu"" and grants visibility only.",none,Either call succeeds; menu hidden despite the access permission,Delete the throwaway role and user,src: https://github.com/VirtoCommerce/vc-module-backup-restore ModuleConstants.Security.Permissions; loc: https://github.com/VirtoCommerce/vc-module-backup-restore/blob/dev/src/VirtoCommerce.BackupRestore.Web/Localizations/en.VirtoCommerce.BackupRestore.json permissions.*,Draft
BKRS-025,Backup permission does not grant restore and vice versa,Backup Restore > Permissions,Critical,,,"Two throwaway users: one with backup only, one with restore only (both plus access)",back_url={{BACK_URL}},"1. [AUTH] Obtain a token for the backup-only user
2. [HTTP] POST {{BACK_URL}}/api/platform/export — expect success
3. [HTTP] POST {{BACK_URL}}/api/platform/import — expect refusal
4. [AUTH] Obtain a token for the restore-only user
5. [HTTP] POST {{BACK_URL}}/api/platform/import — expect success
6. [HTTP] POST {{BACK_URL}}/api/platform/export — expect refusal","{SPEC} The backup-only user can start an export and is refused import with 403.
{SPEC} The restore-only user can start an import and is refused export with 403 — the two permissions are independent, not hierarchical.",none,One permission implies the other; either refusal returns 500 instead of 403,Delete the throwaway roles and users,src: https://github.com/VirtoCommerce/vc-module-backup-restore Authorize(Permissions.Backup) / Authorize(Permissions.Restore),Draft
BKRS-026,Download endpoint is gated by the backup permission,Backup Restore > Permissions,High,,,A completed backup exists in storage; a throwaway user WITHOUT platform:backuprestore:backup,back_url={{BACK_URL}},"1. [AUTH] Obtain a token for the user lacking the backup permission
2. [HTTP] GET {{BACK_URL}}/api/platform/export/download/<existing backup file name>","{SPEC} The download is refused with 403 — the route carries Authorize(Permissions.Backup), so a backup file cannot be pulled by anyone who may not create one.
{SPEC} The same request with an admin token returns the archive.",none,Unauthorized download returns the file; refusal is 500 rather than 403,Delete the throwaway user,src: https://github.com/VirtoCommerce/vc-module-backup-restore BackupRestoreController.DownloadExportFile,Draft
BKRS-027,Each platform-entry flag controls its own section of the backup,Backup Restore > Export Scope,Critical,,,"Admin token; at least one module with overridden settings (69 were present on the reference environment), one custom role and one dynamic property. NOTE when seeding an override for this case: POST /api/platform/settings with value:null returns 204 but does NOT clear an override — post value:"""" instead, and read the setting back to confirm.",back_url={{BACK_URL}},"1. [HTTP] Run four exports, each enabling exactly one of handleSecurity, handleSettings, handleDynamicProperties, handleBinaryData
2. [FILE] For each resulting archive read PlatformEntries.json and Manifest.json
3. [FILE] Confirm the enabled section is populated and the other three are absent or empty","{OBSERVED} Manifest.json echoes the four flags exactly as requested: each of the four single-flag exports carried its own flag true and the other three false.
{OBSERVED} Each flag populates its own section of PlatformEntries.json and no other — Security produced Roles=16, Users=117, UserApiKeys=4; Dynamic properties produced DynamicProperties=32; Binary produced an empty part at platform scope with no modules selected.
{OBSERVED} The Settings section is scoped to the MODULE SELECTION, not independent of it: handleSettings=true with an empty module list yields Settings=0 even though the environment holds 69 overridden settings, while the same flag with VirtoCommerce.Catalog selected yields Settings=11. Settings travel in PlatformEntries.json, never inside the module part (the Catalog part carries only PropertyGroups, Properties, PropertyDictionaryItems, Catalogs, Categories, Products, ProductConfigurations, Measures).",Each export job finishes Completed with no errors,A disabled section still populated; Manifest flags disagreeing with the request,"Any setting override created for this case must be cleared with POST value:"""" and read back to confirm; value:null silently leaves it in place","src: https://github.com/VirtoCommerce/vc-module-backup-restore PlatformImportExportRequest; loc: https://github.com/VirtoCommerce/vc-module-backup-restore/blob/dev/src/VirtoCommerce.BackupRestore.Web/Localizations/en.VirtoCommerce.BackupRestore.json export-main.menu.*; Verified: VCST-5387 (2026-08-20, vcptcore-qa1)",Reviewed
BKRS-028,Only the selected modules are written to the archive,Backup Restore > Export Scope,Critical,,,Admin token; at least three modules installed that support export,back_url={{BACK_URL}},"1. [HTTP] GET {{BACK_URL}}/api/platform/export/manifest/new and note the exportable module list
2. [HTTP] Start an export selecting exactly two of them
3. [FILE] List the archive entries and read Manifest.json","{OBSERVED} Selecting exactly two of the 25 offered modules produced a part for each and for no other: VirtoCommerce.Pricing.json and VirtoCommerce.Marketing.json, alongside PlatformEntries.json and Manifest.json only.
{OBSERVED} Manifest.Modules lists exactly those two with version and PartUri (Pricing@3.1006.0, Marketing@3.1006.0), and every PartUri resolves to an entry that is really in the archive.
{OBSERVED} With nothing selected and every platform flag off the export still succeeds and produces an archive of PlatformEntries.json + Manifest.json — no module part, no error. The empty case is a no-op archive rather than a rejection, which is why the UI disables Start for it.",none,A part for an unselected module; Manifest listing modules absent from the archive,none,"src: https://github.com/VirtoCommerce/vc-module-backup-restore export-main.js canStartProcess; loc: https://github.com/VirtoCommerce/vc-module-backup-restore/blob/dev/src/VirtoCommerce.BackupRestore.Web/Localizations/en.VirtoCommerce.BackupRestore.json export-main.labels.choose-modules; Verified: VCST-5387 (2026-08-20, vcptcore-qa1)",Reviewed
BKRS-029,Export manifest endpoint describes the current platform,Backup Restore > Export Scope,High,,,Admin token,back_url={{BACK_URL}},"1. [HTTP] GET {{BACK_URL}}/api/platform/export/manifest/new
2. [STATUS] Read author, platformVersion, modules[] and the four handle flags
3. [HTTP] GET {{BACK_URL}}/api/platform/modules and compare the module list","{OBSERVED} export/manifest/new reported author=admin and platformVersion=3.1061.0-pr-3099-829a, listing 25 exportable modules.
{OBSERVED} Every listed module is installed and every listed version matches what /api/platform/modules reports live — 0 listed-but-not-installed, 0 version mismatches.",none,Empty modules list; stale platform version; author blank,none,"src: https://github.com/VirtoCommerce/vc-module-backup-restore SampleDataController export/manifest/new; Verified: VCST-5387 (2026-08-20, vcptcore-qa1)",Reviewed
BKRS-030,Password protection is on by default and the password is shown once,Backup Restore > Encryption,Critical,,,Admin holding the backup permission,back_url={{BACK_URL}},"1. [ADMIN] Open Backup and restore > Backup and inspect the ""Encrypt with password"" row
2. [ADMIN] Start a backup leaving it enabled
3. [ADMIN] When the job completes, read the backup password panel
4. [ADMIN] Navigate away and back, then look for the password again","{OBSERVED} An export request that OMITS passwordProtect still returned a one-time password (32 characters) and produced an archive whose Manifest.json reports isEncrypted=true — encryption is the default.
{OBSERVED} The payload entry VirtoCommerce.Catalog.json cannot be opened without the password: System.IO.Compression refuses it with ""The archive entry was compressed using an unsupported compression method"", the standard response to an AES (method 99/AE-x) entry, while the same entry in a passwordProtect:false control reads clean JSON immediately.","Manifest.json itself stays readable without the password by design — the restore blade needs author, creation date and platform version before the operator can supply one; so entry NAMES and envelope metadata are exposed, only payload data is protected.",Backup unencrypted by default; password retrievable after leaving the blade; password echoed in a later API response,none,"src: https://github.com/VirtoCommerce/vc-module-backup-restore PlatformImportExportRequest.PasswordProtect; loc: https://github.com/VirtoCommerce/vc-module-backup-restore/blob/dev/src/VirtoCommerce.BackupRestore.Web/Localizations/en.VirtoCommerce.BackupRestore.json export-main.labels.password-shown-once; Verified: VCST-5387 (2026-08-19, vcptcore-qa1)",Reviewed
BKRS-031,An encrypted backup restores only with the correct password,Backup Restore > Encryption,Critical,,,An encrypted backup and its one-time password from BKRS-030,back_url={{BACK_URL}},"1. [ADMIN] Start a restore of the encrypted backup leaving the password field empty
2. [ADMIN] Retry with a deliberately wrong password
3. [ADMIN] Retry with the correct password","{OBSERVED} Restoring the encrypted archive with NO password failed with ""Invalid backup password / No password available for AES encrypted stream""; with a deliberately wrong password it failed with ""Invalid backup password / Invalid password for AES"". Neither attempt wrote data.
{OBSERVED} The same archive restored with the correct one-time password completed, carrying only the pre-existing NFC_ product-validation error unrelated to encryption.",No partial data written on a failed decrypt,Restore proceeds without the password; a wrong password produces a raw exception instead of the message; password appears in a response or log,none,"loc: https://github.com/VirtoCommerce/vc-module-backup-restore/blob/dev/src/VirtoCommerce.BackupRestore.Web/Localizations/en.VirtoCommerce.BackupRestore.json import-main.errors.wrong-password; src: https://github.com/VirtoCommerce/vc-module-backup-restore PlatformImportExportRequest.Password; Verified: VCST-5387 (2026-08-19, vcptcore-qa1)",Reviewed
BKRS-032,Unencrypted backup is allowed and warns explicitly,Backup Restore > Encryption,High,,,Admin holding the backup permission,back_url={{BACK_URL}},"1. [ADMIN] Open Backup and untick ""Encrypt with password""
2. [ADMIN] Read the warning shown
3. [ADMIN] Start the backup and inspect the archive
4. [ADMIN] Restore it without supplying any password","{OBSERVED} With passwordProtect:false the archive reports IsEncrypted=false and every entry, including the payload, reads as plain content without a password — the unencrypted shape stays supported.
{OBSERVED} That archive restores with no password supplied, which is how all of this run's inspection-based cases were able to read package internals.",none,No warning shown; archive still encrypted; restore demands a password,none,"loc: https://github.com/VirtoCommerce/vc-module-backup-restore/blob/dev/src/VirtoCommerce.BackupRestore.Web/Localizations/en.VirtoCommerce.BackupRestore.json export-main.warnings.no-encryption-*; src: https://github.com/VirtoCommerce/vc-module-backup-restore PasswordProtect; Verified: VCST-5387 (2026-08-19, vcptcore-qa1)",Reviewed
BKRS-033,Selecting Security warns that the backup will carry credentials,Backup Restore > Encryption,High,,,Admin holding the backup permission,back_url={{BACK_URL}},"1. [ADMIN] Open Backup and enable the Security row
2. [ADMIN] Read the warning shown before starting","{OBSERVED} Ticking Security on the Data backup blade immediately raises a banner: ""This backup will contain sensitive data — Password hashes, API keys, and security stamps for all users will be included. Anyone with access to the backup file can use it to take over user accounts. Store the file in a secure location and limit who can download it."" Evidence: screenshots/BKRS-033-security-warning.png
{OBSERVED} The banner is tied to the checkbox state, not to the run: unticking Security removes it, and it appears before anything is written.
{OBSERVED} Encryption is ON by default — the ""Encrypt with password"" row reads ""Encrypt the backup with a one-time password (AES-256). Recommended."", and a backup started WITHOUT touching that row produced a generated one-time password shown once with a copy button. An operator who navigates away without copying it cannot open that archive.",none,No warning; warning shown for an unrelated flag,none,"loc: https://github.com/VirtoCommerce/vc-module-backup-restore/blob/dev/src/VirtoCommerce.BackupRestore.Web/Localizations/en.VirtoCommerce.BackupRestore.json export-main.warnings.security-data-*; Verified: VCST-5387 (2026-08-20, vcptcore-qa1, Chromium admin SPA)",Reviewed
BKRS-034,Restoring Security warns about overwriting users and preserves the current admin,Backup Restore > Encryption,Critical,,,"A backup containing the Security section, taken while a second admin account existed",back_url={{BACK_URL}},"1. [ADMIN] Start a restore with the Security section selected
2. [ADMIN] Read the warning shown before confirming
3. [ADMIN] Complete the restore
4. [AUTH] Confirm the current session still works and the acting admin can still sign in","{OBSERVED} Ticking Security on the Data restore blade raises: ""This restore will overwrite sensitive data — User passwords, API keys, and security stamps from the backup will replace the current values for every user in the file."" Evidence: screenshots/BKRS-034-restore-security-warning.png
{OBSERVED} The same banner states the admin-preservation guarantee and names the logged-in account: ""Your own admin account (admin) will not be modified — your password and active session are preserved."" The Security row is selectable ONLY when the archive actually contains Security; with a module-only backup all four platform rows are disabled.
{SPEC} That the current admin is genuinely untouched after the restore COMPLETES is not proven here — asserting it requires actually restoring Security, which overwrites every other user, so it belongs on a disposable environment. This case verifies the warning and its claim; the behaviour is BKRS-047 scope.",The acting admin token remains valid after the restore,Acting admin locked out after restoring Security; no warning; session invalidated,none,"loc: https://github.com/VirtoCommerce/vc-module-backup-restore/blob/dev/src/VirtoCommerce.BackupRestore.Web/Localizations/en.VirtoCommerce.BackupRestore.json import-main.warnings.security-data-admin-preserved; Verified: VCST-5387 (2026-08-20, vcptcore-qa1, Chromium admin SPA)",Reviewed
BKRS-035,Backup progress is reported live and ends with a terminal state,Backup Restore > Progress,High,,,A catalog large enough that the export takes more than a few seconds,back_url={{BACK_URL}},"1. [HTTP] Start an export and capture the returned notification id
2. [HTTP] POST {{BACK_URL}}/api/platform/pushnotifications repeatedly and record description changes
3. [STATUS] Read the terminal notification: finished, errors[], downloadUrl","{OBSERVED} Progress is reported live and per step: a ""Backup progress"" header with ""Start 12:19:55 PM"", a running counter (""12 / 31""), a sub-step line that updates (""VirtoCommerce.Catalog: 50 of 163 categories have been exported"", ""VirtoCommerce.Catalog: Properties exporting...""), a growing list of completed sections in dependency order (Roles, Users, UserApiKeys, Settings, DynamicProperties, DynamicPropertyDictionaryItems, then modules), and a ""Show detailed log"" toggle.
{OBSERVED} It ends in a terminal state: the header flips to ""Backup finished"", the timestamp becomes a range (""Start 12:18:11 PM — End 12:18:22 PM""), the footer reads ""The backup process is completed"", and a Download backup link appears. Evidence: screenshots/BKRS-035-terminal-state.png",downloadUrl is absent when the job produced no archive,Notification never reaches finished; success reported with no downloadUrl; errors swallowed,none,"src: https://github.com/VirtoCommerce/vc-module-backup-restore PlatformExportPushNotification; loc: https://github.com/VirtoCommerce/vc-module-backup-restore/blob/dev/src/VirtoCommerce.BackupRestore.Web/Localizations/en.VirtoCommerce.BackupRestore.json export-main.labels.export-progress; Verified: VCST-5387 (2026-08-20, vcptcore-qa1, Chromium admin SPA)",Reviewed
BKRS-036,A running backup or restore job can be cancelled,Backup Restore > Progress,High,,,A job long enough to cancel mid-flight,back_url={{BACK_URL}},"1. [HTTP] Start an export and capture its jobId
2. [HTTP] POST {{BACK_URL}}/api/platform/exortimport/tasks/{jobId}/cancel
3. [HTTP] Poll the notification until it reaches a terminal state
4. [FILE] Check the backups folder for a leftover artifact","{OBSERVED} A running backup CAN be cancelled: Start backup is replaced by a Cancel button while the job runs, clicking it stops the job within seconds, and each unfinished module carries an explicit per-module error ""Failed to export 'VirtoCommerce.Catalog': The operation was canceled."" with a Copy error button.
{OBSERVED} Select all / Unselect all are disabled for the duration of the run, so the selection cannot be changed under a running job.
{OBSERVED} The terminal presentation of a CANCELLED job does not say cancelled — see BKRS-076, which pins that separately.",No usable archive is offered for a cancelled job,Cancel ignored and the job completes; cancel returns 404 because of the route spelling; cancelled job still offers a download,none,"src: https://github.com/VirtoCommerce/vc-module-backup-restore BackupRestoreController route ""exortimport/tasks/{jobId}/cancel"" (note the spelling in the route itself); Verified: VCST-5387 (2026-08-20, vcptcore-qa1, Chromium admin SPA)",Reviewed
BKRS-037,Backups are listed from the shared storage folder and can be restored without re-uploading,Backup Restore > Storage,Critical,,,At least two completed backups present in the storage backups folder,back_url={{BACK_URL}},"1. [ADMIN] Open Restore and read the ""Or restore from a backup already in storage"" section
2. [ADMIN] Note the shown/total count and use Refresh
3. [ADMIN] Pick a listed backup and start the restore without uploading anything","{OBSERVED} The backups folder listing is served from the Assets API scoped to backups/ and returned the files present (30 at the time of the run), each with its size, so a stored backup can be selected without re-uploading.
{OBSERVED} Deleting files from that folder removes them from the listing — verified by clearing 27 run artifacts and re-reading the folder as empty.",The listing is served from the Assets API scoped to the backups folder,Stored backups not listed; count wrong; restore forces a re-upload,none,"src: https://github.com/VirtoCommerce/vc-module-backup-restore exportImport.js listBackups; loc: https://github.com/VirtoCommerce/vc-module-backup-restore/blob/dev/src/VirtoCommerce.BackupRestore.Web/Localizations/en.VirtoCommerce.BackupRestore.json import-main.labels.existing-backups; Verified: VCST-5387 (2026-08-20, vcptcore-qa1)",Reviewed
BKRS-038,Download and manifest-load reject paths outside the backups folder,Backup Restore > Storage,Critical,,ECL-6.4,Admin token; a file present somewhere in blob storage OUTSIDE the backups folder,back_url={{BACK_URL}},"1. [HTTP] GET {{BACK_URL}}/api/platform/export/download/ with each of: ../secret.zip | ..%2Fsecret.zip | a%2F..%2F..%2Fsecret.zip | nested/dir/file.zip
2. [HTTP] Repeat the same values against export/manifest/load as fileUrl
3. [STATUS] Record the response for each","{OBSERVED} Five traversal forms were refused on both endpoints: ../secret.zip, ..%2Fsecret.zip, a%2F..%2F..%2Fsecret.zip, nested/dir/file.zip and ....//secret.zip. download returned 404 or 500 and manifest/load returned 500 for every one — nothing outside the backups folder was served.
{OBSERVED} No traversal produced file content, so the confinement holds. The refusals arrive as 404/500 rather than a 400 for bad input, which is poor API hygiene but not a containment failure.",No blob outside backups/ is read,Any traversal returns file content; a nested descendant is served; a 500 leaks the resolved filesystem path,none,"src: https://github.com/VirtoCommerce/vc-module-backup-restore BackupBlobUrl.GetSafe; Verified: VCST-5387 (2026-08-20, vcptcore-qa1)",Reviewed
BKRS-039,Backup storage menu lists and cleans up backup files,Backup Restore > Storage,Medium,,,Admin holding platform:backuprestore:storage; at least one backup in storage,back_url={{BACK_URL}},"1. [ADMIN] Open Backup and restore > Backup storage
2. [ADMIN] Confirm the Assets browser opens scoped to the backups folder
3. [ADMIN] Delete one backup file and confirm it disappears from the Restore listing","{OBSERVED} Backup storage lists the stored backups in a grid with selection checkbox, Name, Size and Modified, plus a count badge and Refresh — verified with two files (493 KB and 93 MB) and their timestamps.
{OBSERVED} Deletion works from that view and is guarded by a type-to-confirm dialog: ""WARNING: This change is permanent and cannot be undone. Applying this change may result in data loss."" / ""The following data will be deleted: — 2 asset(s)"" / ""Type 'yes' to delete:"", with Confirm disabled until the word is typed. After confirming, both rows are gone from the refreshed grid.
{OBSERVED} The entry is described as ""Review and clean up backup files in storage"" but opens the GENERIC ""Asset management"" blade scoped to the backups folder, so it also offers New folder and Upload. An upload made here bypasses the Restore blade's archive validation entirely.",none,Browser opens at the storage root; deletion does not remove the file from the Restore list; entry visible without the permission,none — the deletion IS the test,"loc: https://github.com/VirtoCommerce/vc-module-backup-restore/blob/dev/src/VirtoCommerce.BackupRestore.Web/Localizations/en.VirtoCommerce.BackupRestore.json exportImport-main.menu.storage.*; permissions.platform:backuprestore:storage; Verified: VCST-5387 (2026-08-20, vcptcore-qa1, Chromium admin SPA)",Reviewed
BKRS-040,Restore reports the backup metadata before anything is written,Backup Restore > Restore Input,High,,,A backup produced by a known user on a known platform version,back_url={{BACK_URL}},"1. [ADMIN] Select a backup in the Restore blade
2. [ADMIN] Read the restore data information panel
3. [ADMIN] Compare Author, Data file created and Created in Platform version against the backup Manifest.json","{OBSERVED} Selecting a stored backup shows a panel headed ""Restore data information"" reporting Author (admin), Data file created (Aug 20, 2026 12:23:06 pm) and Created in Platform version (3.1061.0-pr-3099-829a), plus ""Choose modules to restore"" listing exactly the one module the archive contains — all before Start restore is pressed.
{OBSERVED} Those values match the archive Manifest.json and the export/manifest/load response field for field, so the panel is not a guess: author=admin, created=2026-08-20T09:23:06Z, platformVersion=3.1061.0-pr-3099-829a.
{OBSERVED} Platform-entry rows the archive does NOT contain are rendered disabled, so the panel also communicates what is absent.",none,Panel blank; values disagreeing with the manifest; module list not offered,none,"loc: https://github.com/VirtoCommerce/vc-module-backup-restore/blob/dev/src/VirtoCommerce.BackupRestore.Web/Localizations/en.VirtoCommerce.BackupRestore.json import-main.labels.import-data-information; src: https://github.com/VirtoCommerce/vc-module-backup-restore manifest/load; API half verified 2026-08-20 on vcptcore-qa1; the blade wording it asserts stays a browser check; Verified: VCST-5387 (2026-08-20, vcptcore-qa1, Chromium admin SPA)",Reviewed
BKRS-041,A corrupt or foreign ZIP is refused with a plain-language reason,Backup Restore > Restore Input,Critical,,ECL-10.2,"Three files prepared: a truncated backup, a ZIP that is not a VC backup, and a non-ZIP renamed to .zip",back_url={{BACK_URL}},"1. [ADMIN] Attempt to load each file in the Restore blade
2. [STATUS] Record the message and whether the blade recovers
3. [FILE] Confirm no data was written for any of them","{OBSERVED} A truncated archive, a valid ZIP that is not a VC backup, and a non-ZIP renamed .zip were each refused by manifest/load with HTTP 500, and none was imported.
{OBSERVED} The API surfaces a raw exception, not the plain-language text; the friendly message the localization promises is produced by the SPA mapping the status (describeManifestError), so this run confirms REFUSAL at the API level and leaves the wording claim to a UI-level check.",none,Blade stuck loading; raw exception surfaced; partial import from a corrupt file,none,"loc: https://github.com/VirtoCommerce/vc-module-backup-restore/blob/dev/src/VirtoCommerce.BackupRestore.Web/Localizations/en.VirtoCommerce.BackupRestore.json import-main.errors.manifest-load-failed; Verified: VCST-5387 (2026-08-20, vcptcore-qa1)",Reviewed
BKRS-043,Upload failures are distinguished by cause,Backup Restore > Restore Input,High,,ECL-10.1,A backup file larger than the environment upload limit (about 100 MB),back_url={{BACK_URL}},"1. [ADMIN] Attempt to upload the oversized backup in the Restore blade
2. [STATUS] Record the message presented
3. [ADMIN] Confirm the suggested alternative is offered","{SPEC} An oversized upload is reported as exceeding the server upload size limit — typically 100 MB — and suggests a smaller backup or excluding binary data, rather than failing silently.
{SPEC} Distinct causes get distinct messages: no server response, a stalled transfer, a gateway timeout, a temporarily unavailable service, an expired session and a network interruption each have their own text.",Upload progress and Cancel upload remain functional during the attempt,A single generic upload error for every cause; silent failure; progress bar frozen with no message,none,"loc: https://github.com/VirtoCommerce/vc-module-backup-restore/blob/dev/src/VirtoCommerce.BackupRestore.Web/Localizations/en.VirtoCommerce.BackupRestore.json import-main.errors.upload-*; Not run 2026-08-20: asserting the presented message needs a real >100 MB upload driven through the blade. The API-level half is known (a 252 MB upload was rejected with HTTP 413 earlier in this ticket), but the per-cause wording this case asserts is a UI behaviour and was not observed.",Draft
BKRS-044,Sample data packages are discoverable and their state is reported,Backup Restore > Sample Data,High,,,Admin token; the platform has sample-data packages configured,back_url={{BACK_URL}},"1. [HTTP] GET {{BACK_URL}}/api/platform/sampledata/discover
2. [STATUS] Read the returned package list
3. [HTTP] GET {{BACK_URL}}/api/platform/sampledata/state","{OBSERVED} sampledata/discover returned 200 with 1 package available (b2b-sample-store) and sampledata/state returned 200 reporting ""Undefined"" — the discovery and state endpoints are live and readable.
{DOC} Installing sample data is a documented System Operations action carrying the warning to avoid it on production environments; the install itself was deliberately NOT run here.",none,discover returns empty on an environment that has packages; state absent,none,"src: https://github.com/VirtoCommerce/vc-module-backup-restore SampleDataController; doc: https://docs.virtocommerce.org/platform/user-guide/system-operations/overview; Verified: VCST-5387 (2026-08-20, vcptcore-qa1)",Reviewed
BKRS-045,Sample data import is gated by the restore permission,Backup Restore > Sample Data,High,,,A throwaway user WITHOUT platform:backuprestore:restore,back_url={{BACK_URL}},"1. [AUTH] Obtain a token for that user
2. [HTTP] POST {{BACK_URL}}/api/platform/sampledata/import?name=<package>
3. [HTTP] POST {{BACK_URL}}/api/platform/sampledata/autoinstall","{SPEC} Both calls are refused with 403 — importing sample data writes data, so it carries the same Restore permission as a full restore.
{SPEC} An admin performing the same import is accepted and returns a push notification to track progress.",none,Either call succeeds without the permission; refusal is 500 rather than 403,Delete the throwaway user,src: https://github.com/VirtoCommerce/vc-module-backup-restore SampleDataController Authorize(Permissions.Restore),Draft
BKRS-046,Sample data can be installed by name and by url,Backup Restore > Sample Data,Medium,,,A non-production environment where sample data may be written; a discoverable package name and a reachable package url,back_url={{BACK_URL}},"1. [HTTP] POST {{BACK_URL}}/api/platform/sampledata/import?name=<discovered name>
2. [HTTP] Poll the returned notification to a terminal state
3. [HTTP] Repeat with ?url=<package url> instead of a name
4. [HTTP] GET sampledata/state afterwards","{SPEC} Both the name form and the url form start an import and report progress through a push notification to a terminal state.
{SPEC} After a successful install the sample-data state reflects that data was applied.",Catalog or other target data visibly appears after the install,Neither parameter form works; job never terminates; state unchanged after success,Only on a disposable environment — sample data is not cleanly removable,"src: https://github.com/VirtoCommerce/vc-module-backup-restore SampleDataController.ImportSampleData(name, url)",Draft
BKRS-047,"Platform entries round-trip: roles, settings and dynamic properties",Backup Restore > Platform Round Trip,Critical,,,"A disposable environment. A known custom role, a changed platform setting and a custom dynamic property exist",back_url={{BACK_URL}},"1. [HTTP] Record the custom role, the setting value and the dynamic property definition
2. [HTTP] Export with handleSecurity, handleSettings and handleDynamicProperties enabled
3. [SETUP] Change the setting, delete the dynamic property and modify the role
4. [HTTP] Restore the backup with the same three sections selected
5. [HTTP] Re-read all three","{SPEC} All three are returned to their backed-up state: the role regains its permission set, the setting its recorded value and the dynamic property its definition.
{SPEC} The module description claim holds — platform data (users, roles, permissions, settings, dynamic properties) is packaged together with module data in one archive.",Restore reports no errors for the platform sections,Any of the three not restored; restore silently skipping a section it was asked to handle,Disposable environment only,src: https://github.com/VirtoCommerce/vc-module-backup-restore module.manifest description; loc: https://github.com/VirtoCommerce/vc-module-backup-restore/blob/dev/src/VirtoCommerce.BackupRestore.Web/Localizations/en.VirtoCommerce.BackupRestore.json export-main.labels.platform-entries,Draft
BKRS-048,A backup written by one instance is readable by another,Backup Restore > Platform Round Trip,High,,,Two platform instances sharing one Assets blob store (a load-balanced or multi-replica deployment),back_url={{BACK_URL}},"1. [HTTP] Create a backup on instance A
2. [HTTP] From instance B list the backups folder
3. [HTTP] From instance B load the manifest of the backup created on A and start a restore","{SPEC} Instance B sees and can read the backup created by instance A, because backups are kept in the shared Assets blob store rather than on instance-local disk.
{SPEC} The restore proceeds on B without needing the file to be re-uploaded.",none,Backup invisible from the second instance; restore fails because the file is instance-local,none,src: https://github.com/VirtoCommerce/vc-module-backup-restore ModuleConstants.BackupBlobFolder comment on multi-instance setups,Draft
BKRS-049,Documented procedure matches the shipped UI,Backup Restore > Documentation,Medium,,,Access to the public user guide page and to the Admin SPA,back_url={{BACK_URL}},"1. [DOC] Read the documented Backup and Restore procedure
2. [ADMIN] Walk the same procedure in the Admin SPA
3. [STATUS] Compare every control name and step against the UI","{DOC} The documented flow — open Backup and restore, choose modules and data types, start the job, download the ZIP; and for restore, drag the ZIP in and start — matches the shipped blades.
{SPEC} Control names agree with the shipped labels: the toolbar reads ""Start backup"" and ""Start restore"", not ""Start export""/""Start import"", and the documentation covers password protection, restoring from storage and sample data, all of which the UI offers.",none,A documented control that does not exist; a shipped control absent from the docs; renamed buttons still documented under the old name,none,"doc: https://docs.virtocommerce.org/platform/user-guide/backup-and-restore; loc: https://github.com/VirtoCommerce/vc-module-backup-restore/blob/dev/src/VirtoCommerce.BackupRestore.Web/Localizations/en.VirtoCommerce.BackupRestore.json; Not run 2026-08-20: needs the published documentation open beside the shipped UI. Partial input captured — the Catalog row in the module list reads ""Export or import catalogs, categories, products, and properties with image binaries if you tick the binary checkbox"", i.e. the VCST-5387 behaviour is surfaced in the UI copy.",Draft
BKRS-050,Core module data survives a backup and restore round trip,Backup Restore > Module Round Trip > Core,Critical,,,"VirtoCommerce.Core installed (verified by the step-1 precheck, which BLOCKS rather than fails when the module is absent) and exportable, holding data in: Currencies. A disposable environment — this case mutates and restores real module data.",back_url={{BACK_URL}},"1. [PRECHECK] Module installed: GET {{BACK_URL}}/api/platform/modules → VirtoCommerce.Core present with state Installed/Active (capture version); if the module is absent, BLOCK this case as an environment gap — do not report as a defect
2. [HTTP] GET {{BACK_URL}}/api/platform/export/manifest/new and confirm VirtoCommerce.Core is listed as exportable — installed but NOT offered for export IS a defect, not an environment gap
3. [HTTP] Record the current state of the module data through its own API (counts and the identifying fields of a few records)
4. [ADMIN] Export selecting ONLY VirtoCommerce.Core, Binary disabled, passwordProtect disabled
5. [FILE] Open the archive and read VirtoCommerce.Core.json
6. [SETUP] Mutate the module data — delete or change at least one record that the part carries
7. [ADMIN] Restore that backup selecting only VirtoCommerce.Core
8. [HTTP] Re-read the module data and compare against the state recorded in step 3","{OBSERVED} Exporting ONLY this module produced VirtoCommerce.Core.json as the sole module part (no foreign parts) with errors=0, carrying Currencies=3, PackageTypes=0 — re-verified by a solo export on 2026-08-20, not merely read out of a combined archive.
{SPEC} After the restore every record mutated in step 6 is back to its step-3 state, and the restore reports no error for VirtoCommerce.Core — this is the module-level half of the promise that a backup carries ""the data of all installed modules"".
{SPEC} VirtoCommerce.Core is offered for export whenever it is installed — an installed module missing from the export manifest has silently lost its export contract, whereas a module that is simply not installed on this environment is out of scope and blocks the case instead of failing it.",Restore notification carries no error naming VirtoCommerce.Core; the module stays healthy in /api/platform/modules afterwards,VirtoCommerce.Core.json absent from the archive though the module was selected; a collection exported but not restored; restore reporting an error for VirtoCommerce.Core; record count differing from step 2 after the restore; NOT a failure signal: the module being absent from this environment — that is an environment gap and blocks the case,Disposable environment only — this case mutates real module data,"src: https://github.com/VirtoCommerce/vc-module-backup-restore module.manifest (""data of all installed modules""); part shape observed 2026-08-19 on vcptcore-qa1; Export half verified 2026-08-20 on vcptcore-qa1 (solo export: own part present, no foreign parts); the mutate-and-restore half needs a disposable environment and has NOT been run",Draft
BKRS-051,Seo module data survives a backup and restore round trip,Backup Restore > Module Round Trip > Seo,High,,,"VirtoCommerce.Seo installed (verified by the step-1 precheck, which BLOCKS rather than fails when the module is absent) and exportable, holding data in: BrokenLinks. A disposable environment — this case mutates and restores real module data.",back_url={{BACK_URL}},"1. [PRECHECK] Module installed: GET {{BACK_URL}}/api/platform/modules → VirtoCommerce.Seo present with state Installed/Active (capture version); if the module is absent, BLOCK this case as an environment gap — do not report as a defect
2. [HTTP] GET {{BACK_URL}}/api/platform/export/manifest/new and confirm VirtoCommerce.Seo is listed as exportable — installed but NOT offered for export IS a defect, not an environment gap
3. [HTTP] Record the current state of the module data through its own API (counts and the identifying fields of a few records)
4. [ADMIN] Export selecting ONLY VirtoCommerce.Seo, Binary disabled, passwordProtect disabled
5. [FILE] Open the archive and read VirtoCommerce.Seo.json
6. [SETUP] Mutate the module data — delete or change at least one record that the part carries
7. [ADMIN] Restore that backup selecting only VirtoCommerce.Seo
8. [HTTP] Re-read the module data and compare against the state recorded in step 3","{OBSERVED} Exporting ONLY this module produced VirtoCommerce.Seo.json as the sole module part (no foreign parts) with errors=0, carrying RedirectRules=0, BrokenLinks=68 — re-verified by a solo export on 2026-08-20, not merely read out of a combined archive.
{SPEC} After the restore every record mutated in step 6 is back to its step-3 state, and the restore reports no error for VirtoCommerce.Seo — this is the module-level half of the promise that a backup carries ""the data of all installed modules"".
{SPEC} VirtoCommerce.Seo is offered for export whenever it is installed — an installed module missing from the export manifest has silently lost its export contract, whereas a module that is simply not installed on this environment is out of scope and blocks the case instead of failing it.",Restore notification carries no error naming VirtoCommerce.Seo; the module stays healthy in /api/platform/modules afterwards,VirtoCommerce.Seo.json absent from the archive though the module was selected; a collection exported but not restored; restore reporting an error for VirtoCommerce.Seo; record count differing from step 2 after the restore; NOT a failure signal: the module being absent from this environment — that is an environment gap and blocks the case,Disposable environment only — this case mutates real module data,"src: https://github.com/VirtoCommerce/vc-module-backup-restore module.manifest (""data of all installed modules""); part shape observed 2026-08-19 on vcptcore-qa1; Export half verified 2026-08-20 on vcptcore-qa1 (solo export: own part present, no foreign parts); the mutate-and-restore half needs a disposable environment and has NOT been run",Draft
BKRS-052,SqlQueries module data survives a backup and restore round trip,Backup Restore > Module Round Trip > SqlQueries,Medium,,,"VirtoCommerce.SqlQueries installed (verified by the step-1 precheck, which BLOCKS rather than fails when the module is absent) and exportable but EMPTY on the probe environment (collections observed: SqlQueries). SEED at least one record of its own entity type first, otherwise the round trip proves nothing. A disposable environment.",back_url={{BACK_URL}},"1. [PRECHECK] Module installed: GET {{BACK_URL}}/api/platform/modules → VirtoCommerce.SqlQueries present with state Installed/Active (capture version); if the module is absent, BLOCK this case as an environment gap — do not report as a defect
2. [HTTP] GET {{BACK_URL}}/api/platform/export/manifest/new and confirm VirtoCommerce.SqlQueries is listed as exportable — installed but NOT offered for export IS a defect, not an environment gap
3. [HTTP] Record the current state of the module data through its own API (counts and the identifying fields of a few records)
4. [ADMIN] Export selecting ONLY VirtoCommerce.SqlQueries, Binary disabled, passwordProtect disabled
5. [FILE] Open the archive and read VirtoCommerce.SqlQueries.json
6. [SETUP] Mutate the module data — delete or change at least one record that the part carries
7. [ADMIN] Restore that backup selecting only VirtoCommerce.SqlQueries
8. [HTTP] Re-read the module data and compare against the state recorded in step 3","{OBSERVED} Exporting ONLY this module produced VirtoCommerce.SqlQueries.json as the sole module part (no foreign parts) with errors=0, carrying SqlQueries=0 — re-verified by a solo export on 2026-08-20, not merely read out of a combined archive.
{SPEC} With its entity seeded first, the export carries that record and the restore returns it after deletion, reporting no error for VirtoCommerce.SqlQueries.
{SPEC} VirtoCommerce.SqlQueries is offered for export whenever it is installed — an installed module missing from the export manifest has silently lost its export contract, whereas a module that is simply not installed on this environment is out of scope and blocks the case instead of failing it.",Restore notification carries no error naming VirtoCommerce.SqlQueries; the module stays healthy in /api/platform/modules afterwards,VirtoCommerce.SqlQueries.json absent from the archive though the module was selected; a collection exported but not restored; restore reporting an error for VirtoCommerce.SqlQueries; record count differing from step 2 after the restore; NOT a failure signal: the module being absent from this environment — that is an environment gap and blocks the case,Disposable environment only — this case mutates real module data,"src: https://github.com/VirtoCommerce/vc-module-backup-restore module.manifest (""data of all installed modules""); part shape observed 2026-08-19 on vcptcore-qa1; Export half verified 2026-08-20 on vcptcore-qa1 (solo export: own part present, no foreign parts); the mutate-and-restore half needs a disposable environment and has NOT been run",Draft
BKRS-053,ImageTools module data survives a backup and restore round trip,Backup Restore > Module Round Trip > ImageTools,High,,,"VirtoCommerce.ImageTools installed (verified by the step-1 precheck, which BLOCKS rather than fails when the module is absent) and exportable, holding data in: Options, Tasks. A disposable environment — this case mutates and restores real module data.",back_url={{BACK_URL}},"1. [PRECHECK] Module installed: GET {{BACK_URL}}/api/platform/modules → VirtoCommerce.ImageTools present with state Installed/Active (capture version); if the module is absent, BLOCK this case as an environment gap — do not report as a defect
2. [HTTP] GET {{BACK_URL}}/api/platform/export/manifest/new and confirm VirtoCommerce.ImageTools is listed as exportable — installed but NOT offered for export IS a defect, not an environment gap
3. [HTTP] Record the current state of the module data through its own API (counts and the identifying fields of a few records)
4. [ADMIN] Export selecting ONLY VirtoCommerce.ImageTools, Binary disabled, passwordProtect disabled
5. [FILE] Open the archive and read VirtoCommerce.ImageTools.json
6. [SETUP] Mutate the module data — delete or change at least one record that the part carries
7. [ADMIN] Restore that backup selecting only VirtoCommerce.ImageTools
8. [HTTP] Re-read the module data and compare against the state recorded in step 3","{OBSERVED} A seeded thumbnail task was exported, deleted (HTTP 200, confirmed absent by id), then restored — present again under the same id with restore errors=0, and removed afterwards.
{OBSERVED} Exporting only this module produced VirtoCommerce.ImageTools.json as the sole module part with errors=0.
{OBSERVED} The restore consumed its source backup, as BKRS-075 records — the follow-up delete of that file returned 500 because it was already gone.",Restore notification carries no error naming VirtoCommerce.ImageTools; the module stays healthy in /api/platform/modules afterwards,VirtoCommerce.ImageTools.json absent from the archive though the module was selected; a collection exported but not restored; restore reporting an error for VirtoCommerce.ImageTools; record count differing from step 2 after the restore; NOT a failure signal: the module being absent from this environment — that is an environment gap and blocks the case,The seeded record is removed at the end of the case; nothing pre-existing is deleted,"src: https://github.com/VirtoCommerce/vc-module-backup-restore module.manifest (""data of all installed modules""); part shape observed 2026-08-19 on vcptcore-qa1; Export half verified 2026-08-20 on vcptcore-qa1 (solo export: own part present, no foreign parts); the mutate-and-restore half needs a disposable environment and has NOT been run; Verified: VCST-5387 (2026-08-20, vcptcore-qa1)",Reviewed
BKRS-054,Notifications module data survives a backup and restore round trip,Backup Restore > Module Round Trip > Notifications,High,,,"VirtoCommerce.Notifications installed (verified by the step-1 precheck, which BLOCKS rather than fails when the module is absent) and exportable, holding data in: Notifications. A disposable environment — this case mutates and restores real module data.",back_url={{BACK_URL}},"1. [PRECHECK] Module installed: GET {{BACK_URL}}/api/platform/modules → VirtoCommerce.Notifications present with state Installed/Active (capture version); if the module is absent, BLOCK this case as an environment gap — do not report as a defect
2. [HTTP] GET {{BACK_URL}}/api/platform/export/manifest/new and confirm VirtoCommerce.Notifications is listed as exportable — installed but NOT offered for export IS a defect, not an environment gap
3. [HTTP] Record the current state of the module data through its own API (counts and the identifying fields of a few records)
4. [ADMIN] Export selecting ONLY VirtoCommerce.Notifications, Binary disabled, passwordProtect disabled
5. [FILE] Open the archive and read VirtoCommerce.Notifications.json
6. [SETUP] Mutate the module data — delete or change at least one record that the part carries
7. [ADMIN] Restore that backup selecting only VirtoCommerce.Notifications
8. [HTTP] Re-read the module data and compare against the state recorded in step 3","{OBSERVED} Exporting ONLY this module produced VirtoCommerce.Notifications.json as the sole module part (no foreign parts) with errors=0, carrying Notifications=29 — re-verified by a solo export on 2026-08-20, not merely read out of a combined archive.
{SPEC} After the restore every record mutated in step 6 is back to its step-3 state, and the restore reports no error for VirtoCommerce.Notifications — this is the module-level half of the promise that a backup carries ""the data of all installed modules"".
{SPEC} VirtoCommerce.Notifications is offered for export whenever it is installed — an installed module missing from the export manifest has silently lost its export contract, whereas a module that is simply not installed on this environment is out of scope and blocks the case instead of failing it.",Restore notification carries no error naming VirtoCommerce.Notifications; the module stays healthy in /api/platform/modules afterwards,VirtoCommerce.Notifications.json absent from the archive though the module was selected; a collection exported but not restored; restore reporting an error for VirtoCommerce.Notifications; record count differing from step 2 after the restore; NOT a failure signal: the module being absent from this environment — that is an environment gap and blocks the case,Disposable environment only — this case mutates real module data,"src: https://github.com/VirtoCommerce/vc-module-backup-restore module.manifest (""data of all installed modules""); part shape observed 2026-08-19 on vcptcore-qa1; Export half verified 2026-08-20 on vcptcore-qa1 (solo export: own part present, no foreign parts); the mutate-and-restore half needs a disposable environment and has NOT been run",Draft
BKRS-055,Store module data survives a backup and restore round trip,Backup Restore > Module Round Trip > Store,Critical,,,"VirtoCommerce.Store installed (verified by the step-1 precheck, which BLOCKS rather than fails when the module is absent) and exportable, holding data in: Stores. A disposable environment — this case mutates and restores real module data.",back_url={{BACK_URL}},"1. [PRECHECK] Module installed: GET {{BACK_URL}}/api/platform/modules → VirtoCommerce.Store present with state Installed/Active (capture version); if the module is absent, BLOCK this case as an environment gap — do not report as a defect
2. [HTTP] GET {{BACK_URL}}/api/platform/export/manifest/new and confirm VirtoCommerce.Store is listed as exportable — installed but NOT offered for export IS a defect, not an environment gap
3. [HTTP] Record the current state of the module data through its own API (counts and the identifying fields of a few records)
4. [ADMIN] Export selecting ONLY VirtoCommerce.Store, Binary disabled, passwordProtect disabled
5. [FILE] Open the archive and read VirtoCommerce.Store.json
6. [SETUP] Mutate the module data — delete or change at least one record that the part carries
7. [ADMIN] Restore that backup selecting only VirtoCommerce.Store
8. [HTTP] Re-read the module data and compare against the state recorded in step 3","{OBSERVED} Exporting ONLY this module produced VirtoCommerce.Store.json as the sole module part (no foreign parts) with errors=0, carrying Stores=2 — re-verified by a solo export on 2026-08-20, not merely read out of a combined archive.
{SPEC} After the restore every record mutated in step 6 is back to its step-3 state, and the restore reports no error for VirtoCommerce.Store — this is the module-level half of the promise that a backup carries ""the data of all installed modules"".
{SPEC} VirtoCommerce.Store is offered for export whenever it is installed — an installed module missing from the export manifest has silently lost its export contract, whereas a module that is simply not installed on this environment is out of scope and blocks the case instead of failing it.",Restore notification carries no error naming VirtoCommerce.Store; the module stays healthy in /api/platform/modules afterwards,VirtoCommerce.Store.json absent from the archive though the module was selected; a collection exported but not restored; restore reporting an error for VirtoCommerce.Store; record count differing from step 2 after the restore; NOT a failure signal: the module being absent from this environment — that is an environment gap and blocks the case,Disposable environment only — this case mutates real module data,"src: https://github.com/VirtoCommerce/vc-module-backup-restore module.manifest (""data of all installed modules""); part shape observed 2026-08-19 on vcptcore-qa1; Export half verified 2026-08-20 on vcptcore-qa1 (solo export: own part present, no foreign parts); the mutate-and-restore half needs a disposable environment and has NOT been run",Draft
BKRS-056,Catalog module data survives a backup and restore round trip,Backup Restore > Module Round Trip > Catalog,Critical,,,"VirtoCommerce.Catalog installed (verified by the step-1 precheck, which BLOCKS rather than fails when the module is absent) and exportable, holding data in: Properties, PropertyDictionaryItems, Catalogs, Categories, Products, ProductConfigurations, Measures. A disposable environment — this case mutates and restores real module data.",back_url={{BACK_URL}},"1. [PRECHECK] Module installed: GET {{BACK_URL}}/api/platform/modules → VirtoCommerce.Catalog present with state Installed/Active (capture version); if the module is absent, BLOCK this case as an environment gap — do not report as a defect
2. [HTTP] GET {{BACK_URL}}/api/platform/export/manifest/new and confirm VirtoCommerce.Catalog is listed as exportable — installed but NOT offered for export IS a defect, not an environment gap
3. [HTTP] Record the current state of the module data through its own API (counts and the identifying fields of a few records)
4. [ADMIN] Export selecting ONLY VirtoCommerce.Catalog, Binary disabled, passwordProtect disabled
5. [FILE] Open the archive and read VirtoCommerce.Catalog.json
6. [SETUP] Mutate the module data — delete or change at least one record that the part carries
7. [ADMIN] Restore that backup selecting only VirtoCommerce.Catalog
8. [HTTP] Re-read the module data and compare against the state recorded in step 3","{OBSERVED} Exporting ONLY this module produced VirtoCommerce.Catalog.json as the sole module part (no foreign parts) with errors=0, carrying PropertyGroups=0, Properties=115, PropertyDictionaryItems=511, Catalogs=22, Categories=163, Products=411, ProductConfigurations=22, Measures=5 — re-verified by a solo export on 2026-08-20, not merely read out of a combined archive.
{SPEC} After the restore every record mutated in step 6 is back to its step-3 state, and the restore reports no error for VirtoCommerce.Catalog — this is the module-level half of the promise that a backup carries ""the data of all installed modules"".
{SPEC} VirtoCommerce.Catalog is offered for export whenever it is installed — an installed module missing from the export manifest has silently lost its export contract, whereas a module that is simply not installed on this environment is out of scope and blocks the case instead of failing it.",Restore notification carries no error naming VirtoCommerce.Catalog; the module stays healthy in /api/platform/modules afterwards,VirtoCommerce.Catalog.json absent from the archive though the module was selected; a collection exported but not restored; restore reporting an error for VirtoCommerce.Catalog; record count differing from step 2 after the restore; NOT a failure signal: the module being absent from this environment — that is an environment gap and blocks the case,Disposable environment only — this case mutates real module data,"src: https://github.com/VirtoCommerce/vc-module-backup-restore module.manifest (""data of all installed modules""); part shape observed 2026-08-19 on vcptcore-qa1; Export half verified 2026-08-20 on vcptcore-qa1 (solo export: own part present, no foreign parts); the mutate-and-restore half needs a disposable environment and has NOT been run",Draft
BKRS-057,Content module data survives a backup and restore round trip,Backup Restore > Module Round Trip > Content,High,,,"VirtoCommerce.Content installed (verified by the step-1 precheck, which BLOCKS rather than fails when the module is absent) and exportable, holding data in: MenuLinkLists. A disposable environment — this case mutates and restores real module data.",back_url={{BACK_URL}},"1. [PRECHECK] Module installed: GET {{BACK_URL}}/api/platform/modules → VirtoCommerce.Content present with state Installed/Active (capture version); if the module is absent, BLOCK this case as an environment gap — do not report as a defect
2. [HTTP] GET {{BACK_URL}}/api/platform/export/manifest/new and confirm VirtoCommerce.Content is listed as exportable — installed but NOT offered for export IS a defect, not an environment gap
3. [HTTP] Record the current state of the module data through its own API (counts and the identifying fields of a few records)
4. [ADMIN] Export selecting ONLY VirtoCommerce.Content, Binary disabled, passwordProtect disabled
5. [FILE] Open the archive and read VirtoCommerce.Content.json
6. [SETUP] Mutate the module data — delete or change at least one record that the part carries
7. [ADMIN] Restore that backup selecting only VirtoCommerce.Content
8. [HTTP] Re-read the module data and compare against the state recorded in step 3","{OBSERVED} Exporting ONLY this module produced VirtoCommerce.Content.json as the sole module part (no foreign parts) with errors=0, carrying MenuLinkLists=23 — re-verified by a solo export on 2026-08-20, not merely read out of a combined archive.
{SPEC} After the restore every record mutated in step 6 is back to its step-3 state, and the restore reports no error for VirtoCommerce.Content — this is the module-level half of the promise that a backup carries ""the data of all installed modules"".
{SPEC} VirtoCommerce.Content is offered for export whenever it is installed — an installed module missing from the export manifest has silently lost its export contract, whereas a module that is simply not installed on this environment is out of scope and blocks the case instead of failing it.",Restore notification carries no error naming VirtoCommerce.Content; the module stays healthy in /api/platform/modules afterwards,VirtoCommerce.Content.json absent from the archive though the module was selected; a collection exported but not restored; restore reporting an error for VirtoCommerce.Content; record count differing from step 2 after the restore; NOT a failure signal: the module being absent from this environment — that is an environment gap and blocks the case,Disposable environment only — this case mutates real module data,"src: https://github.com/VirtoCommerce/vc-module-backup-restore module.manifest (""data of all installed modules""); part shape observed 2026-08-19 on vcptcore-qa1; Export half verified 2026-08-20 on vcptcore-qa1 (solo export: own part present, no foreign parts); the mutate-and-restore half needs a disposable environment and has NOT been run",Draft
BKRS-058,Customer module data survives a backup and restore round trip,Backup Restore > Module Round Trip > Customer,Critical,,,"VirtoCommerce.Customer installed (verified by the step-1 precheck, which BLOCKS rather than fails when the module is absent) and exportable, holding data in: Members. A disposable environment — this case mutates and restores real module data.",back_url={{BACK_URL}},"1. [PRECHECK] Module installed: GET {{BACK_URL}}/api/platform/modules → VirtoCommerce.Customer present with state Installed/Active (capture version); if the module is absent, BLOCK this case as an environment gap — do not report as a defect
2. [HTTP] GET {{BACK_URL}}/api/platform/export/manifest/new and confirm VirtoCommerce.Customer is listed as exportable — installed but NOT offered for export IS a defect, not an environment gap
3. [HTTP] Record the current state of the module data through its own API (counts and the identifying fields of a few records)
4. [ADMIN] Export selecting ONLY VirtoCommerce.Customer, Binary disabled, passwordProtect disabled
5. [FILE] Open the archive and read VirtoCommerce.Customer.json
6. [SETUP] Mutate the module data — delete or change at least one record that the part carries
7. [ADMIN] Restore that backup selecting only VirtoCommerce.Customer
8. [HTTP] Re-read the module data and compare against the state recorded in step 3","{OBSERVED} A seeded contact was exported, deleted (204), then restored: GET /api/members/{id} returned the record again with the same id and name, restore errors=0. Verified BY ID, not by search — /api/members/search is ElasticSearch-backed and did NOT return the restored contact even minutes later, so a search-based check reports a false negative here.
{OBSERVED} A deleted member reads as HTTP 200 with a null body rather than 404, so presence cannot be judged from the status code alone.",Restore notification carries no error naming VirtoCommerce.Customer; the module stays healthy in /api/platform/modules afterwards,VirtoCommerce.Customer.json absent from the archive though the module was selected; a collection exported but not restored; restore reporting an error for VirtoCommerce.Customer; record count differing from step 2 after the restore; NOT a failure signal: the module being absent from this environment — that is an environment gap and blocks the case,The seeded record is removed at the end of the case; nothing pre-existing is deleted,"src: https://github.com/VirtoCommerce/vc-module-backup-restore module.manifest (""data of all installed modules""); part shape observed 2026-08-19 on vcptcore-qa1; Export half verified 2026-08-20 on vcptcore-qa1 (solo export: own part present, no foreign parts); the mutate-and-restore half needs a disposable environment and has NOT been run; Verified: VCST-5387 (2026-08-20, vcptcore-qa1)",Reviewed
BKRS-059,Payment module data survives a backup and restore round trip,Backup Restore > Module Round Trip > Payment,High,,,"VirtoCommerce.Payment installed (verified by the step-1 precheck, which BLOCKS rather than fails when the module is absent) and exportable, holding data in: PaymentMethods. A disposable environment — this case mutates and restores real module data.",back_url={{BACK_URL}},"1. [PRECHECK] Module installed: GET {{BACK_URL}}/api/platform/modules → VirtoCommerce.Payment present with state Installed/Active (capture version); if the module is absent, BLOCK this case as an environment gap — do not report as a defect
2. [HTTP] GET {{BACK_URL}}/api/platform/export/manifest/new and confirm VirtoCommerce.Payment is listed as exportable — installed but NOT offered for export IS a defect, not an environment gap
3. [HTTP] Record the current state of the module data through its own API (counts and the identifying fields of a few records)
4. [ADMIN] Export selecting ONLY VirtoCommerce.Payment, Binary disabled, passwordProtect disabled
5. [FILE] Open the archive and read VirtoCommerce.Payment.json
6. [SETUP] Mutate the module data — delete or change at least one record that the part carries
7. [ADMIN] Restore that backup selecting only VirtoCommerce.Payment
8. [HTTP] Re-read the module data and compare against the state recorded in step 3","{OBSERVED} Exporting ONLY this module produced VirtoCommerce.Payment.json as the sole module part (no foreign parts) with errors=0, carrying PaymentMethods=6 — re-verified by a solo export on 2026-08-20, not merely read out of a combined archive.
{SPEC} After the restore every record mutated in step 6 is back to its step-3 state, and the restore reports no error for VirtoCommerce.Payment — this is the module-level half of the promise that a backup carries ""the data of all installed modules"".
{SPEC} VirtoCommerce.Payment is offered for export whenever it is installed — an installed module missing from the export manifest has silently lost its export contract, whereas a module that is simply not installed on this environment is out of scope and blocks the case instead of failing it.",Restore notification carries no error naming VirtoCommerce.Payment; the module stays healthy in /api/platform/modules afterwards,VirtoCommerce.Payment.json absent from the archive though the module was selected; a collection exported but not restored; restore reporting an error for VirtoCommerce.Payment; record count differing from step 2 after the restore; NOT a failure signal: the module being absent from this environment — that is an environment gap and blocks the case,Disposable environment only — this case mutates real module data,"src: https://github.com/VirtoCommerce/vc-module-backup-restore module.manifest (""data of all installed modules""); part shape observed 2026-08-19 on vcptcore-qa1; Export half verified 2026-08-20 on vcptcore-qa1 (solo export: own part present, no foreign parts); the mutate-and-restore half needs a disposable environment and has NOT been run",Draft
BKRS-060,Shipping module data survives a backup and restore round trip,Backup Restore > Module Round Trip > Shipping,High,,,"VirtoCommerce.Shipping installed (verified by the step-1 precheck, which BLOCKS rather than fails when the module is absent) and exportable, holding data in: ShippingMethods, PickupLocations. A disposable environment — this case mutates and restores real module data.",back_url={{BACK_URL}},"1. [PRECHECK] Module installed: GET {{BACK_URL}}/api/platform/modules → VirtoCommerce.Shipping present with state Installed/Active (capture version); if the module is absent, BLOCK this case as an environment gap — do not report as a defect
2. [HTTP] GET {{BACK_URL}}/api/platform/export/manifest/new and confirm VirtoCommerce.Shipping is listed as exportable — installed but NOT offered for export IS a defect, not an environment gap
3. [HTTP] Record the current state of the module data through its own API (counts and the identifying fields of a few records)
4. [ADMIN] Export selecting ONLY VirtoCommerce.Shipping, Binary disabled, passwordProtect disabled
5. [FILE] Open the archive and read VirtoCommerce.Shipping.json
6. [SETUP] Mutate the module data — delete or change at least one record that the part carries
7. [ADMIN] Restore that backup selecting only VirtoCommerce.Shipping
8. [HTTP] Re-read the module data and compare against the state recorded in step 3","{OBSERVED} Exporting ONLY this module produced VirtoCommerce.Shipping.json as the sole module part (no foreign parts) with errors=0, carrying ShippingMethods=4, PickupLocations=114 — re-verified by a solo export on 2026-08-20, not merely read out of a combined archive.
{SPEC} After the restore every record mutated in step 6 is back to its step-3 state, and the restore reports no error for VirtoCommerce.Shipping — this is the module-level half of the promise that a backup carries ""the data of all installed modules"".
{SPEC} VirtoCommerce.Shipping is offered for export whenever it is installed — an installed module missing from the export manifest has silently lost its export contract, whereas a module that is simply not installed on this environment is out of scope and blocks the case instead of failing it.",Restore notification carries no error naming VirtoCommerce.Shipping; the module stays healthy in /api/platform/modules afterwards,VirtoCommerce.Shipping.json absent from the archive though the module was selected; a collection exported but not restored; restore reporting an error for VirtoCommerce.Shipping; record count differing from step 2 after the restore; NOT a failure signal: the module being absent from this environment — that is an environment gap and blocks the case,Disposable environment only — this case mutates real module data,"src: https://github.com/VirtoCommerce/vc-module-backup-restore module.manifest (""data of all installed modules""); part shape observed 2026-08-19 on vcptcore-qa1; Export half verified 2026-08-20 on vcptcore-qa1 (solo export: own part present, no foreign parts); the mutate-and-restore half needs a disposable environment and has NOT been run",Draft
BKRS-061,Tax module data survives a backup and restore round trip,Backup Restore > Module Round Trip > Tax,High,,,"VirtoCommerce.Tax installed (verified by the step-1 precheck, which BLOCKS rather than fails when the module is absent) and exportable, holding data in: TaxProviders. A disposable environment — this case mutates and restores real module data.",back_url={{BACK_URL}},"1. [PRECHECK] Module installed: GET {{BACK_URL}}/api/platform/modules → VirtoCommerce.Tax present with state Installed/Active (capture version); if the module is absent, BLOCK this case as an environment gap — do not report as a defect
2. [HTTP] GET {{BACK_URL}}/api/platform/export/manifest/new and confirm VirtoCommerce.Tax is listed as exportable — installed but NOT offered for export IS a defect, not an environment gap
3. [HTTP] Record the current state of the module data through its own API (counts and the identifying fields of a few records)
4. [ADMIN] Export selecting ONLY VirtoCommerce.Tax, Binary disabled, passwordProtect disabled
5. [FILE] Open the archive and read VirtoCommerce.Tax.json
6. [SETUP] Mutate the module data — delete or change at least one record that the part carries
7. [ADMIN] Restore that backup selecting only VirtoCommerce.Tax
8. [HTTP] Re-read the module data and compare against the state recorded in step 3","{OBSERVED} Exporting ONLY this module produced VirtoCommerce.Tax.json as the sole module part (no foreign parts) with errors=0, carrying TaxProviders=3 — re-verified by a solo export on 2026-08-20, not merely read out of a combined archive.
{SPEC} After the restore every record mutated in step 6 is back to its step-3 state, and the restore reports no error for VirtoCommerce.Tax — this is the module-level half of the promise that a backup carries ""the data of all installed modules"".
{SPEC} VirtoCommerce.Tax is offered for export whenever it is installed — an installed module missing from the export manifest has silently lost its export contract, whereas a module that is simply not installed on this environment is out of scope and blocks the case instead of failing it.",Restore notification carries no error naming VirtoCommerce.Tax; the module stays healthy in /api/platform/modules afterwards,VirtoCommerce.Tax.json absent from the archive though the module was selected; a collection exported but not restored; restore reporting an error for VirtoCommerce.Tax; record count differing from step 2 after the restore; NOT a failure signal: the module being absent from this environment — that is an environment gap and blocks the case,Disposable environment only — this case mutates real module data,"src: https://github.com/VirtoCommerce/vc-module-backup-restore module.manifest (""data of all installed modules""); part shape observed 2026-08-19 on vcptcore-qa1; Export half verified 2026-08-20 on vcptcore-qa1 (solo export: own part present, no foreign parts); the mutate-and-restore half needs a disposable environment and has NOT been run",Draft
BKRS-062,CatalogPersonalization module data survives a backup and restore round trip,Backup Restore > Module Round Trip > CatalogPersonalization,High,,,"VirtoCommerce.CatalogPersonalization installed (verified by the step-1 precheck, which BLOCKS rather than fails when the module is absent) and exportable, holding data in: TaggedItems. A disposable environment — this case mutates and restores real module data.",back_url={{BACK_URL}},"1. [PRECHECK] Module installed: GET {{BACK_URL}}/api/platform/modules → VirtoCommerce.CatalogPersonalization present with state Installed/Active (capture version); if the module is absent, BLOCK this case as an environment gap — do not report as a defect
2. [HTTP] GET {{BACK_URL}}/api/platform/export/manifest/new and confirm VirtoCommerce.CatalogPersonalization is listed as exportable — installed but NOT offered for export IS a defect, not an environment gap
3. [HTTP] Record the current state of the module data through its own API (counts and the identifying fields of a few records)
4. [ADMIN] Export selecting ONLY VirtoCommerce.CatalogPersonalization, Binary disabled, passwordProtect disabled
5. [FILE] Open the archive and read VirtoCommerce.CatalogPersonalization.json
6. [SETUP] Mutate the module data — delete or change at least one record that the part carries
7. [ADMIN] Restore that backup selecting only VirtoCommerce.CatalogPersonalization
8. [HTTP] Re-read the module data and compare against the state recorded in step 3","{OBSERVED} Exporting ONLY this module produced VirtoCommerce.CatalogPersonalization.json as the sole module part (no foreign parts) with errors=0, carrying TaggedItems=5 — re-verified by a solo export on 2026-08-20, not merely read out of a combined archive.
{SPEC} After the restore every record mutated in step 6 is back to its step-3 state, and the restore reports no error for VirtoCommerce.CatalogPersonalization — this is the module-level half of the promise that a backup carries ""the data of all installed modules"".
{SPEC} VirtoCommerce.CatalogPersonalization is offered for export whenever it is installed — an installed module missing from the export manifest has silently lost its export contract, whereas a module that is simply not installed on this environment is out of scope and blocks the case instead of failing it.",Restore notification carries no error naming VirtoCommerce.CatalogPersonalization; the module stays healthy in /api/platform/modules afterwards,VirtoCommerce.CatalogPersonalization.json absent from the archive though the module was selected; a collection exported but not restored; restore reporting an error for VirtoCommerce.CatalogPersonalization; record count differing from step 2 after the restore; NOT a failure signal: the module being absent from this environment — that is an environment gap and blocks the case,Disposable environment only — this case mutates real module data,"src: https://github.com/VirtoCommerce/vc-module-backup-restore module.manifest (""data of all installed modules""); part shape observed 2026-08-19 on vcptcore-qa1; Export half verified 2026-08-20 on vcptcore-qa1 (solo export: own part present, no foreign parts); the mutate-and-restore half needs a disposable environment and has NOT been run",Draft
BKRS-063,Inventory module data survives a backup and restore round trip,Backup Restore > Module Round Trip > Inventory,Critical,,,"VirtoCommerce.Inventory installed (verified by the step-1 precheck, which BLOCKS rather than fails when the module is absent) and exportable, holding data in: FulfillmentCenters, Inventories. A disposable environment — this case mutates and restores real module data.",back_url={{BACK_URL}},"1. [PRECHECK] Module installed: GET {{BACK_URL}}/api/platform/modules → VirtoCommerce.Inventory present with state Installed/Active (capture version); if the module is absent, BLOCK this case as an environment gap — do not report as a defect
2. [HTTP] GET {{BACK_URL}}/api/platform/export/manifest/new and confirm VirtoCommerce.Inventory is listed as exportable — installed but NOT offered for export IS a defect, not an environment gap
3. [HTTP] Record the current state of the module data through its own API (counts and the identifying fields of a few records)
4. [ADMIN] Export selecting ONLY VirtoCommerce.Inventory, Binary disabled, passwordProtect disabled
5. [FILE] Open the archive and read VirtoCommerce.Inventory.json
6. [SETUP] Mutate the module data — delete or change at least one record that the part carries
7. [ADMIN] Restore that backup selecting only VirtoCommerce.Inventory
8. [HTTP] Re-read the module data and compare against the state recorded in step 3","{OBSERVED} Exporting ONLY this module produced VirtoCommerce.Inventory.json as the sole module part (no foreign parts) with errors=0, carrying FulfillmentCenters=7, Inventories=749 — re-verified by a solo export on 2026-08-20, not merely read out of a combined archive.
{SPEC} After the restore every record mutated in step 6 is back to its step-3 state, and the restore reports no error for VirtoCommerce.Inventory — this is the module-level half of the promise that a backup carries ""the data of all installed modules"".
{SPEC} VirtoCommerce.Inventory is offered for export whenever it is installed — an installed module missing from the export manifest has silently lost its export contract, whereas a module that is simply not installed on this environment is out of scope and blocks the case instead of failing it.",Restore notification carries no error naming VirtoCommerce.Inventory; the module stays healthy in /api/platform/modules afterwards,VirtoCommerce.Inventory.json absent from the archive though the module was selected; a collection exported but not restored; restore reporting an error for VirtoCommerce.Inventory; record count differing from step 2 after the restore; NOT a failure signal: the module being absent from this environment — that is an environment gap and blocks the case,Disposable environment only — this case mutates real module data,"src: https://github.com/VirtoCommerce/vc-module-backup-restore module.manifest (""data of all installed modules""); part shape observed 2026-08-19 on vcptcore-qa1; Export half verified 2026-08-20 on vcptcore-qa1 (solo export: own part present, no foreign parts); the mutate-and-restore half needs a disposable environment and has NOT been run",Draft
BKRS-064,Pages module data survives a backup and restore round trip,Backup Restore > Module Round Trip > Pages,High,,,"VirtoCommerce.Pages installed (verified by the step-1 precheck, which BLOCKS rather than fails when the module is absent) and exportable, holding data in: Pages. A disposable environment — this case mutates and restores real module data.",back_url={{BACK_URL}},"1. [PRECHECK] Module installed: GET {{BACK_URL}}/api/platform/modules → VirtoCommerce.Pages present with state Installed/Active (capture version); if the module is absent, BLOCK this case as an environment gap — do not report as a defect
2. [HTTP] GET {{BACK_URL}}/api/platform/export/manifest/new and confirm VirtoCommerce.Pages is listed as exportable — installed but NOT offered for export IS a defect, not an environment gap
3. [HTTP] Record the current state of the module data through its own API (counts and the identifying fields of a few records)
4. [ADMIN] Export selecting ONLY VirtoCommerce.Pages, Binary disabled, passwordProtect disabled
5. [FILE] Open the archive and read VirtoCommerce.Pages.json
6. [SETUP] Mutate the module data — delete or change at least one record that the part carries
7. [ADMIN] Restore that backup selecting only VirtoCommerce.Pages
8. [HTTP] Re-read the module data and compare against the state recorded in step 3","{OBSERVED} Exporting ONLY this module produced VirtoCommerce.Pages.json as the sole module part (no foreign parts) with errors=0, carrying Pages=5 — re-verified by a solo export on 2026-08-20, not merely read out of a combined archive.
{SPEC} After the restore every record mutated in step 6 is back to its step-3 state, and the restore reports no error for VirtoCommerce.Pages — this is the module-level half of the promise that a backup carries ""the data of all installed modules"".
{SPEC} VirtoCommerce.Pages is offered for export whenever it is installed — an installed module missing from the export manifest has silently lost its export contract, whereas a module that is simply not installed on this environment is out of scope and blocks the case instead of failing it.",Restore notification carries no error naming VirtoCommerce.Pages; the module stays healthy in /api/platform/modules afterwards,VirtoCommerce.Pages.json absent from the archive though the module was selected; a collection exported but not restored; restore reporting an error for VirtoCommerce.Pages; record count differing from step 2 after the restore; NOT a failure signal: the module being absent from this environment — that is an environment gap and blocks the case,Disposable environment only — this case mutates real module data,"src: https://github.com/VirtoCommerce/vc-module-backup-restore module.manifest (""data of all installed modules""); part shape observed 2026-08-19 on vcptcore-qa1; Export half verified 2026-08-20 on vcptcore-qa1 (solo export: own part present, no foreign parts); the mutate-and-restore half needs a disposable environment and has NOT been run",Draft
BKRS-065,Pricing module data survives a backup and restore round trip,Backup Restore > Module Round Trip > Pricing,Critical,,,"VirtoCommerce.Pricing installed (verified by the step-1 precheck, which BLOCKS rather than fails when the module is absent) and exportable, holding data in: Pricelists, Assignments, Prices. A disposable environment — this case mutates and restores real module data.",back_url={{BACK_URL}},"1. [PRECHECK] Module installed: GET {{BACK_URL}}/api/platform/modules → VirtoCommerce.Pricing present with state Installed/Active (capture version); if the module is absent, BLOCK this case as an environment gap — do not report as a defect
2. [HTTP] GET {{BACK_URL}}/api/platform/export/manifest/new and confirm VirtoCommerce.Pricing is listed as exportable — installed but NOT offered for export IS a defect, not an environment gap
3. [HTTP] Record the current state of the module data through its own API (counts and the identifying fields of a few records)
4. [ADMIN] Export selecting ONLY VirtoCommerce.Pricing, Binary disabled, passwordProtect disabled
5. [FILE] Open the archive and read VirtoCommerce.Pricing.json
6. [SETUP] Mutate the module data — delete or change at least one record that the part carries
7. [ADMIN] Restore that backup selecting only VirtoCommerce.Pricing
8. [HTTP] Re-read the module data and compare against the state recorded in step 3","{OBSERVED} A seeded pricelist was exported, deleted (HTTP 204, confirmed absent via GET /api/pricing/pricelists), then restored — the record came back under the same name with restore errors=0, and was removed again afterwards.
{OBSERVED} Exporting only this module produced VirtoCommerce.Pricing.json as the sole module part with errors=0.",Restore notification carries no error naming VirtoCommerce.Pricing; the module stays healthy in /api/platform/modules afterwards,VirtoCommerce.Pricing.json absent from the archive though the module was selected; a collection exported but not restored; restore reporting an error for VirtoCommerce.Pricing; record count differing from step 2 after the restore; NOT a failure signal: the module being absent from this environment — that is an environment gap and blocks the case,The seeded record is removed at the end of the case; nothing pre-existing is deleted,"src: https://github.com/VirtoCommerce/vc-module-backup-restore module.manifest (""data of all installed modules""); part shape observed 2026-08-19 on vcptcore-qa1; Export half verified 2026-08-20 on vcptcore-qa1 (solo export: own part present, no foreign parts); the mutate-and-restore half needs a disposable environment and has NOT been run; Verified: VCST-5387 (2026-08-20, vcptcore-qa1)",Reviewed
BKRS-066,Sitemaps module data survives a backup and restore round trip,Backup Restore > Module Round Trip > Sitemaps,High,,,"VirtoCommerce.Sitemaps installed (verified by the step-1 precheck, which BLOCKS rather than fails when the module is absent) and exportable, holding data in: Sitemaps, SitemapItems. A disposable environment — this case mutates and restores real module data.",back_url={{BACK_URL}},"1. [PRECHECK] Module installed: GET {{BACK_URL}}/api/platform/modules → VirtoCommerce.Sitemaps present with state Installed/Active (capture version); if the module is absent, BLOCK this case as an environment gap — do not report as a defect
2. [HTTP] GET {{BACK_URL}}/api/platform/export/manifest/new and confirm VirtoCommerce.Sitemaps is listed as exportable — installed but NOT offered for export IS a defect, not an environment gap
3. [HTTP] Record the current state of the module data through its own API (counts and the identifying fields of a few records)
4. [ADMIN] Export selecting ONLY VirtoCommerce.Sitemaps, Binary disabled, passwordProtect disabled
5. [FILE] Open the archive and read VirtoCommerce.Sitemaps.json
6. [SETUP] Mutate the module data — delete or change at least one record that the part carries
7. [ADMIN] Restore that backup selecting only VirtoCommerce.Sitemaps
8. [HTTP] Re-read the module data and compare against the state recorded in step 3","{OBSERVED} Exporting ONLY this module produced VirtoCommerce.Sitemaps.json as the sole module part (no foreign parts) with errors=0, carrying Sitemaps=7, SitemapItems=18 — re-verified by a solo export on 2026-08-20, not merely read out of a combined archive.
{SPEC} After the restore every record mutated in step 6 is back to its step-3 state, and the restore reports no error for VirtoCommerce.Sitemaps — this is the module-level half of the promise that a backup carries ""the data of all installed modules"".
{SPEC} VirtoCommerce.Sitemaps is offered for export whenever it is installed — an installed module missing from the export manifest has silently lost its export contract, whereas a module that is simply not installed on this environment is out of scope and blocks the case instead of failing it.",Restore notification carries no error naming VirtoCommerce.Sitemaps; the module stays healthy in /api/platform/modules afterwards,VirtoCommerce.Sitemaps.json absent from the archive though the module was selected; a collection exported but not restored; restore reporting an error for VirtoCommerce.Sitemaps; record count differing from step 2 after the restore; NOT a failure signal: the module being absent from this environment — that is an environment gap and blocks the case,Disposable environment only — this case mutates real module data,"src: https://github.com/VirtoCommerce/vc-module-backup-restore module.manifest (""data of all installed modules""); part shape observed 2026-08-19 on vcptcore-qa1; Export half verified 2026-08-20 on vcptcore-qa1 (solo export: own part present, no foreign parts); the mutate-and-restore half needs a disposable environment and has NOT been run",Draft
BKRS-067,Contracts module data survives a backup and restore round trip,Backup Restore > Module Round Trip > Contracts,Medium,,,"VirtoCommerce.Contracts installed (verified by the step-1 precheck, which BLOCKS rather than fails when the module is absent) and exportable but EMPTY on the probe environment (collections observed: Contracts). SEED at least one record of its own entity type first, otherwise the round trip proves nothing. A disposable environment.",back_url={{BACK_URL}},"1. [PRECHECK] Module installed: GET {{BACK_URL}}/api/platform/modules → VirtoCommerce.Contracts present with state Installed/Active (capture version); if the module is absent, BLOCK this case as an environment gap — do not report as a defect
2. [HTTP] GET {{BACK_URL}}/api/platform/export/manifest/new and confirm VirtoCommerce.Contracts is listed as exportable — installed but NOT offered for export IS a defect, not an environment gap
3. [HTTP] Record the current state of the module data through its own API (counts and the identifying fields of a few records)
4. [ADMIN] Export selecting ONLY VirtoCommerce.Contracts, Binary disabled, passwordProtect disabled
5. [FILE] Open the archive and read VirtoCommerce.Contracts.json
6. [SETUP] Mutate the module data — delete or change at least one record that the part carries
7. [ADMIN] Restore that backup selecting only VirtoCommerce.Contracts
8. [HTTP] Re-read the module data and compare against the state recorded in step 3","{OBSERVED} A seeded contract was exported, deleted (HTTP 204, confirmed absent by id), then restored — present again under the same id with restore errors=0, and removed afterwards.
{OBSERVED} Exporting only this module produced VirtoCommerce.Contracts.json as the sole module part with errors=0.
{OBSERVED} A deleted contract reads as HTTP 200 with a null body rather than 404, so presence must be judged from the body, not the status code.",Restore notification carries no error naming VirtoCommerce.Contracts; the module stays healthy in /api/platform/modules afterwards,VirtoCommerce.Contracts.json absent from the archive though the module was selected; a collection exported but not restored; restore reporting an error for VirtoCommerce.Contracts; record count differing from step 2 after the restore; NOT a failure signal: the module being absent from this environment — that is an environment gap and blocks the case,The seeded record is removed at the end of the case; nothing pre-existing is deleted,"src: https://github.com/VirtoCommerce/vc-module-backup-restore module.manifest (""data of all installed modules""); part shape observed 2026-08-19 on vcptcore-qa1; Export half verified 2026-08-20 on vcptcore-qa1 (solo export: own part present, no foreign parts); the mutate-and-restore half needs a disposable environment and has NOT been run; Verified: VCST-5387 (2026-08-20, vcptcore-qa1)",Reviewed
BKRS-068,News module data survives a backup and restore round trip,Backup Restore > Module Round Trip > News,High,,,"VirtoCommerce.News installed (verified by the step-1 precheck, which BLOCKS rather than fails when the module is absent) and exportable, holding data in: NewsArticles. A disposable environment — this case mutates and restores real module data.",back_url={{BACK_URL}},"1. [PRECHECK] Module installed: GET {{BACK_URL}}/api/platform/modules → VirtoCommerce.News present with state Installed/Active (capture version); if the module is absent, BLOCK this case as an environment gap — do not report as a defect
2. [HTTP] GET {{BACK_URL}}/api/platform/export/manifest/new and confirm VirtoCommerce.News is listed as exportable — installed but NOT offered for export IS a defect, not an environment gap
3. [HTTP] Record the current state of the module data through its own API (counts and the identifying fields of a few records)
4. [ADMIN] Export selecting ONLY VirtoCommerce.News, Binary disabled, passwordProtect disabled
5. [FILE] Open the archive and read VirtoCommerce.News.json
6. [SETUP] Mutate the module data — delete or change at least one record that the part carries
7. [ADMIN] Restore that backup selecting only VirtoCommerce.News
8. [HTTP] Re-read the module data and compare against the state recorded in step 3","{OBSERVED} Exporting ONLY this module produced VirtoCommerce.News.json as the sole module part (no foreign parts) with errors=0, carrying NewsArticles=1 — re-verified by a solo export on 2026-08-20, not merely read out of a combined archive.
{SPEC} After the restore every record mutated in step 6 is back to its step-3 state, and the restore reports no error for VirtoCommerce.News — this is the module-level half of the promise that a backup carries ""the data of all installed modules"".
{SPEC} VirtoCommerce.News is offered for export whenever it is installed — an installed module missing from the export manifest has silently lost its export contract, whereas a module that is simply not installed on this environment is out of scope and blocks the case instead of failing it.",Restore notification carries no error naming VirtoCommerce.News; the module stays healthy in /api/platform/modules afterwards,VirtoCommerce.News.json absent from the archive though the module was selected; a collection exported but not restored; restore reporting an error for VirtoCommerce.News; record count differing from step 2 after the restore; NOT a failure signal: the module being absent from this environment — that is an environment gap and blocks the case,Disposable environment only — this case mutates real module data,"src: https://github.com/VirtoCommerce/vc-module-backup-restore module.manifest (""data of all installed modules""); part shape observed 2026-08-19 on vcptcore-qa1; Export half verified 2026-08-20 on vcptcore-qa1 (solo export: own part present, no foreign parts); the mutate-and-restore half needs a disposable environment and has NOT been run",Draft
BKRS-069,Orders module data survives a backup and restore round trip,Backup Restore > Module Round Trip > Orders,Critical,,,"VirtoCommerce.Orders installed (verified by the step-1 precheck, which BLOCKS rather than fails when the module is absent) and exportable, holding data in: CustomerOrders. A disposable environment — this case mutates and restores real module data.",back_url={{BACK_URL}},"1. [PRECHECK] Module installed: GET {{BACK_URL}}/api/platform/modules → VirtoCommerce.Orders present with state Installed/Active (capture version); if the module is absent, BLOCK this case as an environment gap — do not report as a defect
2. [HTTP] GET {{BACK_URL}}/api/platform/export/manifest/new and confirm VirtoCommerce.Orders is listed as exportable — installed but NOT offered for export IS a defect, not an environment gap
3. [HTTP] Record the current state of the module data through its own API (counts and the identifying fields of a few records)
4. [ADMIN] Export selecting ONLY VirtoCommerce.Orders, Binary disabled, passwordProtect disabled
5. [FILE] Open the archive and read VirtoCommerce.Orders.json
6. [SETUP] Mutate the module data — delete or change at least one record that the part carries
7. [ADMIN] Restore that backup selecting only VirtoCommerce.Orders
8. [HTTP] Re-read the module data and compare against the state recorded in step 3","{OBSERVED} Exporting ONLY this module produced VirtoCommerce.Orders.json as the sole module part (no foreign parts) with errors=0, carrying CustomerOrders=155 — re-verified by a solo export on 2026-08-20, not merely read out of a combined archive.
{SPEC} After the restore every record mutated in step 6 is back to its step-3 state, and the restore reports no error for VirtoCommerce.Orders — this is the module-level half of the promise that a backup carries ""the data of all installed modules"".
{SPEC} VirtoCommerce.Orders is offered for export whenever it is installed — an installed module missing from the export manifest has silently lost its export contract, whereas a module that is simply not installed on this environment is out of scope and blocks the case instead of failing it.",Restore notification carries no error naming VirtoCommerce.Orders; the module stays healthy in /api/platform/modules afterwards,VirtoCommerce.Orders.json absent from the archive though the module was selected; a collection exported but not restored; restore reporting an error for VirtoCommerce.Orders; record count differing from step 2 after the restore; NOT a failure signal: the module being absent from this environment — that is an environment gap and blocks the case,Disposable environment only — this case mutates real module data,"src: https://github.com/VirtoCommerce/vc-module-backup-restore module.manifest (""data of all installed modules""); part shape observed 2026-08-19 on vcptcore-qa1; Export half verified 2026-08-20 on vcptcore-qa1 (solo export: own part present, no foreign parts); the mutate-and-restore half needs a disposable environment and has NOT been run",Draft
BKRS-070,PageBuilderModule module data survives a backup and restore round trip,Backup Restore > Module Round Trip > PageBuilderModule,High,,,"VirtoCommerce.PageBuilderModule installed (verified by the step-1 precheck, which BLOCKS rather than fails when the module is absent) and exportable, holding data in: PageBuilderPages. A disposable environment — this case mutates and restores real module data.",back_url={{BACK_URL}},"1. [PRECHECK] Module installed: GET {{BACK_URL}}/api/platform/modules → VirtoCommerce.PageBuilderModule present with state Installed/Active (capture version); if the module is absent, BLOCK this case as an environment gap — do not report as a defect
2. [HTTP] GET {{BACK_URL}}/api/platform/export/manifest/new and confirm VirtoCommerce.PageBuilderModule is listed as exportable — installed but NOT offered for export IS a defect, not an environment gap
3. [HTTP] Record the current state of the module data through its own API (counts and the identifying fields of a few records)
4. [ADMIN] Export selecting ONLY VirtoCommerce.PageBuilderModule, Binary disabled, passwordProtect disabled
5. [FILE] Open the archive and read VirtoCommerce.PageBuilderModule.json
6. [SETUP] Mutate the module data — delete or change at least one record that the part carries
7. [ADMIN] Restore that backup selecting only VirtoCommerce.PageBuilderModule
8. [HTTP] Re-read the module data and compare against the state recorded in step 3","{OBSERVED} Exporting ONLY this module produced VirtoCommerce.PageBuilderModule.json as the sole module part (no foreign parts) with errors=0, carrying PageBuilderPages=5 — re-verified by a solo export on 2026-08-20, not merely read out of a combined archive.
{SPEC} After the restore every record mutated in step 6 is back to its step-3 state, and the restore reports no error for VirtoCommerce.PageBuilderModule — this is the module-level half of the promise that a backup carries ""the data of all installed modules"".
{SPEC} VirtoCommerce.PageBuilderModule is offered for export whenever it is installed — an installed module missing from the export manifest has silently lost its export contract, whereas a module that is simply not installed on this environment is out of scope and blocks the case instead of failing it.",Restore notification carries no error naming VirtoCommerce.PageBuilderModule; the module stays healthy in /api/platform/modules afterwards,VirtoCommerce.PageBuilderModule.json absent from the archive though the module was selected; a collection exported but not restored; restore reporting an error for VirtoCommerce.PageBuilderModule; record count differing from step 2 after the restore; NOT a failure signal: the module being absent from this environment — that is an environment gap and blocks the case,Disposable environment only — this case mutates real module data,"src: https://github.com/VirtoCommerce/vc-module-backup-restore module.manifest (""data of all installed modules""); part shape observed 2026-08-19 on vcptcore-qa1; Export half verified 2026-08-20 on vcptcore-qa1 (solo export: own part present, no foreign parts); the mutate-and-restore half needs a disposable environment and has NOT been run",Draft
BKRS-071,Marketing module data survives a backup and restore round trip,Backup Restore > Module Round Trip > Marketing,High,,,"VirtoCommerce.Marketing installed (verified by the step-1 precheck, which BLOCKS rather than fails when the module is absent) and exportable, holding data in: Promotions, DynamicContentFolders, DynamicContentItems, DynamicContentPlaces, DynamicContentPublications, Coupons, Usages. A disposable environment — this case mutates and restores real module data.",back_url={{BACK_URL}},"1. [PRECHECK] Module installed: GET {{BACK_URL}}/api/platform/modules → VirtoCommerce.Marketing present with state Installed/Active (capture version); if the module is absent, BLOCK this case as an environment gap — do not report as a defect
2. [HTTP] GET {{BACK_URL}}/api/platform/export/manifest/new and confirm VirtoCommerce.Marketing is listed as exportable — installed but NOT offered for export IS a defect, not an environment gap
3. [HTTP] Record the current state of the module data through its own API (counts and the identifying fields of a few records)
4. [ADMIN] Export selecting ONLY VirtoCommerce.Marketing, Binary disabled, passwordProtect disabled
5. [FILE] Open the archive and read VirtoCommerce.Marketing.json
6. [SETUP] Mutate the module data — delete or change at least one record that the part carries
7. [ADMIN] Restore that backup selecting only VirtoCommerce.Marketing
8. [HTTP] Re-read the module data and compare against the state recorded in step 3","{OBSERVED} A seeded promotion was exported, deleted (204, confirmed absent), then restored — found again under the same name with restore errors=0, and removed afterwards.
{OBSERVED} Exporting only this module produced VirtoCommerce.Marketing.json as the sole module part with errors=0.",Restore notification carries no error naming VirtoCommerce.Marketing; the module stays healthy in /api/platform/modules afterwards,VirtoCommerce.Marketing.json absent from the archive though the module was selected; a collection exported but not restored; restore reporting an error for VirtoCommerce.Marketing; record count differing from step 2 after the restore; NOT a failure signal: the module being absent from this environment — that is an environment gap and blocks the case,The seeded record is removed at the end of the case; nothing pre-existing is deleted,"src: https://github.com/VirtoCommerce/vc-module-backup-restore module.manifest (""data of all installed modules""); part shape observed 2026-08-19 on vcptcore-qa1; Export half verified 2026-08-20 on vcptcore-qa1 (solo export: own part present, no foreign parts); the mutate-and-restore half needs a disposable environment and has NOT been run; Verified: VCST-5387 (2026-08-20, vcptcore-qa1)",Reviewed
BKRS-072,Subscription module data survives a backup and restore round trip,Backup Restore > Module Round Trip > Subscription,High,,,"VirtoCommerce.Subscription installed (verified by the step-1 precheck, which BLOCKS rather than fails when the module is absent) and exportable, holding data in: PaymentPlans, Subscriptions. A disposable environment — this case mutates and restores real module data.",back_url={{BACK_URL}},"1. [PRECHECK] Module installed: GET {{BACK_URL}}/api/platform/modules → VirtoCommerce.Subscription present with state Installed/Active (capture version); if the module is absent, BLOCK this case as an environment gap — do not report as a defect
2. [HTTP] GET {{BACK_URL}}/api/platform/export/manifest/new and confirm VirtoCommerce.Subscription is listed as exportable — installed but NOT offered for export IS a defect, not an environment gap
3. [HTTP] Record the current state of the module data through its own API (counts and the identifying fields of a few records)
4. [ADMIN] Export selecting ONLY VirtoCommerce.Subscription, Binary disabled, passwordProtect disabled
5. [FILE] Open the archive and read VirtoCommerce.Subscription.json
6. [SETUP] Mutate the module data — delete or change at least one record that the part carries
7. [ADMIN] Restore that backup selecting only VirtoCommerce.Subscription
8. [HTTP] Re-read the module data and compare against the state recorded in step 3","{OBSERVED} Exporting ONLY this module produced VirtoCommerce.Subscription.json as the sole module part (no foreign parts) with errors=0, carrying PaymentPlans=5, Subscriptions=2 — re-verified by a solo export on 2026-08-20, not merely read out of a combined archive.
{SPEC} After the restore every record mutated in step 6 is back to its step-3 state, and the restore reports no error for VirtoCommerce.Subscription — this is the module-level half of the promise that a backup carries ""the data of all installed modules"".
{SPEC} VirtoCommerce.Subscription is offered for export whenever it is installed — an installed module missing from the export manifest has silently lost its export contract, whereas a module that is simply not installed on this environment is out of scope and blocks the case instead of failing it.",Restore notification carries no error naming VirtoCommerce.Subscription; the module stays healthy in /api/platform/modules afterwards,VirtoCommerce.Subscription.json absent from the archive though the module was selected; a collection exported but not restored; restore reporting an error for VirtoCommerce.Subscription; record count differing from step 2 after the restore; NOT a failure signal: the module being absent from this environment — that is an environment gap and blocks the case,Disposable environment only — this case mutates real module data,"src: https://github.com/VirtoCommerce/vc-module-backup-restore module.manifest (""data of all installed modules""); part shape observed 2026-08-19 on vcptcore-qa1; Export half verified 2026-08-20 on vcptcore-qa1 (solo export: own part present, no foreign parts); the mutate-and-restore half needs a disposable environment and has NOT been run",Draft
BKRS-073,DynamicAssociationsModule module data survives a backup and restore round trip,Backup Restore > Module Round Trip > DynamicAssociationsModule,High,,,"VirtoCommerce.DynamicAssociationsModule installed (verified by the step-1 precheck, which BLOCKS rather than fails when the module is absent) and exportable, holding data in: DynamicAssociations. A disposable environment — this case mutates and restores real module data.",back_url={{BACK_URL}},"1. [PRECHECK] Module installed: GET {{BACK_URL}}/api/platform/modules → VirtoCommerce.DynamicAssociationsModule present with state Installed/Active (capture version); if the module is absent, BLOCK this case as an environment gap — do not report as a defect
2. [HTTP] GET {{BACK_URL}}/api/platform/export/manifest/new and confirm VirtoCommerce.DynamicAssociationsModule is listed as exportable — installed but NOT offered for export IS a defect, not an environment gap
3. [HTTP] Record the current state of the module data through its own API (counts and the identifying fields of a few records)
4. [ADMIN] Export selecting ONLY VirtoCommerce.DynamicAssociationsModule, Binary disabled, passwordProtect disabled
5. [FILE] Open the archive and read VirtoCommerce.DynamicAssociationsModule.json
6. [SETUP] Mutate the module data — delete or change at least one record that the part carries
7. [ADMIN] Restore that backup selecting only VirtoCommerce.DynamicAssociationsModule
8. [HTTP] Re-read the module data and compare against the state recorded in step 3","{OBSERVED} Exporting ONLY this module produced VirtoCommerce.DynamicAssociationsModule.json as the sole module part (no foreign parts) with errors=0, carrying DynamicAssociations=1 — re-verified by a solo export on 2026-08-20, not merely read out of a combined archive.
{SPEC} After the restore every record mutated in step 6 is back to its step-3 state, and the restore reports no error for VirtoCommerce.DynamicAssociationsModule — this is the module-level half of the promise that a backup carries ""the data of all installed modules"".
{SPEC} VirtoCommerce.DynamicAssociationsModule is offered for export whenever it is installed — an installed module missing from the export manifest has silently lost its export contract, whereas a module that is simply not installed on this environment is out of scope and blocks the case instead of failing it.",Restore notification carries no error naming VirtoCommerce.DynamicAssociationsModule; the module stays healthy in /api/platform/modules afterwards,VirtoCommerce.DynamicAssociationsModule.json absent from the archive though the module was selected; a collection exported but not restored; restore reporting an error for VirtoCommerce.DynamicAssociationsModule; record count differing from step 2 after the restore; NOT a failure signal: the module being absent from this environment — that is an environment gap and blocks the case,Disposable environment only — this case mutates real module data,"src: https://github.com/VirtoCommerce/vc-module-backup-restore module.manifest (""data of all installed modules""); part shape observed 2026-08-19 on vcptcore-qa1; Export half verified 2026-08-20 on vcptcore-qa1 (solo export: own part present, no foreign parts); the mutate-and-restore half needs a disposable environment and has NOT been run",Draft
BKRS-074,Quote module data survives a backup and restore round trip,Backup Restore > Module Round Trip > Quote,Critical,,,"VirtoCommerce.Quote installed (verified by the step-1 precheck, which BLOCKS rather than fails when the module is absent) and exportable, holding data in: QuoteRequests. A disposable environment — this case mutates and restores real module data.",back_url={{BACK_URL}},"1. [PRECHECK] Module installed: GET {{BACK_URL}}/api/platform/modules → VirtoCommerce.Quote present with state Installed/Active (capture version); if the module is absent, BLOCK this case as an environment gap — do not report as a defect
2. [HTTP] GET {{BACK_URL}}/api/platform/export/manifest/new and confirm VirtoCommerce.Quote is listed as exportable — installed but NOT offered for export IS a defect, not an environment gap
3. [HTTP] Record the current state of the module data through its own API (counts and the identifying fields of a few records)
4. [ADMIN] Export selecting ONLY VirtoCommerce.Quote, Binary disabled, passwordProtect disabled
5. [FILE] Open the archive and read VirtoCommerce.Quote.json
6. [SETUP] Mutate the module data — delete or change at least one record that the part carries
7. [ADMIN] Restore that backup selecting only VirtoCommerce.Quote
8. [HTTP] Re-read the module data and compare against the state recorded in step 3","{OBSERVED} Exporting ONLY this module produced VirtoCommerce.Quote.json as the sole module part (no foreign parts) with errors=0, carrying QuoteRequests=6 — re-verified by a solo export on 2026-08-20, not merely read out of a combined archive.
{SPEC} After the restore every record mutated in step 6 is back to its step-3 state, and the restore reports no error for VirtoCommerce.Quote — this is the module-level half of the promise that a backup carries ""the data of all installed modules"".
{SPEC} VirtoCommerce.Quote is offered for export whenever it is installed — an installed module missing from the export manifest has silently lost its export contract, whereas a module that is simply not installed on this environment is out of scope and blocks the case instead of failing it.",Restore notification carries no error naming VirtoCommerce.Quote; the module stays healthy in /api/platform/modules afterwards,VirtoCommerce.Quote.json absent from the archive though the module was selected; a collection exported but not restored; restore reporting an error for VirtoCommerce.Quote; record count differing from step 2 after the restore; NOT a failure signal: the module being absent from this environment — that is an environment gap and blocks the case,Disposable environment only — this case mutates real module data,"src: https://github.com/VirtoCommerce/vc-module-backup-restore module.manifest (""data of all installed modules""); part shape observed 2026-08-19 on vcptcore-qa1; Export half verified 2026-08-20 on vcptcore-qa1 (solo export: own part present, no foreign parts); the mutate-and-restore half needs a disposable environment and has NOT been run",Draft
BKRS-075,A fully clean restore deletes its source backup from storage,Backup Restore > Storage,High,,,"A backup present in the storage backups folder, produced by an export rather than uploaded",back_url={{BACK_URL}},"1. [HTTP] GET {{BACK_URL}}/api/assets?folderUrl=backups and confirm the backup is listed
2. [ADMIN] Restore from that stored backup and let it finish with zero errors
3. [HTTP] List the backups folder again
4. [ADMIN] Repeat with a backup whose restore reports at least one error (for example one containing the invalid NFC_ product) and list the folder again","{OBSERVED} After a restore that finished with errors=0 the source backup is GONE from the backups folder — verified with a controlled run: present before, absent after, and a later download of the same name returns 404.
{SPEC} After a restore that recorded ANY error the backup is KEPT, so the operator can retry without re-uploading — the deletion is guarded by pushNotification.Errors.Count == 0.",The Restore blade storage listing no longer offers the consumed backup on refresh,A backup deleted even though the restore reported errors (the operator loses the ability to retry); a backup kept after a clean restore contradicting the documented behaviour,none,"src: https://github.com/VirtoCommerce/vc-module-backup-restore BackupRestoreController — ""Drop the uploaded backup only on a fully clean restore""; Verified: VCST-5387 (2026-08-20, vcptcore-qa1)",Reviewed
BKRS-076,A cancelled backup is presented as finished and offers its partial archive for download,Backup Restore > Progress,Medium,,,Admin on the Data backup blade; a selection large enough that the run lasts long enough to cancel (Select all works),front=admin SPA at {{BACK_URL}},"1. [ADMIN] Select all, Start backup, and cancel it partway through
2. [ADMIN] Read the progress header, the footer, and whether a download is offered
3. [ADMIN] Open Backup storage and read the size of the produced file
4. [ADMIN] Expand a failed module and read the per-module error","{OBSERVED} The header reads ""Backup finished"" — the SAME wording a successful run produces — with a Start/End range. Nothing in the header or the timestamps says the job was cancelled.
{OBSERVED} A ""Download backup"" link is offered for the partial archive, and the archive is real: 93 MB, containing the 6 platform sections and 6 modules that completed, while 20 modules are error rows. Restoring it would restore a silent subset.
{OBSERVED} The only differentiating signal is the footer ""Completed with errors"", which reads as a failure rather than as an operator-initiated cancel; the per-module errors do say ""The operation was canceled."" but only after expanding a row. Evidence: screenshots/BKRS-036-cancel-reads-as-finished.png","The partial archive appears in Backup storage indistinguishable from a complete one — same naming, no partial marker","A cancelled run that leaves no trace at all; a partial archive that restores without reporting the missing modules. NOTE this case records the CURRENT behaviour so a change is detected; the open question — whether a cancelled run should be labelled cancelled and whether its partial output should be offered as a backup at all — is carried in the ticket report, not asserted here",Delete the partial archive from Backup storage,"src: https://github.com/VirtoCommerce/vc-module-backup-restore; Verified: VCST-5387 (2026-08-20, vcptcore-qa1, Chromium admin SPA)",Reviewed
