"ID","Title","Section","Priority","Business_Rule","Edge_Case_Refs","Preconditions","Test_Data","Steps","Assertions","Cross_Layer_Checks","Failure_Signals","Cleanup","References","Automation_Status"
"CMS-009","Verify Draft status badge in grid","Grid View","Medium",,,"Draft page exists; PageBuilder shell open at ${BACK_URL}/apps/page-builder-shell/?storeId=@td(STORE_PRIMARY.id)",,"1. Navigate to ${BACK_URL}/apps/page-builder-shell/?storeId=@td(STORE_PRIMARY.id)#/page-builder-draft
2. Locate draft page in grid
3. Verify Draft badge is displayed in Status column","Draft badge (pill) visible next to the page name in Status column; page may also show Personalized badge",,"No Draft badge visible; page appears in wrong lifecycle tab",,"C415407 C415436; Synced: PR #105 (2026-03-25)",
"CMS-010","Verify Published status badge in grid","Grid View","Medium",,,"Published page exists; PageBuilder shell open at ${BACK_URL}/apps/page-builder-shell/?storeId=@td(STORE_PRIMARY.id)",,"1. Navigate to ${BACK_URL}/apps/page-builder-shell/?storeId=@td(STORE_PRIMARY.id)#/page-builder-active
2. Locate published page in grid
3. Verify Published badge is displayed in Status column","Published badge (pill) visible in Status column; page may also show Scheduled and/or Personalized badges",,"No Published badge visible; page missing from Active tab",,"C415408 C415437; Synced: PR #105 (2026-03-25)",
"CMS-011","Verify Archived status badge in grid","Grid View","Medium",,,"Archived page exists; PageBuilder shell open at ${BACK_URL}/apps/page-builder-shell/?storeId=@td(STORE_PRIMARY.id)",,"1. Navigate to ${BACK_URL}/apps/page-builder-shell/?storeId=@td(STORE_PRIMARY.id)#/page-builder-archived
2. Locate archived page in grid
3. Verify Archived badge is displayed in Status column","Archived badge (pill) visible in Status column",,"No Archived badge visible; page missing from Archived tab",,"C415409 C415438; Synced: PR #105 (2026-03-25)",
"CMS-012","Verify Scheduled badge in grid","Grid View","Medium",,,"Page with scheduled dates (StartDate or EndDate) exists; PageBuilder shell open at ${BACK_URL}/apps/page-builder-shell/?storeId=@td(STORE_PRIMARY.id)",,"1. Navigate to ${BACK_URL}/apps/page-builder-shell/?storeId=@td(STORE_PRIMARY.id)#/page-builder-active (or Archived for expired)
2. Locate page with scheduled dates in grid
3. Verify Scheduled badge is displayed alongside Published badge in Status column","Scheduled badge (pill) visible next to Published badge for pages with date restrictions",,"No Scheduled badge visible on pages that have StartDate/EndDate configured",,"C415410 C415456; Synced: PR #105 (2026-03-25)",
"CMS-013","Verify Personalized badge in grid","Grid View","Medium",,,"Page with visibility=false or user group restrictions exists; PageBuilder shell open at ${BACK_URL}/apps/page-builder-shell/?storeId=@td(STORE_PRIMARY.id)",,"1. Navigate to any lifecycle tab in PageBuilder shell (Draft, Active, or Archived)
2. Locate page with personalization settings (visibility off, user groups, or organization restrictions)
3. Verify Personalized badge is displayed in Status column","Personalized badge (pill) visible in Status column alongside the page's lifecycle badge (Draft/Published/Archived)",,"No Personalized badge on pages that have visibility or user group restrictions configured",,"C415411 C415457; Synced: PR #105 (2026-03-25)",
"CMS-014","Grid columns display correctly","Grid View","Medium",,,"Multiple pages exist; PageBuilder shell open at ${BACK_URL}/apps/page-builder-shell/?storeId=@td(STORE_PRIMARY.id)",,"1. Navigate to ${BACK_URL}/apps/page-builder-shell/?storeId=@td(STORE_PRIMARY.id)#/page-builder-all
2. Verify all grid columns are visible: Name, Language, Permalink, Modified, Modified by, Status","All 6 columns rendered with sortable headers; data populates correctly for each column",,"Missing columns; column data not rendering; sort not functional",,"C415412; Synced: PR #105 (2026-03-25)",
"CMS-015","Checkbox selection and bulk selection","Grid View","Medium",,,"Multiple pages exist; PageBuilder shell open at ${BACK_URL}/apps/page-builder-shell/?storeId=@td(STORE_PRIMARY.id)",,"1. Navigate to any lifecycle tab in PageBuilder shell
2. Click individual row checkboxes to select pages
3. Click Select All checkbox in header row
4. Verify Archive toolbar button becomes enabled when pages are selected","Individual checkboxes toggle selection; Select All selects all visible rows; Archive button activates on selection",,"Checkboxes not clickable; Select All not working; Archive button stays disabled",,"C415414 C415415 C415416; Synced: PR #105 (2026-03-25)",
"CMS-016","Search functionality in page list","Grid View","High",,,"Multiple pages exist; PageBuilder shell open at ${BACK_URL}/apps/page-builder-shell/?storeId=@td(STORE_PRIMARY.id)",,"1. Navigate to All Pages tab in PageBuilder shell
2. Enter search term in Search field
3. Verify filtered results display matching pages","Search filters page list to show only pages matching the keyword (by Name or Permalink); results update as user types",,"Search returns no results for valid terms; search field not present",,"C415420; Synced: PR #105 (2026-03-25)",
"CMS-027","Published page accessible on frontend (correct language)","Storefront Verification","Critical",,,"PAGE-1 published via CMS-006 OR PAGE-3 seeded (both EN+DE published)","PAGE-1: ${FRONT_URL}/qa-homepage-spring-sale; PAGE-3 EN: ${FRONT_URL}/en/qa-return-policy; PAGE-3 DE: ${FRONT_URL}/de/qa-return-policy (see test-data/cms/pagebuilder-pages.md)","1. Navigate to ${FRONT_URL}/qa-homepage-spring-sale (PAGE-1, EN)
2. Verify the page loads with HTTP 200 and all blocks render
3. Navigate to ${FRONT_URL}/en/qa-return-policy (PAGE-3, EN) — verify EN title
4. Navigate to ${FRONT_URL}/de/qa-return-policy (PAGE-3, DE) — verify DE title","Page renders at the correct URL with status 200; page title and content blocks match the published version; no 404 or error page displayed","API: GET /api/pages confirms page status=Published; Admin: page shows Published badge in Active tab","Page returns 404 or blank; content does not match published version; HTTP error in Network tab","","C415460",
"CMS-028","Published page 404 on frontend - wrong language","Storefront Verification","Medium",,,"PAGE-3 seeded with EN+DE published; French NOT published","PAGE-3 from test-data/cms/pagebuilder-pages.md: ${FRONT_URL}/fr/qa-return-policy → expected 404","1. Navigate to ${FRONT_URL}/fr/qa-return-policy (French not published for PAGE-3)
2. Verify page is not accessible","Page returns 404 or redirects to 404 page; no content from the EN or DE version is served under /fr/ prefix","","Page loads successfully in wrong language; English/German content served under /fr/ prefix","","C415461",
"CMS-029","Draft page NOT accessible on frontend","Storefront Verification","High",,,"PAGE-1 in Draft status (before CMS-006 publish step)","PAGE-1 from test-data/cms/pagebuilder-pages.md: ${FRONT_URL}/qa-homepage-spring-sale → expected 404 while Draft","1. Navigate to ${FRONT_URL}/qa-homepage-spring-sale while PAGE-1 is still in Draft status (before publishing)
2. Attempt to access the page","Page returns 404 or redirects to a 404/not-found page; draft content is NOT visible to anonymous or authenticated storefront users","API: GET /api/pages confirms page status=Draft","Draft page renders with content visible; HTTP 200 returned for draft URL","","C415474",
"CMS-030","Archived page NOT accessible on frontend","Storefront Verification","High",,,"Page in Archived status; permalink known","Archived page permalink","1. Navigate to ${FRONT_URL}/<permalink> for the archived page
2. Attempt to access the page","Page returns 404 or redirects to a 404/not-found page; archived content is NOT visible on storefront","API: GET /api/pages confirms page status=Archived","Archived page renders with content visible; HTTP 200 returned for archived URL","","C415476",
"CMS-031","Published page appears in search suggestions","Storefront Verification","High",,,"Published page exists with a unique title/keyword; search index is up to date","Page title or unique keyword from published page content; See test-data/cms/pagebuilder-pages.md","1. Navigate to ${FRONT_URL}
2. Click the search bar and type the page title keyword
3. Wait for the search suggestions dropdown to appear
4. Review the suggestions list for the page","Published page title appears in the search suggestions dropdown with a clickable link; clicking the suggestion navigates to the page","","Published page absent from search suggestions after 60s; suggestions dropdown does not show page title; page only appears in search results grid but NOT in dropdown","","C415473 C415497",
"CMS-032","Draft page NOT in search suggestions","Storefront Verification","Medium",,,"Draft page exists; its title/keyword is unique and not present in any published page","Draft page unique title keyword; See test-data/cms/pagebuilder-pages.md","1. Navigate to ${FRONT_URL}
2. Click the search bar and type the draft page title keyword
3. Wait for the search suggestions dropdown to appear
4. Review the suggestions list","Draft page does NOT appear in the search suggestions dropdown; suggestions show only published pages or no results for the keyword","","Draft page title appears in search suggestions; draft content visible in suggestion snippets","","C415475",
"CMS-033","Scheduled page with future start date - not accessible","Storefront Verification","Medium",,,"PAGE-4 seeded with StartDate +7 days (must still be in future — if passed, re-seed)","PAGE-4 from test-data/cms/pagebuilder-pages.md: ${FRONT_URL}/qa-summer-collection-preview → expected 404 before StartDate","1. Confirm current time is before PAGE-4's StartDate (check Scheduling section in admin)
2. Navigate to ${FRONT_URL}/qa-summer-collection-preview
3. Attempt to access the scheduled page","Page returns 404 or not-found page; scheduled content is not served before its start date","Admin: PAGE-4 appears in Pending tab with Scheduled badge","Page content visible before StartDate; HTTP 200 for scheduled-but-not-yet-active page","","C415490",
"CMS-034","Scheduled page within valid date range - accessible","Storefront Verification","Medium",,,"PAGE-4 modified: StartDate set to past, EndDate still in future; page is Published","PAGE-4 from test-data/cms/pagebuilder-pages.md: temporarily adjust StartDate to past for this test; ${FRONT_URL}/qa-summer-collection-preview → expected 200","1. In admin, update PAGE-4 StartDate to a past date (keep EndDate in future)
2. Confirm current time is between StartDate and EndDate
3. Navigate to ${FRONT_URL}/qa-summer-collection-preview
4. Access the scheduled page","Page returns HTTP 200 with content; all 6 blocks render correctly within the valid scheduled range","","Page returns 404 during valid date range; content not rendered","Restore PAGE-4 StartDate to +7 days for future CMS-033 runs","C415492",
"CMS-035","Search suggestions return only current language pages","Storefront Verification","Medium",,,"PAGE-3 seeded with both EN (QA Return Policy) and DE (QA Rückgaberichtlinie) published","PAGE-3 from test-data/cms/pagebuilder-pages.md: EN keyword=Return Policy, DE keyword=Rückgaberichtlinie; See Language Verification Matrix","1. Navigate to ${FRONT_URL}/en/ and type 'Return Policy' in search bar
2. Verify search suggestions dropdown shows PAGE-3 EN title and does NOT show DE title
3. Navigate to ${FRONT_URL}/de/ and type 'Rückgaberichtlinie' in search bar
4. Verify search suggestions dropdown shows PAGE-3 DE title only","Search suggestions in /en/ context return only English-language pages; suggestions in /de/ context return only German-language pages; no cross-language contamination in dropdown","","English search suggestions show German-language page; language-specific isolation broken in suggestions dropdown","","C415463 C415464",
"CMS-036","Add section to page","Designer Sections","Critical",,,"Page open in designer at ${BACK_URL}/apps/page-builder-shell/?storeId=@td(STORE_PRIMARY.id)",,"1. Open a draft page in the PageBuilder designer
2. Click the Add block button (+ icon or 'Add block' label) in the designer
3. Select a block type (e.g., 'Title') from the block library panel
4. Verify the block appears in the sections panel on the left
5. Click the new section to open its configuration
6. Enter content in the configuration fields
7. Click Save","New section block appears in the left sections panel after selection; section configuration panel opens on click; Save completes without error; section persists after save","","Block not appearing after selection; configuration panel not opening; Save button disabled or Save fails; console errors on add","","C221165",
"CMS-037","Copy and Paste section via context menu","Designer Sections","Medium",,,"Page has at least one section in the designer",,"1. Open a page in the PageBuilder designer that has at least one existing section
2. Right-click on an existing section in the left panel to open the context menu
3. Click 'Copy' from the context menu (content_copy icon)
4. Right-click on the same or another section
5. Click 'Paste after' from the context menu (content_paste icon)
6. Verify a copy of the section appears below the target section in the sections panel
7. Right-click again and click 'Paste before'
8. Verify a copy appears above the target section
9. Click Save","Context menu opens on right-click with Copy/Paste before/Paste after options; copied section can be pasted before or after any section; pasted section has identical content; Save persists all pasted sections","","Context menu not opening on right-click; Copy/Paste options missing; pasted section empty or corrupted; Save fails after paste","","C221166; Updated: context menu discovery COV-2026-03-25-1630",
"CMS-038","Delete section via context menu","Designer Sections","High",,,"Page has at least one section in the designer (not the last section — keep at least one)",,"1. Open a page in the PageBuilder designer with at least 2 sections
2. Right-click on a section in the left panel to open the context menu
3. Click 'Delete' from the context menu (delete_outline icon)
4. If a confirmation dialog appears, confirm the deletion
5. Verify the section is removed from the sections panel
6. Verify the live preview no longer shows the deleted block
7. Click Save","Context menu shows Delete option; section is removed from the left panel after clicking Delete; live preview updates immediately; Save completes; deleted section does not reappear on page reload","","Context menu not showing Delete; section not removed after click; preview still showing deleted block; section reappears after save","","C221167; Updated: context menu discovery COV-2026-03-25-1630",
"CMS-039","Simple text block - add and preview","Content Blocks","High",,,"Page open in designer",,"1. Click Add block in the designer
2. Select 'Simple Text' from the block library
3. In the General tab, enter formatted text content
4. Switch to the Settings tab and configure alignment or padding options
5. Verify the live preview updates with the text content
6. Click Save","Simple Text block added to sections panel; General tab accepts text input; Settings tab shows layout options; live preview renders the text block; Save completes without error","","Block not in library; General tab not showing text field; preview not reflecting content; Save fails","","C221889 C221890 C221056",
"CMS-040","Image block - add and preview via Asset Library","Content Blocks","High",,,"Page open in designer at ${BACK_URL}/apps/page-builder-shell/?storeId=@td(STORE_PRIMARY.id); at least one image asset exists in store Asset Library",,"[NAV] Open a draft page in the PageBuilder designer
[ACT] Click 'Add block' in the designer
[ACT] Select 'Image' from the block library
[WAIT] Block section appears in left panel; General tab visible
[ACT] Click the image field control (button label contains 'Asset Library' — actual label: 'Choose from Asset Library or drag and drop here')
[WAIT] Asset Library picker dialog opens (heading contains 'asset library', case-insensitive)
[ASSERT] Dialog shows breadcrumbs, folder/file list, Search field, Upload button, Cancel button, and disabled Select button
[ACT] Click an existing image asset in the list to select it
[WAIT] 'Select' button becomes enabled; asset highlighted
[ACT] Click 'Select' button
[WAIT] Dialog closes; image preview appears in General tab
[ACT] Switch to Settings tab
[ASSERT] Settings tab shows image display options
[ACT] Click Save","[DOM] Image block appears in sections panel after selection; [BLADE] Asset Library picker dialog opens (dialog heading CONTAINS 'asset library', case-insensitive); [DOM] 'Select' button disabled until asset chosen; [DOM] image thumbnail preview shown in General tab after selection; [TOAST] Save completes without error; [GRID] Settings tab has display options","[CONSOLE] no JS errors during open/select/save; [NETWORK] no 4xx/5xx on asset-related requests","Dialog fails to open; 'Select' button stays disabled after selection; preview not shown; Save fails; JS errors on open","none — image selection is not destructive","C221968 C221969 C221060 VCST-4932; Synced: VCST-4932 (2026-06-11)","synced"
"CMS-041","Text over image block - add and preview via Asset Library","Content Blocks","High",,,"Page open in designer at ${BACK_URL}/apps/page-builder-shell/?storeId=@td(STORE_PRIMARY.id); at least one image asset exists in store Asset Library",,"[NAV] Open a draft page in the PageBuilder designer
[ACT] Click 'Add block' in the designer
[ACT] Select 'Text Over Image' from the block library
[WAIT] Block section appears in left panel
[ACT] Click the background image field control (button label CONTAINS 'Asset Library')
[WAIT] Asset Library picker dialog opens (dialog heading CONTAINS 'asset library', case-insensitive)
[ASSERT] Dialog shows breadcrumbs, file list, Search field, and disabled Select button
[ACT] Click an existing image asset to select it
[WAIT] 'Select' button becomes enabled
[ACT] Click 'Select' button
[WAIT] Dialog closes; background image preview appears in configuration panel
[ACT] Enter overlay text in the text field
[WAIT] Text entered
[ASSERT] Live preview shows text overlaid on the selected background image
[ACT] Click Save","[DOM] Text Over Image block appears in sections panel; [BLADE] Asset Library picker dialog opens (dialog heading CONTAINS 'asset library', case-insensitive); [DOM] 'Select' button disabled until image chosen; [DOM] image and text fields both present in configuration panel; [DOM] preview renders text overlaid on image; [TOAST] Save completes","[CONSOLE] no JS errors during dialog open/select/save; [NETWORK] no 4xx/5xx on asset requests","Block not in library; Asset Library dialog does not open; image or text field missing; text not overlaid in preview; Save fails","none","C221970 C221971 C221054 VCST-4932; Synced: VCST-4932 (2026-06-11)","synced"
"CMS-042","Cards list block - add and preview with Asset Library images","Content Blocks","Medium",,,"Page open in designer at ${BACK_URL}/apps/page-builder-shell/?storeId=@td(STORE_PRIMARY.id); at least one image asset exists in store Asset Library",,"[NAV] Open a draft page in the PageBuilder designer
[ACT] Click 'Add block' in the designer
[ACT] Select 'Cards List' from the block library
[WAIT] Block section appears in left panel
[ACT] Click 'Add card item' (+ or Add Item button)
[WAIT] Card item row appears with fields for title, description, and image
[ACT] Fill title and description fields for the first card
[ACT] Click the card image field control (button label CONTAINS 'Asset Library')
[WAIT] Asset Library picker dialog opens (dialog heading CONTAINS 'asset library', case-insensitive)
[ACT] Select an existing image asset and click 'Select'
[WAIT] Dialog closes; image preview shown for first card
[ACT] Click 'Add card item' again to add a second card; fill title, description, and select image via Asset Library
[WAIT] Second card added with image preview
[ASSERT] Live preview renders 2 cards in grid layout
[ACT] Click Save","[DOM] Cards List block in sections panel; [DOM] card items added with title/description/image via Asset Library picker dialog (heading CONTAINS 'asset library'); [DOM] preview renders card grid with at least 2 cards showing images; [TOAST] Save completes","[CONSOLE] no JS errors; [NETWORK] no 4xx/5xx","Block not in library; card add button missing; Asset Library dialog does not open from card image field; preview not rendering cards; Save fails","none","C221972 C221973 C221094 VCST-4932; Synced: VCST-4932 (2026-06-11)","synced"
"CMS-043","Two columns list block - add and preview","Content Blocks","Medium",,,"Page open in designer",,"1. Add Two Columns section
2. Configure both columns
3. Preview","","","","deprecated — block type removed from designer library (COV-2026-03-25-1630)","C221974 C221975 C221057","deprecated"
"CMS-044","Video and text block - add and preview","Content Blocks","Medium",,,"Page open in designer",,"1. Add Video and Text section
2. Configure video URL and text
3. Preview","","","","deprecated — block type removed from designer library (COV-2026-03-25-1630)","C221976 C221977","deprecated"
"CMS-045","Page builder field types - text, rich text, and image via Asset Library","Field Types","High",,,"Section editing open in designer at ${BACK_URL}/apps/page-builder-shell/?storeId=@td(STORE_PRIMARY.id); use a section containing an 'Image' block (block library label: 'Image') that exposes text, rich text, image, and select field types; at least one image asset exists in store Asset Library",,"[NAV] Open a page in the PageBuilder designer at ${BACK_URL}/apps/page-builder-shell/?storeId=@td(STORE_PRIMARY.id) and open or add a section containing text, rich text, image, and select field types (e.g. add an 'Image' block)
[ACT] In the text field: enter plain text
[WAIT] Text entered
[ACT] In the rich text field: apply Bold, then Italic, then insert a hyperlink using the formatting toolbar
[WAIT] Formatting applied; toolbar visible
[ACT] In the image field: click the image control (button label CONTAINS 'Asset Library')
[WAIT] Asset Library picker dialog opens (dialog heading CONTAINS 'asset library', case-insensitive)
[ACT] Select an existing image asset and click 'Select'
[WAIT] Dialog closes; thumbnail preview appears in image field
[ACT] In the select/dropdown field: choose an option from the list
[WAIT] Option selected
[ACT] Click Save
[WAIT] Save confirmation","[FORM] text field accepts and saves plain text; [FORM] rich text editor shows formatting toolbar with Bold/Italic/Link controls; [FORM] image field shows thumbnail preview after Asset Library selection (dialog heading CONTAINS 'asset library', case-insensitive); [FORM] select field retains chosen option; [FORM] all field values persist after Save and page reload","[CONSOLE] no JS errors during Asset Library open/select/save; [NETWORK] no 4xx/5xx","Text field not editable; rich text toolbar missing; Asset Library dialog fails to open from image field; image control absent; thumbnail not shown after selection; select field options not loading; values reset after Save","none — no destructive state created","C221068 C221069 C221070 C221072 VCST-4932; Synced: VCST-4932 (2026-06-11)","synced"
"CMS-046","Color preset - Blue theme","Design Presets","Medium",,,"CMS designer open at ${BACK_URL}/apps/page-builder-shell/?storeId=@td(STORE_PRIMARY.id)",,"1. Open a page in the PageBuilder designer
2. Click 'Theme settings' in the top toolbar
3. In the Presets section, select the 'Blue' preset
4. Verify the live preview updates with blue color scheme
5. Click Save","Blue preset selected and applied; live preview updates to show blue primary colors on buttons, headings, and accents; Save persists the preset","","Presets section not visible; Blue preset not in list; preview not updating on selection; Save fails","","C221107",
"CMS-047","Color preset - Dark theme","Design Presets","Medium",,,"CMS designer open at ${BACK_URL}/apps/page-builder-shell/?storeId=@td(STORE_PRIMARY.id)",,"1. Open a page in the PageBuilder designer
2. Click 'Theme settings' in the top toolbar
3. In the Presets section, select the 'Dark' preset
4. Verify the live preview updates with dark color scheme
5. Click Save","Dark preset selected and applied; live preview updates to show dark background and light text; Save persists the preset","","Presets section not visible; Dark preset not in list; preview not updating on selection; Save fails","","C221108",
"CMS-048","Custom colors - background and text","Design Presets","Medium",,,"CMS designer open at ${BACK_URL}/apps/page-builder-shell/?storeId=@td(STORE_PRIMARY.id)",,"1. Open a page in the PageBuilder designer
2. Click 'Theme settings' in the top toolbar
3. Navigate to Colors > General section
4. Set a custom Background color using the color picker
5. Set a custom Text color
6. Set a custom Headings color
7. Verify the live preview updates with the new colors
8. Click Save","Background, Text, and Headings color inputs accept hex/color picker values; live preview updates in real-time for each change; Save persists all three custom colors","","Color pickers not opening; values not accepted; preview not updating; Save resets colors to default","","C221110 C221111 C221112",
"CMS-049","Custom colors - links buttons and borders","Design Presets","Medium",,,"CMS designer open at ${BACK_URL}/apps/page-builder-shell/?storeId=@td(STORE_PRIMARY.id)",,"1. Open a page in the PageBuilder designer
2. Click 'Theme settings' in the top toolbar
3. Set a custom Links color using the color picker
4. Set a custom Button color
5. Set a custom Button text color
6. Set a custom Borders color
7. Verify the live preview updates with each color change
8. Click Save","Links, Button, Button text, and Borders color inputs accept values; live preview updates after each change; Save persists all four custom colors","","Color pickers not opening; values not accepted; preview not reflecting button/link color changes; Save resets colors","","C221113 C221114 C221115 C221117",
"CMS-050","Section settings - Image with text","Section Settings","Medium",,,"Image with text section exists in a page open in the designer",,"1. Open a page in the PageBuilder designer that contains an Image with text section
2. Click the section to open its configuration panel
3. Review all available settings options (layout, alignment, padding, image position)
4. Modify at least one setting (e.g., change image alignment to right)
5. Verify live preview reflects the setting change
6. Click Save","Image with text section configuration panel shows layout/alignment/padding options; setting changes reflect in live preview; Save persists the updated settings","","Configuration panel empty; settings changes not reflecting in preview; Save fails or resets settings","","C221075 C221053 C221092",
"CMS-051","Multiple badge combinations","Badge Display","Medium",,,"Pages with various status/configuration combinations; PageBuilder shell open at ${BACK_URL}/apps/page-builder-shell/?storeId=@td(STORE_PRIMARY.id)",,"1. Navigate to Active tab in PageBuilder shell
2. Locate pages with multiple badges: Published+Scheduled, Published+Personalized, Published+Scheduled+Personalized
3. Navigate to Archived tab — locate pages with Archived+Scheduled badges
4. Verify all badge combinations render correctly without overlap","Multiple badges display side by side in Status column (e.g. 'Published Scheduled Personalized'); badges are legible and don't overflow the cell",,"Badges overlapping; missing badges on pages with multiple statuses; layout broken with 3 badges",,"C415441 C415442 C415443 C415444; Synced: PR #105 (2026-03-25)",
"CMS-054","Cross-browser compatibility - Chrome and Edge","Cross-Browser","Medium",,,"CMS module accessible; admin user credentials available",,"1. Open ${BACK_URL}/apps/page-builder-shell/?storeId=@td(STORE_PRIMARY.id) in Chrome
2. Verify page list loads, grid columns render, and badge display is correct
3. Open ${BACK_URL}/apps/page-builder-shell/?storeId=@td(STORE_PRIMARY.id) in Edge
4. Repeat grid and badge verification steps
5. Compare results between browsers","PageBuilder shell loads and functions identically in Chrome and Edge; no layout differences in grid columns or badge display; all toolbar buttons accessible in both browsers","","Page fails to load in one browser; grid columns missing or misaligned; badges rendering differently across browsers; JS errors in console","","C415427 C415428",
"CMS-056","Rich Text Field Type — Add Rich Text Content Block","Field Types","High",,,"Admin logged in to Backend; page exists in Page Builder designer",,"1. Navigate to ${BACK_URL}/apps/page-builder-shell/?storeId=@td(STORE_PRIMARY.id) and open an existing page
2. Click Open Designer to enter the page builder
3. Add a new section or open an existing section that contains a Rich Text field
4. Click on the Rich Text field to open the rich text editor
5. Enter formatted text content: apply bold, apply italic, and insert a hyperlink
6. Click Save or apply the changes
7. Preview the page and verify rich text renders correctly","Rich text editor opens with formatting toolbar; bold, italic, and hyperlink controls are present and functional; formatted content saves without data loss; preview renders bold/italic text and clickable hyperlinks correctly","","Rich text editor not opening; formatting toolbar missing; bold/italic not applying; hyperlinks not saving; formatted content displaying as raw HTML in preview","","C221068",
"CMS-057","Designer — Viewport switching (Desktop/Tablet/Mobile)","Designer Core","High",,,"Page open in designer at ${BACK_URL}/Modules/$(VirtoCommerce.PageBuilderModule)/Content/page-builder-designer/index.html?storeId=@td(STORE_PRIMARY.id)",,"1. Open a page in the designer
2. Click the Desktop dropdown in the top-left toolbar
3. Select Tablet viewport
4. Verify the live preview iframe resizes to tablet width
5. Select Mobile viewport
6. Verify the live preview iframe resizes to mobile width
7. Switch back to Desktop
8. Verify the preview returns to full width","Preview iframe width changes per viewport selection; content reflows responsively; toolbar shows current viewport name",,"Viewport dropdown not opening; preview not resizing; layout breaks on switch",,"Coverage Gap Analysis COV-2026-03-25-1630","generated"
"CMS-058","Designer — Block library search","Designer Core","Medium",,,"Page open in designer; Add block panel visible",,"1. Open the Add block panel in the designer
2. Type 'Product' in the 'Search in library' textbox
3. Verify filtered results show only blocks matching 'Product' (Products, Products carousel, Predefined products)
4. Clear the search field
5. Verify all 15 block types are displayed again
6. Search for a non-existent block name (e.g. 'xyz123')
7. Verify empty or no-results state","Search filters block library in real-time; clearing restores full list; non-match shows appropriate empty state",,"Search not filtering; blocks disappearing after clear; JS error on search",,"Coverage Gap Analysis COV-2026-03-25-1630","generated"
"CMS-059","Designer — Save and Publish from toolbar","Designer Core","Critical",,,"Page open in designer with at least one section added",,"1. Open a draft page in the designer
2. Add a new Text block and enter content
3. Verify Save button becomes enabled
4. Click Save
5. Verify Save completes (button becomes disabled again or shows success)
6. Click Publish button in toolbar
7. Verify page status transitions to Published
8. Verify Unpublish button becomes enabled","Save persists changes without navigation; Publish transitions status; Unpublish becomes available after publish","STOREFRONT: Navigate to ${FRONT_URL}/<permalink> — page renders with HTTP 200 after publish; ADMIN: Page appears in Active tab of PageBuilder shell with Published badge","Save button stays disabled after changes; Publish fails silently; status not updating","","Coverage Gap Analysis COV-2026-03-25-1630","generated"
"CMS-060","Designer — Pages dropdown navigation","Designer Core","Medium",,,"Multiple pages exist in Page Builder; designer is open",,"1. Click the Pages dropdown in the top toolbar
2. Verify a list of existing pages appears
3. Select a different page from the dropdown
4. Verify the designer loads the selected page content in the left panel and preview iframe
5. Verify the page sections update to reflect the new page","Pages dropdown lists available pages; selecting a page loads its content; sections panel and preview update",,"Dropdown empty; page not loading on selection; preview showing wrong page content",,"Coverage Gap Analysis COV-2026-03-25-1630","generated"
"CMS-061","Designer — Page Header and Settings sections","Designer Core","High",,,"Page open in designer with Settings and Page Header sections visible in left panel",,"1. Click the Settings section in the left panel (shows 'Settings (undefined)')
2. Verify settings panel opens with page-level configuration fields (e.g., Page Header / H1, Hide Breadcrumbs)
3. Edit the Page Header / H1 text field
4. Toggle the Hide Breadcrumbs checkbox
5. Click the Page Header section
6. Verify page header configuration options appear
7. Save changes and verify preview reflects updated header","Settings panel shows page-level fields; changes to H1 and breadcrumbs reflect in preview; both sections are editable",,"Settings panel empty or errors; changes not persisting; preview not updating",,"Coverage Gap Analysis COV-2026-03-25-1630","generated"
"CMS-062","Designer — Add and configure Call to Action block","Content Blocks","High",,,"Page open in designer; Add block panel available",,"1. Click Add block in the designer
2. Select 'Call to Action' from the library
3. Verify the block is added to the sections panel
4. Click the new section to open its configuration
5. Configure title text and button label in the General tab
6. Switch to Settings tab and configure alignment/layout options
7. Check live preview shows the Call to Action with configured text and button","Call to Action block added to sections panel; General tab has title/button fields; Settings tab has layout options; preview renders CTA with button",,"Block not adding; configuration tabs missing; preview not showing CTA content",,"Coverage Gap Analysis COV-2026-03-25-1630","generated"
"CMS-063","Designer — Add and configure Category block","Content Blocks","High",,,"Page open in designer; categories exist in catalog",,"1. Click Add block in the designer
2. Select 'Category' from the library
3. Verify the block is added to the sections panel
4. Click the new section to configure
5. Select a category from the catalog (or enter category ID)
6. Configure display options (number of items, layout)
7. Check live preview renders the category with products","Category block added; category selector allows picking from catalog; preview shows category products grid",,"Block not adding; category selector empty; products not loading in preview",,"Coverage Gap Analysis COV-2026-03-25-1630","generated"
"CMS-064","Designer — Add and configure Products block","Content Blocks","High",,,"Page open in designer; products exist in catalog",,"1. Click Add block in the designer
2. Select 'Products' from the library
3. Verify the block is added to the sections panel
4. Click the new section to configure
5. Configure product source (e.g., category, manual selection, or query)
6. Set number of products to display
7. Check live preview renders the product grid with images and prices","Products block added; product source configurable; preview renders product cards with images, names, and prices",,"Block not adding; product source options missing; products not rendering in preview",,"Coverage Gap Analysis COV-2026-03-25-1630","generated"
"CMS-065","Designer — Add and configure Products carousel block","Content Blocks","Medium",,,"Page open in designer; products exist in catalog",,"1. Click Add block in the designer
2. Select 'Products carousel' from the library
3. Verify the block is added to the sections panel
4. Click the new section to configure
5. Configure product source and carousel settings (auto-scroll, items per slide)
6. Check live preview renders carousel with navigation arrows","Products carousel block added; carousel settings available; preview shows product slider with navigation controls",,"Block not adding; carousel not scrollable; navigation arrows missing",,"Coverage Gap Analysis COV-2026-03-25-1630","generated"
"CMS-066","Designer — Add and configure Predefined products block","Content Blocks","Medium",,,"Page open in designer; products exist in catalog",,"1. Click Add block in the designer
2. Select 'Predefined products' from the library
3. Verify the block is added to the sections panel
4. Click the new section to configure
5. Manually select specific products by SKU or search
6. Arrange product order
7. Check live preview renders the curated product list","Predefined products block added; manual product picker available; preview shows selected products in configured order",,"Block not adding; product picker not finding products; order not persisting",,"Coverage Gap Analysis COV-2026-03-25-1630","generated"
"CMS-067","Designer — Add and configure FavoriteProducts block","Content Blocks","Medium",,,"Page open in designer; user is logged in",,"1. Click Add block in the designer
2. Select 'FavoriteProducts' from the library
3. Verify the block is added to the sections panel
4. Click the new section to configure
5. Configure display settings (max items, layout)
6. Check live preview renders favorite/wishlist products widget","FavoriteProducts block added; display settings configurable; preview shows wishlist widget (may show empty state if user has no favorites)",,"Block not adding; configuration panel empty; preview error",,"Coverage Gap Analysis COV-2026-03-25-1630","generated"
"CMS-068","Designer — Add and configure Slider block with Asset Library images","Content Blocks","Medium",,,"Page open in designer at ${BACK_URL}/apps/page-builder-shell/?storeId=@td(STORE_PRIMARY.id); at least one image asset exists in store Asset Library",,"[NAV] Open a draft page in the PageBuilder designer
[ACT] Click 'Add block' in the designer
[ACT] Select 'Slider' from the library
[WAIT] Slider block appears in sections panel
[ACT] Click the new Slider section to open configuration
[ACT] Click 'Add slide item' (+ or Add Slide button)
[WAIT] Slide row appears with image field and optional text overlay field
[ACT] Click the slide image field control (button label CONTAINS 'Asset Library')
[WAIT] Asset Library picker dialog opens (dialog heading CONTAINS 'asset library', case-insensitive)
[ACT] Select an existing image and click 'Select'
[WAIT] Dialog closes; slide image preview shown
[ACT] Optionally enter text overlay content
[ACT] Add a second slide item and select another image via Asset Library
[ACT] Configure transition settings (auto-play, duration)
[ASSERT] Live preview renders image slider with navigation dots/arrows
[ACT] Click Save","[DOM] Slider block in sections panel; [BLADE] Asset Library picker dialog opens for slide image fields (dialog heading CONTAINS 'asset library', case-insensitive); [DOM] slide image previews/thumbnails shown after selection; [DOM] transition settings configurable; [DOM] preview shows image slider with navigation controls; [TOAST] Save completes","[CONSOLE] no JS errors; [NETWORK] no 4xx/5xx on asset requests","Block not adding; Asset Library dialog does not open for slide images; slide images not loading in preview; slider not transitioning; Save fails; thumbnail 404 — preview requested from admin host (${BACK_URL}/assets/...) instead of storefront/CDN — broken/placeholder image shown","none","Coverage Gap Analysis COV-2026-03-25-1630 VCST-4932; Synced: VCST-4932 (2026-06-11)","synced"
"CMS-069","Designer — Add and configure Subscribe form block","Content Blocks","Medium",,,"Page open in designer",,"1. Click Add block in the designer
2. Select 'Subscribe form' from the library
3. Verify the block is added to the sections panel
4. Click the new section to configure
5. Configure form fields (email placeholder, button text, success message)
6. Check live preview renders newsletter subscription form","Subscribe form block added; form fields configurable; preview shows email input and subscribe button",,"Block not adding; form fields missing; preview not rendering form",,"Coverage Gap Analysis COV-2026-03-25-1630","generated"
"CMS-070","Designer — Add and configure Login block","Content Blocks","Medium",,,"Page open in designer",,"1. Click Add block in the designer
2. Select 'Login' from the library
3. Verify the block is added to the sections panel
4. Click the new section to configure
5. Configure login form display options
6. Check live preview renders embedded login form","Login block added; configuration options available; preview shows login form with username/password fields",,"Block not adding; login form not rendering; authentication conflict in preview",,"Coverage Gap Analysis COV-2026-03-25-1630","generated"
"CMS-071","Designer — Add and configure Title block","Content Blocks","Medium",,,"Page open in designer",,"1. Click Add block in the designer
2. Select 'Title' from the library
3. Verify the block is added to the sections panel
4. Click the new section to configure
5. Enter heading text and select heading level (H1-H6)
6. Configure alignment and styling options
7. Check live preview renders the heading correctly","Title block added; heading text and level configurable; preview renders heading with correct size and alignment",,"Block not adding; heading level selector missing; preview not showing title",,"Coverage Gap Analysis COV-2026-03-25-1630","generated"
"CMS-072","Designer — Section reorder via drag and drop","Designer Sections","High",,,"Page has at least 3 sections in the designer",,"1. Open a page with multiple sections in the designer
2. Identify the order of sections in the left panel
3. Drag the first section below the second section
4. Verify the sections reorder in the left panel
5. Verify the live preview updates to reflect the new section order
6. Save the page
7. Reopen the page and verify the order is persisted","Sections can be dragged to reorder; left panel reflects new order immediately; preview updates; order persists after save and reload",,"Drag not working; order reverting on save; preview not reflecting reorder",,"Coverage Gap Analysis COV-2026-03-25-1630","generated"
"CMS-073","Designer — Theme settings panel","Design Presets","High",,,"Page open in designer",,"1. Click 'Theme settings' button in the top toolbar
2. Verify theme settings panel opens
3. Locate color preset options (Presets section with search)
4. Locate custom color controls (background, text, headings, links, buttons, borders)
5. Modify a color value (e.g., change background color)
6. Verify live preview updates with the new color
7. Click Save to persist theme settings","Theme settings panel opens with presets and custom color sections; color changes reflect in real-time preview; settings persist after save",,"Theme settings panel not opening; presets not loading; color changes not reflecting in preview",,"Coverage Gap Analysis COV-2026-03-25-1630","generated"
"CMS-074","Designer — Live preview real-time updates","Designer Core","Critical",,,"Page open in designer with at least one editable section",,"1. Open a page in the designer with a Text block
2. Click the Text section to open editing
3. Modify the text content in the editing panel
4. Observe the live preview iframe WITHOUT saving
5. Verify the preview updates in real-time as content is edited
6. Add a new block (e.g., Features)
7. Verify the new block appears in the preview immediately","Preview iframe updates in real-time as content is edited (no save required); new blocks appear in preview upon adding; section removal reflects in preview immediately","STOREFRONT: After Save+Publish, navigate to ${FRONT_URL}/<permalink> to confirm updated content is live (cross-layer publish verification)","Preview not updating until save; lag or stale content in preview; iframe errors",,"Coverage Gap Analysis COV-2026-03-25-1630","generated"
"CMS-075","Designer — Hide section via context menu","Designer Sections","High",,,"Page has at least one visible section in the designer",,"1. Open a page in the PageBuilder designer with at least one section
2. Right-click on a visible section in the left panel to open the context menu
3. Verify context menu shows 'Hide' option with visibility icon
4. Click 'Hide'
5. Verify the section is visually marked as hidden in the sections panel (e.g., dimmed, strikethrough, or hidden icon)
6. Verify the live preview no longer renders the hidden section's content
7. Click Save
8. Reopen the page — verify the section is still hidden
9. Right-click the hidden section and verify 'Show' or 'Unhide' option appears to toggle it back","Section marked as hidden in the left panel after clicking Hide; live preview no longer renders the section content; hidden state persists after Save; section can be toggled back to visible via context menu","","Hide option missing from context menu; section still visible in preview after hiding; hidden state not persisting after save; no way to unhide the section",,"Coverage Gap Analysis COV-2026-03-25-1630","generated"
"CMS-076","Designer — Duplicate section via context menu","Designer Sections","Medium",,,"Page has at least one section in the designer",,"1. Open a page in the PageBuilder designer with at least one section
2. Note the current number of sections in the left panel
3. Right-click on a section to open the context menu
4. Click 'Duplicate' (file_copy icon)
5. Verify a new section appears immediately below the original
6. Verify the duplicated section has identical content and configuration
7. Click the duplicated section to confirm its fields match the original
8. Click Save","Duplicate option in context menu creates an exact copy below the original; duplicated section has same content, settings, and block type; section count increases by 1; Save persists the duplicate","","Duplicate option missing from context menu; duplicated section empty or has different content; duplicate not appearing in correct position; Save fails after duplicate",,"Coverage Gap Analysis COV-2026-03-25-1630","generated"
"CMS-077","Designer — Context menu full interaction","Designer Sections","High",,,"Page has at least 2 sections in the designer",,"1. Open a page in the PageBuilder designer with at least 2 sections
2. Right-click on the first section in the left panel
3. Verify context menu appears with all 6 options: Hide, Copy, Paste before, Paste after, Duplicate, Delete
4. Click away to dismiss the context menu
5. Right-click on the second section
6. Verify the same context menu appears
7. Click 'Copy' on the second section
8. Right-click on the first section
9. Verify 'Paste before' and 'Paste after' are now active/enabled
10. Click 'Paste before'
11. Verify copied section appears above the first section","Context menu appears on right-click for any section; all 6 options visible (Hide, Copy, Paste before, Paste after, Duplicate, Delete); Copy enables Paste options; Paste before inserts above target; Paste after inserts below target; menu dismisses on click-away","","Context menu not appearing; options missing or disabled; Paste not working after Copy; wrong insertion position; menu not dismissing",,"Coverage Gap Analysis COV-2026-03-25-1630","generated"
"CMS-078","E2E — Create promotional landing page and publish","E2E Flow","Critical","BL-CMS-001",,"Admin logged in; PageBuilder shell open at ${BACK_URL}/apps/page-builder-shell/?storeId=@td(STORE_PRIMARY.id)#/page-builder-draft","pageName=Summer Sale 2026; permalink=/summer-sale-2026; language=en-US","1. Click Add button in Draft tab toolbar
2. Enter page name 'Summer Sale 2026' and permalink '/summer-sale-2026'
3. Select language 'en-US'
4. Click Save — verify page appears in Draft list
5. Click on the new page to open the page blade
6. Click Open Designer to open the visual editor
7. Add a Title block — enter 'Summer Sale - Up to 50% Off'
8. Add a Products block — configure to show products from a category
9. Add a Call to Action block — configure button text 'Shop Now'
10. Verify live preview shows all 3 blocks rendered
11. Click Save in designer toolbar
12. Click Publish in designer toolbar
13. Navigate to ${FRONT_URL}/summer-sale-2026
14. Verify page renders with title, products grid, and CTA button","Page created in Draft; designer opens with empty canvas; blocks add and configure; preview renders all blocks; Save+Publish succeeds; storefront renders the page at correct permalink with all content","ADMIN: Page moves from Draft tab to Active tab with Published badge; API: GET page-builder-pages/search returns page with status=Published","Page creation fails; designer blocks not adding; preview blank; Publish fails; storefront returns 404 after publish; content missing on storefront","Delete test page via Archive after test","Coverage Gap Analysis COV-2026-03-25-1630","generated"
"CMS-079","E2E — Edit published page and verify storefront update","E2E Flow","Critical","BL-CMS-002",,"Published page exists with known permalink; at least one image asset exists in store Asset Library","Published page permalink; storeId=@td(STORE_PRIMARY.id)","[NAV] Navigate to ${BACK_URL}/apps/page-builder-shell/?storeId=@td(STORE_PRIMARY.id)#/page-builder-active
[ACT] Click on a published page to open blade
[ACT] Click 'Open Designer'
[WAIT] Designer loads with existing page content
[ACT] Click on existing text block section and change the heading text
[WAIT] Preview updates with new heading text
[ACT] Click 'Add block' and select 'Image' block to add below existing content
[WAIT] Image block section appears
[ACT] Click the image field control (button label CONTAINS 'Asset Library')
[WAIT] Asset Library picker dialog opens (dialog heading CONTAINS 'asset library', case-insensitive)
[ACT] Select an existing image and click 'Select'
[WAIT] Dialog closes; image preview shown
[ACT] Click Save
[WAIT] Save confirmation
[NAV] Navigate to ${FRONT_URL}/<permalink>
[WAIT] Page loads
[ASSERT] OLD content still shows (not yet re-published — heading change and image block NOT visible)
[NAV] Go back to designer
[ACT] Click 'Publish' in toolbar
[WAIT] Publish confirmation; status transitions
[NAV] Navigate to ${FRONT_URL}/<permalink> again
[WAIT] Page reloads","[DOM] storefront shows OLD content before Publish (draft not live); [DOM] storefront shows updated heading text AND new Image block after Publish; [STATE] Asset Library selection applied to new Image block (dialog heading CONTAINS 'asset library', case-insensitive)","[ADMIN] Page shows HasChanges indicator in Active tab after save but before publish; [CONSOLE] no JS errors during Asset Library open/select; [NETWORK] no 4xx/5xx","Edit not saving; Asset Library dialog fails to open; storefront showing edited content before Publish (premature publish); Publish not updating storefront; new Image block missing on storefront after publish","none","Coverage Gap Analysis COV-2026-03-25-1630 VCST-4932; Synced: VCST-4932 (2026-06-11)","synced"
"CMS-080","E2E — Archive page and verify storefront 404","E2E Flow","High","BL-CMS-003",,"Published page exists with known permalink","Published page permalink","1. Verify page is accessible on storefront: navigate to ${FRONT_URL}/<permalink> — expect HTTP 200
2. Navigate to ${BACK_URL}/apps/page-builder-shell/?storeId=@td(STORE_PRIMARY.id)#/page-builder-active
3. Select the page checkbox
4. Click Archive toolbar button
5. Confirm archive action if prompted
6. Verify page moves from Active tab to Archived tab
7. Navigate to ${FRONT_URL}/<permalink>
8. Verify page returns 404 / not found","Published page accessible before archive; Archive action moves page to Archived tab; storefront returns 404 after archive; page content not accessible to any user","ADMIN: Page counter decreases in Active tab, increases in Archived tab","Archive button not working; page still accessible on storefront after archive; page stuck in Active tab; 404 not shown","","Coverage Gap Analysis COV-2026-03-25-1630","generated"
"CMS-081","Multi-language — Create page in EN, add DE translation","Multi-Language","High","BL-CMS-004",,"Admin logged in; store has en-US and de-DE languages configured","pageName=ML Test Page; permalink=/ml-test","1. Navigate to PageBuilder shell Draft tab
2. Click Add — create page with name 'ML Test Page', language 'en-US', permalink '/ml-test'
3. Click Save
4. Open the page and click Open Designer
5. Add a Title block with text 'Welcome to Our Store'
6. Save and Publish
7. Verify ${FRONT_URL}/ml-test shows 'Welcome to Our Store'
8. Go back to PageBuilder shell — click Add again
9. Create page with name 'ML Test Seite', language 'de-DE', permalink '/ml-test'
10. Open designer, add Title block with text 'Willkommen in unserem Shop'
11. Save and Publish
12. Verify ${FRONT_URL}/de/ml-test shows 'Willkommen in unserem Shop'
13. Verify ${FRONT_URL}/ml-test still shows English version","Both language versions created with same permalink; each language version renders correct content on storefront with language prefix; /ml-test serves EN by default; /de/ml-test serves DE","ADMIN: Both language versions visible in All Pages tab with different Language column values (en-US and de-DE)","Second language creation fails with duplicate permalink error; wrong language content served; language prefix routing broken","Archive both test pages","Coverage Gap Analysis COV-2026-03-25-1630","generated"
"CMS-082","Personalization — Page visible only to Wholesaler user group","Personalization","High","BL-CMS-005",,"Page exists in Draft; User groups configured in store (e.g. Wholesaler)","Test page; Wholesaler user group name","1. Navigate to PageBuilder shell Draft tab
2. Open an existing draft page blade
3. Expand Personalization section
4. Set Visibility toggle to ON
5. Select 'Wholesaler' from User groups dropdown
6. Click Save
7. Publish the page
8. Log in on storefront as a user in the Wholesaler group
9. Navigate to ${FRONT_URL}/<permalink> — verify page loads (HTTP 200)
10. Log out and navigate to ${FRONT_URL}/<permalink> as anonymous user
11. Verify page returns 404 or is not accessible","Page with user group restriction is accessible to users in that group; page returns 404 for anonymous users and users not in the restricted group; Personalized badge appears in PageBuilder shell grid","ADMIN: Personalized badge appears on page in Active tab after publish","User group dropdown empty; restriction not saving; page accessible to all users regardless of group; page not accessible even to correct group members","","Coverage Gap Analysis COV-2026-03-25-1630","generated"
"CMS-083","Personalization — Organization-restricted page","Personalization","High","BL-CMS-006",,"Page exists; Organizations exist in the system","Test page; Organization name/ID","1. Open page blade in PageBuilder shell
2. Expand Personalization section
3. Select an Organization from the dropdown
4. Click Save and Publish
5. Log in on storefront as a user belonging to that organization
6. Navigate to ${FRONT_URL}/<permalink> — verify page loads
7. Log in as a user from a DIFFERENT organization
8. Navigate to ${FRONT_URL}/<permalink> — verify page returns 404","Organization-restricted page visible only to members of the selected organization; other org members and anonymous users see 404","ADMIN: Personalized badge shown in grid","Organization dropdown empty; restriction not saving; page visible to all orgs","","Coverage Gap Analysis COV-2026-03-25-1630","generated"
"CMS-084","Scheduling — Page appears at start date, disappears at end date","Scheduling","High","BL-CMS-007",,"Page exists in Draft; current date/time known","Test page; StartDate=past; EndDate=future","1. Open page blade in PageBuilder shell
2. Expand Scheduling section
3. Set Start date to yesterday using datepicker
4. Set End date to tomorrow using datepicker
5. Click Save and Publish
6. Navigate to ${FRONT_URL}/<permalink> — verify page loads (within date range)
7. Go back to page blade, change End date to yesterday
8. Click Save
9. Navigate to ${FRONT_URL}/<permalink> — verify page returns 404 (past end date)","Page accessible within scheduled date range; page returns 404 when current date is outside the range; Scheduled badge appears in grid","ADMIN: Page appears in Active tab when within range; moves to Archived tab when past EndDate","Datepicker not opening; dates not saving; page accessible outside date range; page not accessible within valid range; Scheduled badge missing","","Coverage Gap Analysis COV-2026-03-25-1630","generated"
"CMS-085","Scheduling — Pending page with future start date","Scheduling","Medium","BL-CMS-008",,"Admin logged in; PageBuilder shell open","Test page; StartDate set to next week","1. Create or open a draft page
2. Set Start date to 7 days from now
3. Leave End date empty
4. Save and Publish
5. Verify page appears in Pending tab (not Active)
6. Navigate to ${FRONT_URL}/<permalink> — verify page returns 404
7. Check Pending counter badge in sidebar shows the page","Published page with future StartDate appears in Pending tab, not Active; storefront returns 404 before start date; Pending counter reflects the page","ADMIN: Page in Pending tab with Scheduled badge; not in Active tab","Page in Active tab instead of Pending; page accessible before start date; Pending counter not updating","","Coverage Gap Analysis COV-2026-03-25-1630","generated"
"CMS-086","Page blade — All configuration fields","Page Configuration","High",,,"Draft page exists in PageBuilder shell","Test page with all fields","1. Navigate to PageBuilder shell and open a draft page blade
2. Verify Basic info section shows: Name (text input), Permalink (text input)
3. Verify Language is displayed
4. Expand Scheduling section — verify Start date and End date datepickers
5. Expand Personalization section — verify: Visibility toggle, User groups dropdown, Organization dropdown
6. Edit Name to a new value and click Save
7. Verify the name updates in the page list
8. Edit Permalink and click Save
9. Verify new permalink is reflected","All page blade fields are present and editable: Name, Permalink, Language (read-only after creation), Start/End dates, Visibility, User groups, Organization; changes persist after Save","","Missing fields in blade; fields not editable; Save not persisting changes; Permalink change not updating in list","","Coverage Gap Analysis COV-2026-03-25-1630","generated"
"CMS-087","Error handling — Duplicate permalink","Error Handling","Medium","","ECL-2.3","Admin logged in; a page exists with permalink '/existing-page'","Existing permalink /existing-page","1. Navigate to PageBuilder shell Draft tab
2. Click Add to create new page
3. Enter a name and set permalink to '/existing-page' (already taken by another page in same language)
4. Click Save
5. Verify an error message is displayed about duplicate permalink","System prevents creation of page with duplicate permalink in same language; error message clearly indicates the permalink is already in use","","No error shown; duplicate page created; system crashes; vague error message","","Coverage Gap Analysis COV-2026-03-25-1630","generated"
"CMS-088","Error handling — Empty required fields on page creation","Error Handling","Medium","","ECL-2.1","Admin logged in; PageBuilder shell open","Empty form","1. Navigate to PageBuilder shell Draft tab
2. Click Add to create new page
3. Leave Name field empty
4. Leave Permalink field empty
5. Attempt to click Save
6. Verify validation errors appear for required fields","Save is disabled or validation errors shown for empty Name and Permalink fields; page is not created without required fields","","Page created with empty name/permalink; no validation errors; Save succeeds with missing data","","Coverage Gap Analysis COV-2026-03-25-1630","generated"
"CMS-089","Error handling — Special characters in permalink","Error Handling","Medium","","ECL-2.2","Admin logged in; PageBuilder shell open","Special characters: spaces, &, ?, #, unicode","1. Create new page with permalink containing spaces: '/my page test'
2. Verify system sanitizes or rejects the input
3. Create page with permalink containing special characters: '/page&test?q=1#anchor'
4. Verify system sanitizes or rejects
5. Create page with permalink containing unicode: '/страница-тест'
6. Verify behavior","System either sanitizes permalinks (removes/replaces invalid characters) or shows clear validation error; no server errors; pages with sanitized permalinks are accessible on storefront","","Server error 500; permalink accepted with invalid characters causing routing issues; storefront crash on special character URL","","Coverage Gap Analysis COV-2026-03-25-1630","generated"
"CMS-090","Edge case — Page with maximum sections","Edge Cases","Low","","ECL-13.1","Admin logged in; test page in designer","Draft test page","1. Open a draft page in the designer
2. Add blocks repeatedly (e.g. Title blocks) until you have 20+ sections
3. Verify the sections panel scrolls properly
4. Verify the live preview renders all sections
5. Click Save — verify no timeout or error
6. Reopen the page — verify all sections persisted","Designer handles many sections without performance degradation; sections panel scrolls; preview renders all; Save completes within reasonable time; all sections persist","","Designer freezes or becomes unresponsive; sections disappearing; Save timeout; preview blank with many sections","Delete test sections after test","Coverage Gap Analysis COV-2026-03-25-1630","generated"
"CMS-091","Designer — Page types (Pages vs Blog vs Product template)","Designer Core","Medium",,,"Designer open with Pages dropdown accessible","Multiple page types","1. Open the designer
2. Click the Pages dropdown in the top toolbar
3. Verify available page types are listed (e.g. Pages, Blog, Product template)
4. Select 'Blog' page type
5. Verify the designer loads blog-specific content and sections
6. Select 'Product template' (if available)
7. Verify the designer loads product template layout
8. Switch back to 'Pages'
9. Verify the correct page list loads","Pages dropdown shows different page types; switching between types loads the correct content and section configurations; each type has appropriate blocks","","Dropdown not showing all page types; switching types causes error; wrong content loading for selected type","","Coverage Gap Analysis COV-2026-03-25-1630","generated"
"CMS-092","Designer — Preview mode navigation","Designer Core","Medium",,,"Page open in designer with content blocks","Page with published content","1. Open a page in the designer with at least 2 blocks
2. Click Preview button in the top toolbar
3. Verify the preview opens (full-screen or new tab/mode)
4. Interact with the preview — scroll, click links
5. Verify the storefront renders correctly with all blocks
6. Exit preview mode (click back or close)
7. Verify you return to the designer editing mode","Preview mode shows full storefront rendering with all blocks; interactive (scrollable, links clickable); exiting returns to designer without losing unsaved changes","","Preview button disabled; preview blank or showing error; cannot exit preview; unsaved changes lost after preview","","Coverage Gap Analysis COV-2026-03-25-1630","generated"
"CMS-093","API — Page search with lifecycle filter","API Layer","High","BL-CMS-009",,"Admin authenticated; API access available","storeId=@td(STORE_PRIMARY.id)","1. Call GET ${BACK_URL}/api/page-builder/grouped-pages/search with body: {storeId: '@td(STORE_PRIMARY.id)', lifecycle: 'Drafts', take: 10}
2. Verify response contains only Draft pages
3. Call with lifecycle: 'Active'
4. Verify response contains only Published pages within date range
5. Call with lifecycle: 'Archived'
6. Verify response contains only Archived pages or pages past EndDate
7. Call with lifecycle: 'Pending'
8. Verify response contains only Published pages with future StartDate","Each lifecycle filter returns correctly filtered pages; response includes page metadata (name, permalink, status, dates, language); total count matches filter","","Wrong pages returned for lifecycle filter; mixed statuses in results; API error on filter value; pagination broken","","Coverage Gap Analysis COV-2026-03-25-1630","generated"
"CMS-094","API — Page CRUD operations","API Layer","High","BL-CMS-010",,"Admin authenticated via API","storeId=@td(STORE_PRIMARY.id); test page data","1. POST ${BACK_URL}/api/page-builder/grouped-pages — create a new page with name, permalink, language, storeId
2. Verify response returns created page with ID and Draft status
3. PUT ${BACK_URL}/api/page-builder/grouped-pages/{id} — update page name
4. Verify response confirms update
5. POST ${BACK_URL}/api/page-builder/grouped-pages/{id}/publish — publish the page
6. GET ${BACK_URL}/api/page-builder/grouped-pages/{id} — verify status is Published
7. POST ${BACK_URL}/api/page-builder/grouped-pages/{id}/archive — archive the page
8. Verify status is Archived
9. Verify storefront returns 404 for the archived page","Full CRUD lifecycle works via API: create → update → publish → archive; status transitions are correct; storefront reflects each status change","","Create returns error; update not persisting; publish not changing status; archive not blocking storefront access","Delete test page","Coverage Gap Analysis COV-2026-03-25-1630","generated"
"CMS-095","Unpublish — Revert published page to draft","Status Transitions","High","BL-CMS-011",,"Published page exists; designer open","Published page","1. Open a published page in the designer
2. Verify Unpublish button is enabled in toolbar
3. Click Unpublish
4. Verify page status transitions back to Draft
5. Navigate to ${FRONT_URL}/<permalink>
6. Verify storefront returns 404 (page no longer published)
7. Navigate to PageBuilder shell — verify page is in Draft tab, not Active","Unpublish removes page from storefront; page moves from Active to Draft tab; storefront returns 404; page content is preserved in Draft state for future re-publishing","ADMIN: Page moves from Active to Draft tab; counter updates","Unpublish button disabled; page still accessible on storefront after unpublish; page stuck in Active tab; content lost after unpublish","","Coverage Gap Analysis COV-2026-03-25-1630","generated"
"CMS-096","Pagination — Page list with many pages","Grid View","Medium",,,"More than 20 pages exist in at least one lifecycle tab","30+ pages in All Pages","1. Navigate to ${BACK_URL}/apps/page-builder-shell/?storeId=@td(STORE_PRIMARY.id)#/page-builder-all
2. Verify page list shows first page of results
3. Check pagination controls at bottom (page numbers, arrows)
4. Verify Totals count matches expected number
5. Click next page arrow
6. Verify second page loads with different pages
7. Click previous page arrow
8. Verify returns to first page","Pagination controls visible when page count exceeds page size; page navigation works correctly; Totals shows accurate count; no duplicate pages across pages","","Pagination controls missing; wrong total count; duplicate pages on different pages; navigation arrows not working","","Coverage Gap Analysis COV-2026-03-25-1630","generated"
"CMS-097","Grid sorting — Sort by Name, Modified, Language","Grid View","Medium",,,"Multiple pages exist in PageBuilder shell","Pages with various names and dates","1. Navigate to All Pages tab in PageBuilder shell
2. Click the Name column header to sort ascending
3. Verify pages are sorted alphabetically A-Z
4. Click Name again to sort descending
5. Verify pages are sorted Z-A
6. Click Modified column header
7. Verify pages are sorted by modification date
8. Click Language column header
9. Verify pages are grouped/sorted by language code","Column headers toggle between ascending/descending sort; sort indicator arrow shows current direction; data reorders correctly per column","","Sort not responding to clicks; wrong sort order; sort indicator missing; data not reordering","","Coverage Gap Analysis COV-2026-03-25-1630","generated"
"CMS-103","Designer shell loads at correct URL with clean console","Designer Core","High",,,"Admin logged in; PageBuilder module v3.1001.0+ deployed",,"1. Navigate to ${BACK_URL}/apps/page-builder-shell/?storeId=@td(STORE_PRIMARY.id) (via Admin > Stores > B2B-store > Page Builder)
2. Verify Vue SPA loads — sidebar with lifecycle tabs visible (Draft, Pending, Active, Archived, All Pages)
3. Open DevTools Console — verify new shell console is clean (SignalR info and preloaded resource warning are acceptable; no LOG flooding)
4. Verify all 5 lifecycle tabs show count badges with numeric values
5. Verify VC branding visible in sidebar","Shell loads without blank screen or JS errors; 5 lifecycle tabs with count badges; console clean (no debug flooding from new shell); VC branding visible",,"Blank screen; sidebar tabs missing; console flooding with debug LOG entries; no page counts in badges; JS errors in console","","VCST-4756; PR #105; Checklist 1.1 1.2 1.3",
"CMS-104","Calendar control — natural language date input resolution","Field Types","Medium",,,"Page open in old designer with calendar field (ngv-datepicker)","Natural language inputs: today, tomorrow, next week, in 7 days","1. Open a page in old designer at ${BACK_URL}/Modules/$(VirtoCommerce.PageBuilderModule)/Content/page-builder-designer/index.html?storeId=@td(STORE_PRIMARY.id)
2. Navigate to a section with a calendar field (ngv-datepicker)
3. Click the calendar input field and type 'tomorrow'
4. Verify field resolves to tomorrow's date
5. Clear and type 'next week' — verify resolves to ~7 days from today
6. Clear and type 'in 7 days' — verify resolves correctly
7. Clear and type 'today' — verify resolves to today's date
8. Save — verify resolved date persists after reload","All four natural language inputs resolve to correct dates via chrono-node; resolved dates persist after Save",,"Input not recognized (stays empty or shows raw text); wrong date resolved; chrono-node not bundled (TypeError); resolved date not persisting after save","","VCST-4756; PR #105; Checklist 6.1.4",
"CMS-105","String control — multiline textarea renders and respects row limits","Field Types","Medium",,,"Page open in old designer with multi-line string field (textarea)","Multi-line string schema with multiline=true, minRowsCount=3, maxRowsCount=10","1. Open page in old designer
2. Navigate to section with multi-line string field
3. Verify field renders as textarea (not single-line input)
4. Enter multiple lines with Enter key — verify textarea auto-expands
5. Continue adding lines beyond maxRowsCount limit
6. Verify scrollbar appears inside textarea (no further expansion)
7. Save — verify multi-line content persists with newlines after reload","Multi-line field renders as textarea; auto-expands up to maxRowsCount; scrollbar appears at limit; content saves with newlines intact",,"Renders as single-line input; no expansion; scrollbar missing at limit; newlines lost after save","","VCST-4756; PR #105; Checklist 6.2.2 6.2.3",
"CMS-106","Markdown control — EasyMDE editor renders with formatting toolbar","Field Types","Medium",,,"Page open in old designer with markdown field","Markdown content with bold, italic, heading, link","1. Open page in old designer
2. Navigate to section with markdown field (EasyMDE)
3. Verify EasyMDE editor renders with formatting toolbar
4. Verify toolbar includes: Bold, Italic, Heading, Link, Preview buttons
5. Click Bold and type 'Bold text' — verify **Bold text** syntax appears
6. Click Preview — verify formatted HTML renders (bold text appears bold)
7. Save — verify markdown content persists after reload","EasyMDE editor with toolbar renders; formatting controls insert correct markdown syntax; Preview renders HTML; content persists after Save",,"Plain textarea without EasyMDE; toolbar missing; bold/italic not inserting syntax; preview showing raw markdown; content lost after save","","VCST-4756; PR #105; Checklist 6.3.6",
"CMS-107","Collection control — add, remove, and reorder list items","Field Types","Medium",,,"Page open in old designer with collection/repeatable list field","List items with title and description fields","1. Open page in old designer with collection field
2. Verify Add button (+ or Add Item) is present
3. Click Add — verify new item row appears
4. Fill item fields (title, description)
5. Click Add again — verify second item row appears
6. Verify remove button (X or trash icon) on each item
7. Click remove on first item — verify removed from list
8. If drag handles visible, drag to reorder — verify order changes in preview
9. Save — verify remaining items persist with correct values and order","Add creates item rows; remove deletes them; content saves and persists; reorder persists if drag handles present",,"Add button missing; remove not functional; items not saving; content lost on reload; drag handle not functional","","VCST-4756; PR #105; Checklist 6.3.7",
"CMS-108","Unknown control type — fallback renderer prevents crash","Field Types","Low","","ECL-13.1","Access to a page section using an unregistered control type (requires dev/test schema modification)",,"1. Open page in old designer containing a section with an unregistered control type
2. Navigate to that section in the left panel
3. Verify designer does NOT crash or show blank/broken panel
4. Verify fallback 'unknown editor' or placeholder widget renders
5. Verify other sections remain functional and editable
6. Verify no unhandled JS exception in DevTools console","Fallback unknown-editor placeholder renders for unregistered types; no crash; other sections remain editable; no unhandled console exceptions",,"Designer crashes; blank panel; JS exception thrown; other sections become uneditable","","VCST-4756; PR #105; Checklist 6.3.9",
"CMS-109","Regression — String field value persists after save in designer Settings","Designer Core","High","","ECL-2.3","Old designer open with Settings section visible; Page Header / H1 string field present",,"1. Open page in old designer at ${BACK_URL}/Modules/$(VirtoCommerce.PageBuilderModule)/Content/page-builder-designer/index.html?storeId=@td(STORE_PRIMARY.id)
2. Click Settings section in left panel
3. Locate 'Page Header / H1' text field
4. Clear existing value and type 'QA-TEST-STRING-4756'
5. Click Save in designer toolbar
6. Observe save confirmation alert — note whether it shows 'Template undefined saved successfully'
7. Reload the page (F5 or navigate away and back)
8. Reopen Settings section
9. Verify 'Page Header / H1' field shows 'QA-TEST-STRING-4756' (not empty)","String field value persists after Save and reload; save alert shows valid template name (not 'undefined'); value survives page reload",,"Field empty after reload (value not persisted); alert shows 'Template undefined saved successfully'; checkbox persists but string does not","","VCST-4756; PR #105; Test results Issue 1; Checklist 3.8",
"CMS-110","Routing — Publish endpoint uses groupId path parameter not query string","API Layer","Medium",,,"Admin authenticated; Draft page with known groupId available","groupId of a Draft page (UUID format)","1. Navigate to ${BACK_URL}/apps/page-builder-shell/?storeId=@td(STORE_PRIMARY.id)#/page-builder-draft
2. Open DevTools Network tab
3. Click on a Draft page to open its blade
4. Click Publish button
5. [HTTP] Locate publish request in Network tab
6. [SCHEMA] Verify URL matches pattern: POST /api/page-builder-pages/grouped/publishing/{groupId}?publish=true where {groupId} is UUID in URL path
7. Verify groupId is NOT a separate query parameter (URL is NOT /publishing?id={groupId})
8. [STATUS] Verify response status is 200","Publish uses path parameter routing (/publishing/{groupId}?publish=true); response is 200; groupId is in URL path not query string",,"Different URL pattern observed; groupId sent as query parameter; publish request fails; 405 Method Not Allowed","","VCST-4756; PR #105; Checklist 10.4",
"CMS-111","Asset Library Picker — dialog chrome and initial state","Asset Library Picker","Critical",,,"Admin logged in; Page open in designer at ${BACK_URL}/apps/page-builder-shell/?storeId=@td(STORE_PRIMARY.id); store has at least one asset folder and one image file; block with image control added to page (block library label: 'Image')","storeId=@td(STORE_PRIMARY.id)","[NAV] Open a draft page in the designer and add an 'Image' block
[BLADE] Click the image field control (label CONTAINS 'Asset Library'; actual label observed on vcptcore-qa: 'Choose from Asset Library or drag and drop here')
[WAIT] Asset Library picker dialog opens (modal or overlay; heading CONTAINS 'asset library', case-insensitive; observed: 'Choose from asset library')
[ASSERT] Dialog shows: breadcrumb navigation (at least root level); folder/file list area; Search input field; Upload button; Cancel button; Select button in disabled state
[ASSERT] Assets/folders listed are scoped to the current store's asset folder (not another store's assets)
[ACT] Verify no file is pre-selected (Select button disabled)","[BLADE] Asset Library picker dialog opens when image field control clicked (control label CONTAINS 'Asset Library'); [DOM] dialog heading CONTAINS 'asset library' (case-insensitive); [DOM] breadcrumbs visible (at least root/store level); [DOM] folder and file list renders; [DOM] Search input field present; [DOM] 'Upload' button visible and enabled; [DOM] 'Cancel' button visible and enabled; [DOM] 'Select' button visible and DISABLED when nothing is selected; [DOM] listed assets/folders are scoped to the current store's asset folder","[CONSOLE] no JS errors on dialog open; [NETWORK] no 4xx/5xx on asset listing request","Dialog does not open; dialog opens blank/empty; 'Select' button enabled with nothing selected; breadcrumbs absent; console errors on open; assets from a different store shown","none — dialog opened/closed without modification","VCST-4932; Phase-5 verified 2026-06-11 (vcptcore-qa): control label 'Choose from Asset Library or drag and drop here', dialog heading 'Choose from asset library' — match as CONTAINS, not exact equality","Draft"
"CMS-112","Asset Library Picker — select existing image and verify applied to control","Asset Library Picker","Critical",,,"Admin logged in; Page open in designer; 'Image' block section open (block library label: 'Image'); at least one image (.jpg/.png) exists in store Asset Library root or accessible folder","storeId=@td(STORE_PRIMARY.id)","[NAV] Open a draft page in the designer; click on an Image block section
[BLADE] Click the image field control (label CONTAINS 'Asset Library')
[WAIT] Asset Library picker dialog opens (heading CONTAINS 'asset library', case-insensitive)
[ACT] Click an image file in the list to select it
[WAIT] File highlighted; 'Select' button becomes enabled
[ASSERT] Select button changes from disabled to enabled after click
[ACT] Click 'Select' button
[WAIT] Dialog closes; image preview appears in the field in the configuration panel
[ASSERT] Thumbnail/preview shown in the image control
[ACT] Click Save
[WAIT] Save confirmation toast","[DOM] clicking file enables 'Select' button; [BLADE] dialog closes after 'Select' click; [FORM] image control shows thumbnail/preview of selected asset; [TOAST] Save completes without error; [FORM] selected asset URL stored (not empty path)","[CONSOLE] no JS errors during select/save; [NETWORK] no 4xx/5xx; [API] check image control value is not empty after Save (network inspect or re-open section)","'Select' button stays disabled after file click; dialog doesn't close after Select; thumbnail not shown; save fails; image field empty after save; console TypeError; thumbnail 404 — preview requested from admin host (${BACK_URL}/assets/...) instead of storefront/CDN — broken/placeholder image shown","none","VCST-4932","Draft"
"CMS-113","Asset Library Picker — folder navigation and breadcrumb back-navigation","Asset Library Picker","High",,,"Admin logged in; store Asset Library has at least one subfolder containing at least one image file","storeId=@td(STORE_PRIMARY.id)","[NAV] Open designer; add an 'Image' block; click the image field control (label CONTAINS 'Asset Library')
[WAIT] Dialog opens at root level; breadcrumbs show root
[ACT] Click a folder in the list
[WAIT] Folder contents load; breadcrumb updates to show folder name
[ASSERT] Breadcrumb shows path: Root > FolderName
[ASSERT] File list shows contents of the subfolder (different from root list)
[ACT] Click the root breadcrumb segment to navigate back
[WAIT] Root contents reload
[ASSERT] File list returns to root content; breadcrumb shows root only
[ACT] Select an image file in the subfolder (navigate into folder again, select file, click Select)","[DOM] clicking a folder updates file list to folder contents; [DOM] breadcrumb updates to show current path; [DOM] clicking a breadcrumb segment navigates back to that level; [DOM] file list updates correctly on back-navigation; [BLADE] selected file from subfolder applied to image control","[CONSOLE] no JS errors during folder navigation; [NETWORK] no 4xx/5xx on folder list requests","Folder click does not change list; breadcrumb not updating; back-navigation reloads wrong level; navigation loop; file from subfolder not selectable","none","VCST-4932","Draft"
"CMS-114","Asset Library Picker — search within current location","Asset Library Picker","High",,,"Admin logged in; store Asset Library has multiple assets; at least one asset has a known name fragment","storeId=@td(STORE_PRIMARY.id); known asset name fragment to search","[NAV] Open designer; add an 'Image' block; click the image field control (label CONTAINS 'Asset Library')
[WAIT] Dialog opens
[ACT] Navigate into a folder that has multiple assets
[ACT] Type a known name fragment into the Search field
[WAIT] File list filters to show only matching assets
[ASSERT] Filtered list shows only files whose names contain the search term
[ASSERT] Files from outside the current folder are NOT shown
[ACT] Clear the Search field
[WAIT] Full folder contents reload
[ASSERT] All assets in current folder visible again","[DOM] Search field filters file list within current folder scope; [DOM] non-matching files hidden during search; [DOM] clearing search restores full folder listing; [DOM] search is scoped to current location (folder), not global","[CONSOLE] no JS errors during search; [NETWORK] no 4xx/5xx on search requests","Search field not present; search returns files from other folders (not scoped); clearing search doesn't restore list; search causes JS error","none","VCST-4932","Draft"
"CMS-115","Asset Library Picker — upload new file and select it","Asset Library Picker","High","","ECL-7.3","Admin logged in; store Asset Library accessible; test image file available locally (AGENT-TEST-upload prefix)","storeId=@td(STORE_PRIMARY.id); upload fixture: AGENT-TEST-image-4932.jpg (add to test-data/cms/ if not present)","[NAV] Open designer; add an 'Image' block; click the image field control (label CONTAINS 'Asset Library')
[WAIT] Dialog opens
[ACT] Navigate into a target folder (or stay at root)
[ACT] Click 'Upload' button in the dialog
[WAIT] File selection / upload control appears
[ACT] Select local test image file (AGENT-TEST-image-4932.jpg)
[WAIT] Upload progress completes; file appears in current folder list
[ASSERT] Uploaded file visible in file list with name AGENT-TEST-image-4932.jpg
[ACT] Click the newly uploaded file to select it
[WAIT] 'Select' button becomes enabled
[ACT] Click 'Select'
[WAIT] Dialog closes; image preview shown in control","[DOM] 'Upload' button present in dialog; [DOM] uploaded file appears in folder list after upload; [DOM] uploaded file is selectable (not greyed out); [BLADE] dialog closes and image applied after selecting uploaded file","[CONSOLE] no JS errors during upload; [NETWORK] POST asset upload request succeeds (2xx); no 4xx/5xx","Upload button absent in dialog; upload fails; uploaded file does not appear in list; uploaded file not selectable immediately; dialog freezes during upload","Delete AGENT-TEST-image-4932.jpg from Asset Library via Admin Asset Library workspace after test","VCST-4932","Draft"
"CMS-116","Asset Library Picker — drag-and-drop upload into dialog","Asset Library Picker","Medium","","ECL-7.3","Admin logged in; dialog open at a folder location; local test file available","storeId=@td(STORE_PRIMARY.id); drag-and-drop test file: AGENT-TEST-dnd-4932.png","[NAV] Open designer; add an 'Image' block; click the image field control (label CONTAINS 'Asset Library')
[WAIT] Dialog opens
[ACT] Navigate into a target folder
[ACT] Drag a local image file (AGENT-TEST-dnd-4932.png) and drop it onto the dialog file list area
[WAIT] Upload progress; file appears in list
[ASSERT] Dropped file visible in file list at the current folder level
[ACT] Select the uploaded file and click 'Select'
[WAIT] Dialog closes; image applied to control","[DOM] drag-and-drop area accepts file drop (no 'invalid drop target' browser default); [DOM] dropped file uploads and appears in current folder list; [DOM] file selectable immediately after drop; [BLADE] file applied to image control after Select","[CONSOLE] no JS errors; [NETWORK] POST upload request succeeds after drop","Drop has no effect; file not uploaded; file not appearing after drop; dialog freezes; upload error message shown","Delete AGENT-TEST-dnd-4932.png from Asset Library after test","VCST-4932","Draft"
"CMS-117","Asset Library Picker — drag file onto a folder uploads into that folder","Asset Library Picker","Medium",,,"Admin logged in; dialog open at root level with at least one folder visible; local test file available","storeId=@td(STORE_PRIMARY.id); drag test file: AGENT-TEST-folder-drop-4932.jpg","[NAV] Open designer; add an 'Image' block; click the image field control (label CONTAINS 'Asset Library')
[WAIT] Dialog opens at root; folders visible
[ACT] Drag a local image (AGENT-TEST-folder-drop-4932.jpg) and drop it ONTO a visible folder in the list (not the general drop area)
[WAIT] Upload completes
[ACT] Navigate into that folder
[ASSERT] AGENT-TEST-folder-drop-4932.jpg appears inside the folder
[ASSERT] File is NOT visible at root level","[DOM] dragging onto a folder icon uploads into that specific folder; [DOM] file appears inside target folder after drop, not at root level","[CONSOLE] no JS errors; [NETWORK] upload request includes correct folder path","Drop onto folder uploads to root instead; file not uploaded; file visible at root AND in folder (duplicate); navigation to folder shows no file","Delete AGENT-TEST-folder-drop-4932.jpg from folder after test","VCST-4932","Draft"
"CMS-118","Asset Library Picker — unsupported file type rejected for image control","Asset Library Picker","High","","ECL-2.1","Admin logged in; image control dialog open; have a non-image file (e.g. .pdf or .exe) locally available","storeId=@td(STORE_PRIMARY.id); unsupported test file: AGENT-TEST-unsupported-4932.pdf","[NAV] Open designer; add an 'Image' block; click the image field control (label CONTAINS 'Asset Library')
[WAIT] Dialog opens
[ACT] Attempt to upload a non-image file (AGENT-TEST-unsupported-4932.pdf) via the Upload button
[WAIT] System response (error or filter prevents it)
[ASSERT] Unsupported file is rejected via EITHER: (a) the file chooser filters to image types only so the non-image file cannot be selected, OR (b) a clear error/validation message is shown after upload attempt; in both cases the dialog remains open and usable
[ASSERT] Dialog remains usable (not crashed or frozen) after the rejection
[ACT] Verify the image control still has its previous state (not corrupted)","[DOM] unsupported file type rejected: EITHER file chooser restricts to image types (filter-based prevention — current build observed on vcptcore-qa 2026-06-11) OR a clear validation message is shown; [BLADE] dialog remains open and functional after rejection in either case; [FORM] image control not corrupted; [DOM] no partial upload state visible; NOTE: current build uses silent client-side file-chooser filtering — no explicit error message shown; the dialog staying usable is the pass criterion","[CONSOLE] no uncaught exceptions; no 500 errors in Network","No type restriction AND no error shown for unsupported type; .pdf accepted and stored as image; dialog freezes after rejection; image control shows broken link","none — rejection leaves no persistent state","VCST-4932","Draft"
"CMS-119","Asset Library Picker — oversized file rejected with clear error","Asset Library Picker","High","","ECL-2.1","Admin logged in; dialog open; have a file that exceeds the store's configured max upload size (NOTE: confirm the current configured limit before authoring the fixture — on vcptcore-qa 2026-06-11 a 16.5 MB file was accepted, so the limit is larger; do NOT hardcode 10 MB)","storeId=@td(STORE_PRIMARY.id); oversized test file: AGENT-TEST-oversized-4932.jpg (must exceed the store's currently configured max upload size — verify limit in store config before test)","[NAV] Open designer; add an 'Image' block; click the image field control (label CONTAINS 'Asset Library')
[WAIT] Dialog opens
[ACT] Click 'Upload' and select a file that exceeds the store's configured maximum upload size limit
[WAIT] System attempts upload
[ASSERT] Upload fails with a clear error message indicating size limit exceeded
[ASSERT] Dialog remains open and usable after the error (not frozen or broken)
[ASSERT] File does NOT appear in the folder list","[DOM] clear size-exceeded error message shown; [BLADE] dialog stays open after rejection; [DOM] oversized file absent from folder list; [DOM] Upload button re-enabled for retry","[CONSOLE] no unhandled exception; [NETWORK] upload request returns 4xx (e.g. 413) or client-side rejection before request","No error message shown; file silently accepted despite exceeding limit; dialog frozen after rejection; file partially visible in list; 500 Server Error","none","VCST-4932","Draft"
"CMS-120","Asset Library Picker — persistence after save, refresh, and reopen","Asset Library Picker","Critical",,,"Admin logged in; 'Image' block (block library label: 'Image') added to a draft page; image asset selected via Asset Library","storeId=@td(STORE_PRIMARY.id)","[NAV] Open a draft page in designer; add an 'Image' block; click the image field control (label CONTAINS 'Asset Library')
[WAIT] Dialog opens
[ACT] Select an image asset and click 'Select'
[WAIT] Thumbnail shown in image control
[ACT] Click Save in designer toolbar
[WAIT] Save confirmation
[NAV] Navigate away from designer (e.g. back to page list)
[NAV] Reopen the page in the designer
[WAIT] Designer reloads
[BLADE] Click on the Image section
[ASSERT] Image control shows the same thumbnail as selected before save
[ACT] Click the image field control (label CONTAINS 'Asset Library') again
[WAIT] Dialog opens
[ASSERT] Dialog opens without errors; previous selection not causing stale state","[FORM] selected asset persists in image control after Save+navigate away+reopen; [DOM] thumbnail matches previously selected asset; [BLADE] dialog reopens cleanly on second open without JS errors; [FORM] asset URL stored correctly (not a temp/blob URL that expires)","[CONSOLE] no JS errors on designer reload or second dialog open; [NETWORK] no 4xx/5xx","Image field empty after reload (selection not persisted); wrong image shown; dialog crashes on reopen; blob:// URL stored (expires after session); thumbnail 404 — preview requested from admin host (${BACK_URL}/assets/...) instead of storefront/CDN — broken/placeholder image shown","none — no cleanup needed after read","VCST-4932","Draft"
"CMS-121","Asset Library Picker — selected asset public URL loads on storefront","Asset Library Picker","Critical",,,"Admin logged in; draft page with 'Image' block (block library label: 'Image'); image asset selected via Asset Library; page saved and published; page is Published AND the store search index is current (slugInfo resolves from the search index — reindex Pages if a freshly published page 404s)","storeId=@td(STORE_PRIMARY.id); ${FRONT_URL}","[NAV] Open designer; add an 'Image' block; select an image via the image field control (label CONTAINS 'Asset Library')
[WAIT] Image preview shown
[ACT] Click Save then Publish in designer toolbar
[WAIT] Page published (status = Published in Active tab)
[NAV] Navigate to ${FRONT_URL}/<permalink>
[WAIT] Page loads (HTTP 200 expected)
[ASSERT] Selected image renders on storefront (img element visible, not broken)
[ASSERT] Image src URL is a valid public URL (not /Modules/... admin path, not a blob URL); expected URL origin: ${FRONT_URL} or CDN (not ${BACK_URL})
[NAV] Navigate to the image URL directly in browser
[ASSERT] Image file loads with HTTP 200","[DOM] image block renders on storefront with visible img element; [DOM] image src is a public-facing URL on ${FRONT_URL}/assets/... or CDN (NOT ${BACK_URL}/assets/... admin host); [NAV] direct access to image URL returns HTTP 200","[NETWORK] image HTTP GET returns 200; [CONSOLE] no broken image errors; [API] GET ${BACK_URL}/api/assets confirms asset is in store asset collection","Image broken on storefront (404 src); admin internal URL (${BACK_URL}/assets/...) used in img src instead of storefront/CDN URL; img element present but empty src; 403 on image URL; page 404s due to stale/broken search index rather than an asset problem — verify slugInfo resolves before blaming the asset","Archive test page after verification","VCST-4932","Draft"
"CMS-122","Asset Library Picker — filename with spaces in name (e.g. hero banner.png)","Asset Library Picker","High","","ECL-6.3","Admin logged in; store Asset Library has an image file whose name contains spaces, e.g. 'hero banner.png' in a 'Page Builder' folder","storeId=@td(STORE_PRIMARY.id); fixture file: 'hero banner.png' (add to test-data/cms/ fixtures; note space in name)","[NAV] Open designer; add an 'Image' block; click the image field control (label CONTAINS 'Asset Library')
[WAIT] Dialog opens
[ACT] Navigate to the folder containing 'hero banner.png'
[ACT] Click 'hero banner.png' to select it
[WAIT] 'Select' enabled
[ACT] Click 'Select'
[WAIT] Thumbnail shown
[ACT] Click Save
[WAIT] Save confirmation
[ACT] Click Publish; navigate to ${FRONT_URL}/<permalink>
[WAIT] Page loads
[ASSERT] Image renders without error on storefront","[DOM] file with spaces in name is selectable in dialog; [FORM] thumbnail shown after selection; [TOAST] Save completes; [DOM] image renders on storefront (not broken); [DOM] image src URL either has spaces URL-encoded (%20) or uses another valid encoding — NOT a raw space in URL","[NETWORK] image HTTP GET returns 200; [CONSOLE] no URL encoding errors","File with spaces not visible in dialog; selection fails; thumbnail broken; storefront image 404 due to unencoded space in URL; console error on URL construction","Archive test page after verification","VCST-4932","Draft"
"CMS-123","Asset Library Picker — %20-encoded URL round-trip","Asset Library Picker","High","","ECL-6.3","Admin logged in; store Asset Library has an asset whose stored URL contains %20 encoding (or can be triggered by uploading 'hero banner.png')","storeId=@td(STORE_PRIMARY.id)","[NAV] Open designer; add an 'Image' block; click the image field control (label CONTAINS 'Asset Library')
[WAIT] Dialog opens
[ACT] Select an asset whose name contains a space (URL stored as %20-encoded path, e.g. /assets/Page%20Builder/hero%20banner.png)
[ACT] Click Select; Save; Publish page
[NAV] Navigate to ${FRONT_URL}/<permalink>
[ASSERT] Image renders correctly (not 404)
[ACT] Inspect image src attribute in DevTools
[ASSERT] src contains %20 encoding (or properly normalized equivalent) — NOT a raw space","[DOM] %20-encoded asset URL correctly preserved from Asset Library through to storefront img src; [DOM] image renders without error on storefront; [DOM] src URL is valid and does not contain raw unencoded spaces","[NETWORK] image HTTP GET (with %20 URL) returns 200; [CONSOLE] no URL encoding errors in console","Image 404 on storefront because URL decoded incorrectly; raw space in img src; double-encoding (%2520) breaks URL; JS error during URL normalization","Archive test page","VCST-4932","Draft"
"CMS-124","Asset Library Picker — Cyrillic/non-Latin filename","Asset Library Picker","High","","ECL-6.3","Admin logged in; store Asset Library has an asset with non-Latin/Cyrillic filename, e.g. 'баннер.jpg' or upload one via Admin Asset Library workspace","storeId=@td(STORE_PRIMARY.id); fixture: баннер.jpg (add to test-data/cms/ fixtures; note Cyrillic characters in name)","[NAV] Open designer; add an 'Image' block; click the image field control (label CONTAINS 'Asset Library')
[WAIT] Dialog opens
[ACT] Navigate to folder containing Cyrillic-named file (e.g. 'баннер.jpg')
[ASSERT] File is displayed in list with Cyrillic name visible (not garbled/replaced with ?)
[ACT] Select the file and click 'Select'
[WAIT] Thumbnail shown
[ACT] Save; Publish page; navigate to ${FRONT_URL}/<permalink>
[ASSERT] Image renders on storefront without error","[DOM] non-Latin filename displayed correctly in dialog (no character garbling); [FORM] thumbnail shown after selection; [DOM] image renders on storefront; [DOM] img src is a properly encoded URL (Cyrillic chars percent-encoded in URL, displayed correctly as filename in UI)","[NETWORK] image HTTP GET returns 200; [CONSOLE] no encoding errors","Cyrillic filename shows as ??? or garbled; file not selectable; thumbnail broken; storefront image 404; encoding error in console","Archive test page","VCST-4932","Draft"
"CMS-125","Asset Library Picker — asset URL with query string","Asset Library Picker","Medium",,,"Admin logged in; store Asset Library has an asset whose URL contains a query string (e.g. ?version=2 or ?v=abc) — may require uploading via API or specific store config","storeId=@td(STORE_PRIMARY.id)","[NAV] Open designer; add an 'Image' block; click the image field control (label CONTAINS 'Asset Library')
[WAIT] Dialog opens
[ACT] Locate and select an asset whose stored URL includes a query string (e.g. image.jpg?v=abc123)
[ACT] Click 'Select'; Save; Publish page
[NAV] Navigate to ${FRONT_URL}/<permalink>
[ASSERT] Image renders on storefront (not broken)
[ACT] Inspect image src; verify query string is preserved or gracefully stripped","[DOM] asset with query string in URL is selectable in dialog; [DOM] image renders on storefront; [DOM] img src either preserves the query string intact or strips it cleanly — NOT appended with double query strings; [TOAST] Save completes","[NETWORK] image HTTP GET returns 200 (with or without query string); [CONSOLE] no URL parsing errors","Image 404 on storefront; double query string appended (?v=abc&v=abc); query string causes routing error; console URL parse exception","Archive test page","VCST-4932","Draft"
"CMS-126","Admin Asset Library — folder navigation in workspace","Asset Library Admin","High",,,"Admin logged in at ${BACK_URL}; Page Builder module installed; store has Asset Library with multiple folders","storeId=@td(STORE_PRIMARY.id)","[NAV] Navigate to ${BACK_URL} and open Admin > Stores > @td(STORE_PRIMARY.id) > Page Builder > Asset Library (dedicated workspace)
[WAIT] Asset Library workspace loads with root-level folders and files visible
[ASSERT] Root level shows folder icons with names and file icons
[ACT] Click a folder to navigate into it
[WAIT] Folder contents load; breadcrumb or path indicator updates
[ASSERT] Breadcrumb/path shows current folder
[ACT] Click parent folder or root in breadcrumb to navigate back
[WAIT] Parent contents load
[ASSERT] File list returns to parent level","[DOM] Asset Library workspace loads with folder/file listing; [BLADE] clicking a folder navigates into it and updates the path indicator; [DOM] breadcrumb navigation works (click parent returns to parent); [DOM] folder contents display correctly","[CONSOLE] no JS errors during navigation; [NETWORK] no 4xx/5xx on folder listing API","Workspace fails to load; folder click has no effect; path indicator not updating; back-navigation broken; JS errors in console; Asset Library workspace grid gated on POST /api/page-builder-assets/references — on stores with many pages this call is slow (known reference-scan perf defect) and the grid never renders or shows 0 assets behind a loading overlay","none","VCST-4932","Draft"
"CMS-127","Admin Asset Library — asset upload in workspace","Asset Library Admin","High",,,"Admin logged in; Asset Library workspace open; local test file available","storeId=@td(STORE_PRIMARY.id); upload file: AGENT-TEST-admin-upload-4932.jpg","[NAV] Navigate to Admin Asset Library workspace for @td(STORE_PRIMARY.id)
[WAIT] Workspace loads; current folder visible
[ACT] Click 'Upload' button (or equivalent action)
[WAIT] File picker or drag-drop zone appears
[ACT] Select AGENT-TEST-admin-upload-4932.jpg for upload
[WAIT] Upload progress; file appears in current folder
[ASSERT] AGENT-TEST-admin-upload-4932.jpg visible in folder list after upload
[ASSERT] File has correct name, type icon, and is actionable (clickable)","[DOM] Upload button present in workspace; [DOM] uploaded file appears in folder list with correct name; [DOM] file is accessible (not greyed out or error state); [TOAST] upload success notification shown (if present)","[NETWORK] POST asset upload returns 2xx; [CONSOLE] no JS errors during upload","Upload button absent; upload fails with error; file not appearing after upload; 500 on upload endpoint; file appears with corrupted name","Delete AGENT-TEST-admin-upload-4932.jpg from Asset Library after test","VCST-4932","Draft"
"CMS-128","Admin Asset Library — folder creation","Asset Library Admin","Medium",,,"Admin logged in; Asset Library workspace open at any folder level","storeId=@td(STORE_PRIMARY.id); folder name: AGENT-TEST-folder-4932","[NAV] Navigate to Admin Asset Library workspace for @td(STORE_PRIMARY.id)
[WAIT] Workspace at root level
[ACT] Click 'Create Folder' (or 'New Folder') button
[WAIT] Folder name input appears (inline or dialog)
[ACT] Enter folder name 'AGENT-TEST-folder-4932'
[ACT] Confirm creation (press Enter or click Create/OK)
[WAIT] New folder appears in current location
[ASSERT] 'AGENT-TEST-folder-4932' folder visible in the listing
[ACT] Navigate into the new folder
[ASSERT] Folder is empty and functional (no error)","[DOM] 'Create Folder' action present in workspace; [DOM] newly created folder appears in listing with correct name; [DOM] folder is navigable (click opens it showing empty contents); [TOAST] creation confirmation shown (if present)","[NETWORK] folder creation request returns 2xx; [CONSOLE] no JS errors","Create Folder button absent; folder name input not appearing; creation fails with error; folder not visible after creation; navigation into new folder returns error","Delete AGENT-TEST-folder-4932 from Asset Library after test","VCST-4932","Draft"
"CMS-129","Admin Asset Library — asset details panel shows metadata and usage info","Asset Library Admin","High",,,"Admin logged in; Asset Library workspace has at least one asset that IS used on at least one published Page Builder page; and at least one asset NOT used on any page","storeId=@td(STORE_PRIMARY.id)","[NAV] Navigate to Admin Asset Library workspace for @td(STORE_PRIMARY.id)
[WAIT] Workspace loads
[ACT] Click on an asset that IS USED on a Page Builder page (select/open its details)
[WAIT] Details panel opens
[ASSERT] Panel shows: file name, file type/extension, file size, upload date/modified date (at least 2 metadata fields)
[ASSERT] Panel shows usage/reference information: reference count > 0 AND at least one Page Builder page listed (page name and/or permalink)
[ACT] Close panel; click on an asset NOT used on any page
[WAIT] Details panel opens
[ASSERT] Usage/reference section shows count = 0 or 'Not used' indicator","[BLADE] asset details panel opens on click/selection; [DOM] metadata fields visible (name, type, size, date at minimum); [DOM] reference count > 0 shown for used asset with associated page details; [DOM] reference count = 0 or 'Not used' shown for unused asset","[CONSOLE] no JS errors when opening details panel; [NETWORK] reference lookup request returns 2xx","Details panel absent; panel opens blank; reference count always 0 regardless of actual usage; page list missing from used asset details; panel crashes","none","VCST-4932","Draft"
"CMS-130","Admin Asset Library — delete UNUSED asset succeeds","Asset Library Admin","High",,,"Admin logged in; Asset Library workspace has at least one asset confirmed NOT used on any Page Builder page (reference count = 0)","storeId=@td(STORE_PRIMARY.id); upload AGENT-TEST-delete-unused-4932.jpg first if no unused asset available","[NAV] Navigate to Admin Asset Library workspace for @td(STORE_PRIMARY.id)
[WAIT] Workspace loads
[ACT] Upload AGENT-TEST-delete-unused-4932.jpg (or locate existing unused asset)
[WAIT] Asset appears in list (reference count = 0 in details panel)
[ACT] Select the unused asset; click 'Delete' (or equivalent action)
[WAIT] Confirmation dialog appears (if applicable)
[ACT] Confirm deletion
[WAIT] Asset removed from list
[ASSERT] AGENT-TEST-delete-unused-4932.jpg no longer visible in the folder
[ASSERT] No error toast or warning about 'asset in use'","[DOM] Delete action available for unused asset; [TOAST] deletion confirmation or success notification; [DOM] deleted asset removed from folder list; [DOM] NO warning about 'asset in use' shown for an asset with 0 references","[NETWORK] DELETE asset request returns 2xx; [CONSOLE] no JS errors; [API] GET asset endpoint returns 404 after deletion","Delete button absent; deletion fails with error; file remains in list after delete; 'asset in use' warning shown for unused asset; 500 on delete","none — file deleted as part of test intent","VCST-4932","Draft"
"CMS-131","Admin Asset Library — delete asset USED by Page Builder page shows reference warning","Asset Library Admin","Critical",,,"Admin logged in; Asset Library has an asset confirmed used on at least one published Page Builder page (reference count >= 1 in details panel). SETUP if no referenced asset exists in the seed: open a draft page in the Designer, place an Asset Library image via the picker, and Save/Publish to create the reference, then return to the Asset Library workspace","storeId=@td(STORE_PRIMARY.id)","[NAV] Navigate to Admin Asset Library workspace for @td(STORE_PRIMARY.id)
[WAIT] Workspace loads
[ACT] Click on the asset used by a Page Builder page; open details panel
[ASSERT] Details panel shows reference count >= 1 and lists the Page Builder page(s) using the asset
[ACT] Click 'Delete' (or equivalent action) on the used asset
[WAIT] System response — delete action triggers
[ASSERT] System surfaces a warning/confirmation indicating the asset is in use: either (a) a blocking dialog listing the pages that use it, OR (b) a warning message in the delete confirmation asking the user to confirm deletion of a referenced asset
[ASSERT] Deletion does NOT proceed silently without this warning — user must consciously confirm
[ACT] Cancel the deletion (click Cancel or dismiss)
[ASSERT] Asset remains in the folder list after cancellation","[DOM] delete confirmation/warning shown when asset has references; [DOM] warning message lists the referencing pages (name and/or count); [DOM] asset NOT deleted on dismiss/Cancel; [DOM] asset remains in folder after cancellation","[CONSOLE] no JS errors during delete initiation; [NETWORK] reference check request precedes delete (2xx)","Asset deleted silently with no warning (references not checked); delete proceeds immediately without confirmation; warning shown but no page details; cancellation fails (asset deleted anyway)","none — test verifies the warning and cancels","VCST-4932","Draft"
"CMS-132","Asset Library Picker — file control (non-image) selection via Asset Library","Asset Library Picker","High",,,"Admin logged in; page has a block with a file-type control (e.g. PDF download block or file attachment field); at least one non-image file (e.g. .pdf) exists in Asset Library","storeId=@td(STORE_PRIMARY.id)","[NAV] Open designer; navigate to a section with a file-type control (not image-type); click 'Choose from Asset Library' on the file field
[WAIT] Asset Library picker dialog opens
[ASSERT] Dialog is NOT restricted to image files only — non-image files (e.g. .pdf, .zip) are visible
[ACT] Navigate to a folder containing a .pdf or other document file
[ACT] Click the file to select it; click 'Select'
[WAIT] Dialog closes; file reference applied to control
[ASSERT] File control shows the selected file name or a preview indicator
[ACT] Click Save","[DOM] file-type control opens Asset Library dialog; [DOM] non-image files visible in dialog for file control (not filtered to images only); [FORM] selected non-image file applied to file control after Select; [TOAST] Save completes","[CONSOLE] no JS errors; [NETWORK] no 4xx/5xx","Dialog for file control filters to images only (incorrect for file type); non-image files not selectable; file control field empty after Select; Save fails","none","VCST-4932","Draft"
"CMS-133","Asset Library Picker — console clean and no 4xx/5xx during core flow","Asset Library Picker","High",,,"Admin logged in; designer open with a page that has an image control; store Asset Library has at least one image","storeId=@td(STORE_PRIMARY.id)","[NAV] Open designer; open a section with an image control
[ACT] Open DevTools Console and Network tab (clear both before starting)
[ACT] Click 'Choose from Asset Library'
[WAIT] Dialog opens
[ACT] Navigate into a folder
[ACT] Type a search query; clear search
[ACT] Select an image asset and click 'Select'
[WAIT] Dialog closes and image applied
[ACT] Click Save
[WAIT] Save confirmation","[DOM] dialog opened, folder navigated, search executed, asset selected, and save completed without interruption; [DOM] no error toasts or modal error dialogs shown during the flow","[CONSOLE] zero JS errors (TypeError, ReferenceError, Unhandled rejection) from dialog open through to save; [NETWORK] zero 4xx/5xx responses on all asset-related requests (listing, search, select, save)","Any JS error in console during flow; any 4xx/5xx in network during open/search/select/save; error toast shown at any step","none","VCST-4932","Draft"
"CMS-134","Asset Library Picker — missing or invalid store context shows clear error","Asset Library Picker","High","","ECL-2.1","Admin logged in; attempt to open Page Builder without a valid storeId (e.g. navigate to designer URL without storeId param or with an invalid storeId)","${BACK_URL}/apps/page-builder-shell/?storeId=INVALID-STORE-ID-9999","[NAV] Navigate to ${BACK_URL}/apps/page-builder-shell/?storeId=INVALID-STORE-ID-9999
[WAIT] Page attempts to load
[ASSERT] System shows a clear error message (e.g. 'Store not found', 'Invalid store', or a recognizable error state) — NOT a blank/frozen page
[ACT] Attempt to open Asset Library picker (click 'Choose from Asset Library' if accessible)
[ASSERT] Any attempt to open Asset Library also shows a clear error, not a silent failure or infinite spinner","[DOM] clear error message shown for invalid store context; [DOM] no blank/frozen/unresponsive UI state; [DOM] any Asset Library action also surfaces the error clearly; [CONSOLE] error logged for invalid store (acceptable — expected failure path)","[NETWORK] API request for invalid store returns 4xx (expected); [CONSOLE] error for invalid store context is acceptable here (it IS the expected failure)","Blank page with no error message; infinite spinner; crash (unhandled exception); arbitrary data loaded for wrong store","none","VCST-4932","Draft"
